run_id,policy,predictor,capacity,ab_tail,c_tail,queries,query_count,cohort_flow,task_flow_sum,cohort_service,curve,last_service,moves,tasks,audited_decisions,active_input_terms,audited_candidates,index,condition,regime
w0-alternating_next_slow-b0-frozen_nominal-nominal_completion_pair_window6,nominal_completion_pair_window6,frozen_nominal,0,0,0,[],0,24,36,"{""D1-task1"":8,""D2-task1"":8,""D3-task1"":8}","[3,3,6,6,9,9,9,9,9]",12,9,9,2,0,2,0,w0-alternating_next_slow-b0,0
w0-alternating_next_slow-b0-frozen_nominal-current_cohort_flow_pair,current_cohort_flow_pair,frozen_nominal,0,0,0,[],0,24,36,"{""D1-task1"":8,""D2-task1"":8,""D3-task1"":8}","[3,3,6,6,9,9,9,9,9]",12,9,9,2,0,2,0,w0-alternating_next_slow-b0,0
w0-alternating_next_slow-b0-seasonal_lag2-nominal_completion_pair_window6,nominal_completion_pair_window6,seasonal_lag2,0,0,0,[],0,24,36,"{""D1-task1"":8,""D2-task1"":8,""D3-task1"":8}","[3,3,6,6,9,9,9,9,9]",12,9,9,2,0,2,0,w0-alternating_next_slow-b0,0
w0-alternating_next_slow-b0-seasonal_lag2-current_cohort_flow_pair,current_cohort_flow_pair,seasonal_lag2,0,0,0,[],0,24,36,"{""D1-task1"":8,""D2-task1"":8,""D3-task1"":8}","[3,3,6,6,9,9,9,9,9]",12,9,9,2,0,2,0,w0-alternating_next_slow-b0,0
w0-alternating_next_slow-b0-historical_AR1_OLS-nominal_completion_pair_window6,nominal_completion_pair_window6,historical_AR1_OLS,0,0,0,[],0,24,36,"{""D1-task1"":8,""D2-task1"":8,""D3-task1"":8}","[3,3,6,6,9,9,9,9,9]",12,9,9,2,0,2,0,w0-alternating_next_slow-b0,0
w0-alternating_next_slow-b0-historical_AR1_OLS-current_cohort_flow_pair,current_cohort_flow_pair,historical_AR1_OLS,0,0,0,[],0,24,36,"{""D1-task1"":8,""D2-task1"":8,""D3-task1"":8}","[3,3,6,6,9,9,9,9,9]",12,9,9,2,0,2,0,w0-alternating_next_slow-b0,0
w0-alternating_next_slow-b0-unit_admission_pair,unit_admission_pair,unit_admission_pair,0,0,0,[],0,24,36,"{""D1-task1"":8,""D2-task1"":8,""D3-task1"":8}","[3,3,6,6,9,9,9,9,9]",12,9,9,0,0,0,0,w0-alternating_next_slow-b0,0
w0-alternating_next_slow-b0-original_rr,original_rr,original_rr,0,0,0,[],0,24,36,"{""D1-task1"":8,""D2-task1"":8,""D3-task1"":8}","[3,3,6,6,9,9,9,9,9]",12,9,9,0,0,0,0,w0-alternating_next_slow-b0,0
w0-alternating_next_slow-b1-frozen_nominal-nominal_completion_pair_window6,nominal_completion_pair_window6,frozen_nominal,1,0,0,[],0,24,36,"{""D1-task1"":8,""D2-task1"":8,""D3-task1"":8}","[3,3,6,6,9,9,9,9,9]",12,9,9,2,0,11,1,w0-alternating_next_slow-b1,0
w0-alternating_next_slow-b1-frozen_nominal-current_cohort_flow_pair,current_cohort_flow_pair,frozen_nominal,1,0,0,[],0,24,36,"{""D1-task1"":8,""D2-task1"":8,""D3-task1"":8}","[3,3,6,6,9,9,9,9,9]",12,9,9,2,0,11,1,w0-alternating_next_slow-b1,0
w0-alternating_next_slow-b1-seasonal_lag2-nominal_completion_pair_window6,nominal_completion_pair_window6,seasonal_lag2,1,0,0,[],0,24,36,"{""D1-task1"":8,""D2-task1"":8,""D3-task1"":8}","[3,3,6,6,9,9,9,9,9]",12,9,9,2,0,11,1,w0-alternating_next_slow-b1,0
w0-alternating_next_slow-b1-seasonal_lag2-current_cohort_flow_pair,current_cohort_flow_pair,seasonal_lag2,1,0,0,[],0,24,36,"{""D1-task1"":8,""D2-task1"":8,""D3-task1"":8}","[3,3,6,6,9,9,9,9,9]",12,9,9,2,0,11,1,w0-alternating_next_slow-b1,0
w0-alternating_next_slow-b1-historical_AR1_OLS-nominal_completion_pair_window6,nominal_completion_pair_window6,historical_AR1_OLS,1,0,0,[],0,24,36,"{""D1-task1"":8,""D2-task1"":8,""D3-task1"":8}","[3,3,6,6,9,9,9,9,9]",12,9,9,2,0,11,1,w0-alternating_next_slow-b1,0
w0-alternating_next_slow-b1-historical_AR1_OLS-current_cohort_flow_pair,current_cohort_flow_pair,historical_AR1_OLS,1,0,0,[],0,24,36,"{""D1-task1"":8,""D2-task1"":8,""D3-task1"":8}","[3,3,6,6,9,9,9,9,9]",12,9,9,2,0,11,1,w0-alternating_next_slow-b1,0
w0-alternating_next_slow-b1-unit_admission_pair,unit_admission_pair,unit_admission_pair,1,0,0,"[""C""]",1,24,36,"{""D1-task1"":8,""D2-task1"":8,""D3-task1"":8}","[3,3,6,6,9,9,9,9,9]",12,9,9,0,0,0,1,w0-alternating_next_slow-b1,0
w0-alternating_next_slow-b1-original_rr,original_rr,original_rr,1,0,0,"[""A""]",1,24,36,"{""D1-task1"":8,""D2-task1"":8,""D3-task1"":8}","[3,3,6,6,9,9,9,9,9]",12,9,9,0,0,0,1,w0-alternating_next_slow-b1,0
w0-alternating_next_slow-b2-frozen_nominal-nominal_completion_pair_window6,nominal_completion_pair_window6,frozen_nominal,2,0,0,[],0,24,36,"{""D1-task1"":8,""D2-task1"":8,""D3-task1"":8}","[3,3,6,6,9,9,9,9,9]",12,9,9,2,0,17,2,w0-alternating_next_slow-b2,0
w0-alternating_next_slow-b2-frozen_nominal-current_cohort_flow_pair,current_cohort_flow_pair,frozen_nominal,2,0,0,[],0,24,36,"{""D1-task1"":8,""D2-task1"":8,""D3-task1"":8}","[3,3,6,6,9,9,9,9,9]",12,9,9,2,0,17,2,w0-alternating_next_slow-b2,0
w0-alternating_next_slow-b2-seasonal_lag2-nominal_completion_pair_window6,nominal_completion_pair_window6,seasonal_lag2,2,0,0,[],0,24,36,"{""D1-task1"":8,""D2-task1"":8,""D3-task1"":8}","[3,3,6,6,9,9,9,9,9]",12,9,9,2,0,17,2,w0-alternating_next_slow-b2,0
w0-alternating_next_slow-b2-seasonal_lag2-current_cohort_flow_pair,current_cohort_flow_pair,seasonal_lag2,2,0,0,[],0,24,36,"{""D1-task1"":8,""D2-task1"":8,""D3-task1"":8}","[3,3,6,6,9,9,9,9,9]",12,9,9,2,0,17,2,w0-alternating_next_slow-b2,0
w0-alternating_next_slow-b2-historical_AR1_OLS-nominal_completion_pair_window6,nominal_completion_pair_window6,historical_AR1_OLS,2,0,0,[],0,24,36,"{""D1-task1"":8,""D2-task1"":8,""D3-task1"":8}","[3,3,6,6,9,9,9,9,9]",12,9,9,2,0,17,2,w0-alternating_next_slow-b2,0
w0-alternating_next_slow-b2-historical_AR1_OLS-current_cohort_flow_pair,current_cohort_flow_pair,historical_AR1_OLS,2,0,0,[],0,24,36,"{""D1-task1"":8,""D2-task1"":8,""D3-task1"":8}","[3,3,6,6,9,9,9,9,9]",12,9,9,2,0,17,2,w0-alternating_next_slow-b2,0
w0-alternating_next_slow-b2-unit_admission_pair,unit_admission_pair,unit_admission_pair,2,0,0,"[""A"",""B""]",2,24,36,"{""D1-task1"":8,""D2-task1"":8,""D3-task1"":8}","[3,3,6,6,9,9,9,9,9]",12,9,9,0,0,0,2,w0-alternating_next_slow-b2,0
w0-alternating_next_slow-b2-original_rr,original_rr,original_rr,2,0,0,"[""A"",""B""]",2,24,36,"{""D1-task1"":8,""D2-task1"":8,""D3-task1"":8}","[3,3,6,6,9,9,9,9,9]",12,9,9,0,0,0,2,w0-alternating_next_slow-b2,0
w0-alternating_next_fast-b0-frozen_nominal-nominal_completion_pair_window6,nominal_completion_pair_window6,frozen_nominal,0,0,0,[],0,24,36,"{""D1-task1"":8,""D2-task1"":8,""D3-task1"":8}","[3,3,6,6,9,9,9,9,9]",12,9,9,2,0,2,3,w0-alternating_next_fast-b0,1
w0-alternating_next_fast-b0-frozen_nominal-current_cohort_flow_pair,current_cohort_flow_pair,frozen_nominal,0,0,0,[],0,24,36,"{""D1-task1"":8,""D2-task1"":8,""D3-task1"":8}","[3,3,6,6,9,9,9,9,9]",12,9,9,2,0,2,3,w0-alternating_next_fast-b0,1
w0-alternating_next_fast-b0-seasonal_lag2-nominal_completion_pair_window6,nominal_completion_pair_window6,seasonal_lag2,0,0,0,[],0,24,36,"{""D1-task1"":8,""D2-task1"":8,""D3-task1"":8}","[3,3,6,6,9,9,9,9,9]",12,9,9,2,0,2,3,w0-alternating_next_fast-b0,1
w0-alternating_next_fast-b0-seasonal_lag2-current_cohort_flow_pair,current_cohort_flow_pair,seasonal_lag2,0,0,0,[],0,24,36,"{""D1-task1"":8,""D2-task1"":8,""D3-task1"":8}","[3,3,6,6,9,9,9,9,9]",12,9,9,2,0,2,3,w0-alternating_next_fast-b0,1
w0-alternating_next_fast-b0-historical_AR1_OLS-nominal_completion_pair_window6,nominal_completion_pair_window6,historical_AR1_OLS,0,0,0,[],0,24,36,"{""D1-task1"":8,""D2-task1"":8,""D3-task1"":8}","[3,3,6,6,9,9,9,9,9]",12,9,9,2,0,2,3,w0-alternating_next_fast-b0,1
w0-alternating_next_fast-b0-historical_AR1_OLS-current_cohort_flow_pair,current_cohort_flow_pair,historical_AR1_OLS,0,0,0,[],0,24,36,"{""D1-task1"":8,""D2-task1"":8,""D3-task1"":8}","[3,3,6,6,9,9,9,9,9]",12,9,9,2,0,2,3,w0-alternating_next_fast-b0,1
w0-alternating_next_fast-b0-unit_admission_pair,unit_admission_pair,unit_admission_pair,0,0,0,[],0,24,36,"{""D1-task1"":8,""D2-task1"":8,""D3-task1"":8}","[3,3,6,6,9,9,9,9,9]",12,9,9,0,0,0,3,w0-alternating_next_fast-b0,1
w0-alternating_next_fast-b0-original_rr,original_rr,original_rr,0,0,0,[],0,24,36,"{""D1-task1"":8,""D2-task1"":8,""D3-task1"":8}","[3,3,6,6,9,9,9,9,9]",12,9,9,0,0,0,3,w0-alternating_next_fast-b0,1
w0-alternating_next_fast-b1-frozen_nominal-nominal_completion_pair_window6,nominal_completion_pair_window6,frozen_nominal,1,0,0,[],0,24,36,"{""D1-task1"":8,""D2-task1"":8,""D3-task1"":8}","[3,3,6,6,9,9,9,9,9]",12,9,9,2,0,11,4,w0-alternating_next_fast-b1,1
w0-alternating_next_fast-b1-frozen_nominal-current_cohort_flow_pair,current_cohort_flow_pair,frozen_nominal,1,0,0,[],0,24,36,"{""D1-task1"":8,""D2-task1"":8,""D3-task1"":8}","[3,3,6,6,9,9,9,9,9]",12,9,9,2,0,11,4,w0-alternating_next_fast-b1,1
w0-alternating_next_fast-b1-seasonal_lag2-nominal_completion_pair_window6,nominal_completion_pair_window6,seasonal_lag2,1,0,0,[],0,24,36,"{""D1-task1"":8,""D2-task1"":8,""D3-task1"":8}","[3,3,6,6,9,9,9,9,9]",12,9,9,2,0,11,4,w0-alternating_next_fast-b1,1
w0-alternating_next_fast-b1-seasonal_lag2-current_cohort_flow_pair,current_cohort_flow_pair,seasonal_lag2,1,0,0,[],0,24,36,"{""D1-task1"":8,""D2-task1"":8,""D3-task1"":8}","[3,3,6,6,9,9,9,9,9]",12,9,9,2,0,11,4,w0-alternating_next_fast-b1,1
w0-alternating_next_fast-b1-historical_AR1_OLS-nominal_completion_pair_window6,nominal_completion_pair_window6,historical_AR1_OLS,1,0,0,[],0,24,36,"{""D1-task1"":8,""D2-task1"":8,""D3-task1"":8}","[3,3,6,6,9,9,9,9,9]",12,9,9,2,0,11,4,w0-alternating_next_fast-b1,1
w0-alternating_next_fast-b1-historical_AR1_OLS-current_cohort_flow_pair,current_cohort_flow_pair,historical_AR1_OLS,1,0,0,[],0,24,36,"{""D1-task1"":8,""D2-task1"":8,""D3-task1"":8}","[3,3,6,6,9,9,9,9,9]",12,9,9,2,0,11,4,w0-alternating_next_fast-b1,1
w0-alternating_next_fast-b1-unit_admission_pair,unit_admission_pair,unit_admission_pair,1,0,0,"[""C""]",1,24,36,"{""D1-task1"":8,""D2-task1"":8,""D3-task1"":8}","[3,3,6,6,9,9,9,9,9]",12,9,9,0,0,0,4,w0-alternating_next_fast-b1,1
w0-alternating_next_fast-b1-original_rr,original_rr,original_rr,1,0,0,"[""A""]",1,24,36,"{""D1-task1"":8,""D2-task1"":8,""D3-task1"":8}","[3,3,6,6,9,9,9,9,9]",12,9,9,0,0,0,4,w0-alternating_next_fast-b1,1
w0-alternating_next_fast-b2-frozen_nominal-nominal_completion_pair_window6,nominal_completion_pair_window6,frozen_nominal,2,0,0,[],0,24,36,"{""D1-task1"":8,""D2-task1"":8,""D3-task1"":8}","[3,3,6,6,9,9,9,9,9]",12,9,9,2,0,17,5,w0-alternating_next_fast-b2,1
w0-alternating_next_fast-b2-frozen_nominal-current_cohort_flow_pair,current_cohort_flow_pair,frozen_nominal,2,0,0,[],0,24,36,"{""D1-task1"":8,""D2-task1"":8,""D3-task1"":8}","[3,3,6,6,9,9,9,9,9]",12,9,9,2,0,17,5,w0-alternating_next_fast-b2,1
w0-alternating_next_fast-b2-seasonal_lag2-nominal_completion_pair_window6,nominal_completion_pair_window6,seasonal_lag2,2,0,0,[],0,24,36,"{""D1-task1"":8,""D2-task1"":8,""D3-task1"":8}","[3,3,6,6,9,9,9,9,9]",12,9,9,2,0,17,5,w0-alternating_next_fast-b2,1
w0-alternating_next_fast-b2-seasonal_lag2-current_cohort_flow_pair,current_cohort_flow_pair,seasonal_lag2,2,0,0,[],0,24,36,"{""D1-task1"":8,""D2-task1"":8,""D3-task1"":8}","[3,3,6,6,9,9,9,9,9]",12,9,9,2,0,17,5,w0-alternating_next_fast-b2,1
w0-alternating_next_fast-b2-historical_AR1_OLS-nominal_completion_pair_window6,nominal_completion_pair_window6,historical_AR1_OLS,2,0,0,[],0,24,36,"{""D1-task1"":8,""D2-task1"":8,""D3-task1"":8}","[3,3,6,6,9,9,9,9,9]",12,9,9,2,0,17,5,w0-alternating_next_fast-b2,1
w0-alternating_next_fast-b2-historical_AR1_OLS-current_cohort_flow_pair,current_cohort_flow_pair,historical_AR1_OLS,2,0,0,[],0,24,36,"{""D1-task1"":8,""D2-task1"":8,""D3-task1"":8}","[3,3,6,6,9,9,9,9,9]",12,9,9,2,0,17,5,w0-alternating_next_fast-b2,1
w0-alternating_next_fast-b2-unit_admission_pair,unit_admission_pair,unit_admission_pair,2,0,0,"[""A"",""B""]",2,24,36,"{""D1-task1"":8,""D2-task1"":8,""D3-task1"":8}","[3,3,6,6,9,9,9,9,9]",12,9,9,0,0,0,5,w0-alternating_next_fast-b2,1
w0-alternating_next_fast-b2-original_rr,original_rr,original_rr,2,0,0,"[""A"",""B""]",2,24,36,"{""D1-task1"":8,""D2-task1"":8,""D3-task1"":8}","[3,3,6,6,9,9,9,9,9]",12,9,9,0,0,0,5,w0-alternating_next_fast-b2,1
w0-stable_fast-b0-frozen_nominal-nominal_completion_pair_window6,nominal_completion_pair_window6,frozen_nominal,0,0,0,[],0,24,36,"{""D1-task1"":8,""D2-task1"":8,""D3-task1"":8}","[3,3,6,6,9,9,9,9,9]",12,9,9,2,0,2,6,w0-stable_fast-b0,2
w0-stable_fast-b0-frozen_nominal-current_cohort_flow_pair,current_cohort_flow_pair,frozen_nominal,0,0,0,[],0,24,36,"{""D1-task1"":8,""D2-task1"":8,""D3-task1"":8}","[3,3,6,6,9,9,9,9,9]",12,9,9,2,0,2,6,w0-stable_fast-b0,2
w0-stable_fast-b0-seasonal_lag2-nominal_completion_pair_window6,nominal_completion_pair_window6,seasonal_lag2,0,0,0,[],0,24,36,"{""D1-task1"":8,""D2-task1"":8,""D3-task1"":8}","[3,3,6,6,9,9,9,9,9]",12,9,9,2,0,2,6,w0-stable_fast-b0,2
w0-stable_fast-b0-seasonal_lag2-current_cohort_flow_pair,current_cohort_flow_pair,seasonal_lag2,0,0,0,[],0,24,36,"{""D1-task1"":8,""D2-task1"":8,""D3-task1"":8}","[3,3,6,6,9,9,9,9,9]",12,9,9,2,0,2,6,w0-stable_fast-b0,2
w0-stable_fast-b0-historical_AR1_OLS-nominal_completion_pair_window6,nominal_completion_pair_window6,historical_AR1_OLS,0,0,0,[],0,24,36,"{""D1-task1"":8,""D2-task1"":8,""D3-task1"":8}","[3,3,6,6,9,9,9,9,9]",12,9,9,2,0,2,6,w0-stable_fast-b0,2
w0-stable_fast-b0-historical_AR1_OLS-current_cohort_flow_pair,current_cohort_flow_pair,historical_AR1_OLS,0,0,0,[],0,24,36,"{""D1-task1"":8,""D2-task1"":8,""D3-task1"":8}","[3,3,6,6,9,9,9,9,9]",12,9,9,2,0,2,6,w0-stable_fast-b0,2
w0-stable_fast-b0-unit_admission_pair,unit_admission_pair,unit_admission_pair,0,0,0,[],0,24,36,"{""D1-task1"":8,""D2-task1"":8,""D3-task1"":8}","[3,3,6,6,9,9,9,9,9]",12,9,9,0,0,0,6,w0-stable_fast-b0,2
w0-stable_fast-b0-original_rr,original_rr,original_rr,0,0,0,[],0,24,36,"{""D1-task1"":8,""D2-task1"":8,""D3-task1"":8}","[3,3,6,6,9,9,9,9,9]",12,9,9,0,0,0,6,w0-stable_fast-b0,2
w0-stable_fast-b1-frozen_nominal-nominal_completion_pair_window6,nominal_completion_pair_window6,frozen_nominal,1,0,0,[],0,24,36,"{""D1-task1"":8,""D2-task1"":8,""D3-task1"":8}","[3,3,6,6,9,9,9,9,9]",12,9,9,2,0,11,7,w0-stable_fast-b1,2
w0-stable_fast-b1-frozen_nominal-current_cohort_flow_pair,current_cohort_flow_pair,frozen_nominal,1,0,0,[],0,24,36,"{""D1-task1"":8,""D2-task1"":8,""D3-task1"":8}","[3,3,6,6,9,9,9,9,9]",12,9,9,2,0,11,7,w0-stable_fast-b1,2
w0-stable_fast-b1-seasonal_lag2-nominal_completion_pair_window6,nominal_completion_pair_window6,seasonal_lag2,1,0,0,[],0,24,36,"{""D1-task1"":8,""D2-task1"":8,""D3-task1"":8}","[3,3,6,6,9,9,9,9,9]",12,9,9,2,0,11,7,w0-stable_fast-b1,2
w0-stable_fast-b1-seasonal_lag2-current_cohort_flow_pair,current_cohort_flow_pair,seasonal_lag2,1,0,0,[],0,24,36,"{""D1-task1"":8,""D2-task1"":8,""D3-task1"":8}","[3,3,6,6,9,9,9,9,9]",12,9,9,2,0,11,7,w0-stable_fast-b1,2
w0-stable_fast-b1-historical_AR1_OLS-nominal_completion_pair_window6,nominal_completion_pair_window6,historical_AR1_OLS,1,0,0,[],0,24,36,"{""D1-task1"":8,""D2-task1"":8,""D3-task1"":8}","[3,3,6,6,9,9,9,9,9]",12,9,9,2,0,11,7,w0-stable_fast-b1,2
w0-stable_fast-b1-historical_AR1_OLS-current_cohort_flow_pair,current_cohort_flow_pair,historical_AR1_OLS,1,0,0,[],0,24,36,"{""D1-task1"":8,""D2-task1"":8,""D3-task1"":8}","[3,3,6,6,9,9,9,9,9]",12,9,9,2,0,11,7,w0-stable_fast-b1,2
w0-stable_fast-b1-unit_admission_pair,unit_admission_pair,unit_admission_pair,1,0,0,"[""C""]",1,24,36,"{""D1-task1"":8,""D2-task1"":8,""D3-task1"":8}","[3,3,6,6,9,9,9,9,9]",12,9,9,0,0,0,7,w0-stable_fast-b1,2
w0-stable_fast-b1-original_rr,original_rr,original_rr,1,0,0,"[""A""]",1,24,36,"{""D1-task1"":8,""D2-task1"":8,""D3-task1"":8}","[3,3,6,6,9,9,9,9,9]",12,9,9,0,0,0,7,w0-stable_fast-b1,2
w0-stable_fast-b2-frozen_nominal-nominal_completion_pair_window6,nominal_completion_pair_window6,frozen_nominal,2,0,0,[],0,24,36,"{""D1-task1"":8,""D2-task1"":8,""D3-task1"":8}","[3,3,6,6,9,9,9,9,9]",12,9,9,2,0,17,8,w0-stable_fast-b2,2
w0-stable_fast-b2-frozen_nominal-current_cohort_flow_pair,current_cohort_flow_pair,frozen_nominal,2,0,0,[],0,24,36,"{""D1-task1"":8,""D2-task1"":8,""D3-task1"":8}","[3,3,6,6,9,9,9,9,9]",12,9,9,2,0,17,8,w0-stable_fast-b2,2
w0-stable_fast-b2-seasonal_lag2-nominal_completion_pair_window6,nominal_completion_pair_window6,seasonal_lag2,2,0,0,[],0,24,36,"{""D1-task1"":8,""D2-task1"":8,""D3-task1"":8}","[3,3,6,6,9,9,9,9,9]",12,9,9,2,0,17,8,w0-stable_fast-b2,2
w0-stable_fast-b2-seasonal_lag2-current_cohort_flow_pair,current_cohort_flow_pair,seasonal_lag2,2,0,0,[],0,24,36,"{""D1-task1"":8,""D2-task1"":8,""D3-task1"":8}","[3,3,6,6,9,9,9,9,9]",12,9,9,2,0,17,8,w0-stable_fast-b2,2
w0-stable_fast-b2-historical_AR1_OLS-nominal_completion_pair_window6,nominal_completion_pair_window6,historical_AR1_OLS,2,0,0,[],0,24,36,"{""D1-task1"":8,""D2-task1"":8,""D3-task1"":8}","[3,3,6,6,9,9,9,9,9]",12,9,9,2,0,17,8,w0-stable_fast-b2,2
w0-stable_fast-b2-historical_AR1_OLS-current_cohort_flow_pair,current_cohort_flow_pair,historical_AR1_OLS,2,0,0,[],0,24,36,"{""D1-task1"":8,""D2-task1"":8,""D3-task1"":8}","[3,3,6,6,9,9,9,9,9]",12,9,9,2,0,17,8,w0-stable_fast-b2,2
w0-stable_fast-b2-unit_admission_pair,unit_admission_pair,unit_admission_pair,2,0,0,"[""A"",""B""]",2,24,36,"{""D1-task1"":8,""D2-task1"":8,""D3-task1"":8}","[3,3,6,6,9,9,9,9,9]",12,9,9,0,0,0,8,w0-stable_fast-b2,2
w0-stable_fast-b2-original_rr,original_rr,original_rr,2,0,0,"[""A"",""B""]",2,24,36,"{""D1-task1"":8,""D2-task1"":8,""D3-task1"":8}","[3,3,6,6,9,9,9,9,9]",12,9,9,0,0,0,8,w0-stable_fast-b2,2
w0-unpredictable_slow_shock-b0-frozen_nominal-nominal_completion_pair_window6,nominal_completion_pair_window6,frozen_nominal,0,0,0,[],0,24,36,"{""D1-task1"":8,""D2-task1"":8,""D3-task1"":8}","[3,3,6,6,9,9,9,9,9]",12,9,9,2,0,2,9,w0-unpredictable_slow_shock-b0,3
w0-unpredictable_slow_shock-b0-frozen_nominal-current_cohort_flow_pair,current_cohort_flow_pair,frozen_nominal,0,0,0,[],0,24,36,"{""D1-task1"":8,""D2-task1"":8,""D3-task1"":8}","[3,3,6,6,9,9,9,9,9]",12,9,9,2,0,2,9,w0-unpredictable_slow_shock-b0,3
w0-unpredictable_slow_shock-b0-seasonal_lag2-nominal_completion_pair_window6,nominal_completion_pair_window6,seasonal_lag2,0,0,0,[],0,24,36,"{""D1-task1"":8,""D2-task1"":8,""D3-task1"":8}","[3,3,6,6,9,9,9,9,9]",12,9,9,2,0,2,9,w0-unpredictable_slow_shock-b0,3
w0-unpredictable_slow_shock-b0-seasonal_lag2-current_cohort_flow_pair,current_cohort_flow_pair,seasonal_lag2,0,0,0,[],0,24,36,"{""D1-task1"":8,""D2-task1"":8,""D3-task1"":8}","[3,3,6,6,9,9,9,9,9]",12,9,9,2,0,2,9,w0-unpredictable_slow_shock-b0,3
w0-unpredictable_slow_shock-b0-historical_AR1_OLS-nominal_completion_pair_window6,nominal_completion_pair_window6,historical_AR1_OLS,0,0,0,[],0,24,36,"{""D1-task1"":8,""D2-task1"":8,""D3-task1"":8}","[3,3,6,6,9,9,9,9,9]",12,9,9,2,0,2,9,w0-unpredictable_slow_shock-b0,3
w0-unpredictable_slow_shock-b0-historical_AR1_OLS-current_cohort_flow_pair,current_cohort_flow_pair,historical_AR1_OLS,0,0,0,[],0,24,36,"{""D1-task1"":8,""D2-task1"":8,""D3-task1"":8}","[3,3,6,6,9,9,9,9,9]",12,9,9,2,0,2,9,w0-unpredictable_slow_shock-b0,3
w0-unpredictable_slow_shock-b0-unit_admission_pair,unit_admission_pair,unit_admission_pair,0,0,0,[],0,24,36,"{""D1-task1"":8,""D2-task1"":8,""D3-task1"":8}","[3,3,6,6,9,9,9,9,9]",12,9,9,0,0,0,9,w0-unpredictable_slow_shock-b0,3
w0-unpredictable_slow_shock-b0-original_rr,original_rr,original_rr,0,0,0,[],0,24,36,"{""D1-task1"":8,""D2-task1"":8,""D3-task1"":8}","[3,3,6,6,9,9,9,9,9]",12,9,9,0,0,0,9,w0-unpredictable_slow_shock-b0,3
w0-unpredictable_slow_shock-b1-frozen_nominal-nominal_completion_pair_window6,nominal_completion_pair_window6,frozen_nominal,1,0,0,[],0,24,36,"{""D1-task1"":8,""D2-task1"":8,""D3-task1"":8}","[3,3,6,6,9,9,9,9,9]",12,9,9,2,0,11,10,w0-unpredictable_slow_shock-b1,3
w0-unpredictable_slow_shock-b1-frozen_nominal-current_cohort_flow_pair,current_cohort_flow_pair,frozen_nominal,1,0,0,[],0,24,36,"{""D1-task1"":8,""D2-task1"":8,""D3-task1"":8}","[3,3,6,6,9,9,9,9,9]",12,9,9,2,0,11,10,w0-unpredictable_slow_shock-b1,3
w0-unpredictable_slow_shock-b1-seasonal_lag2-nominal_completion_pair_window6,nominal_completion_pair_window6,seasonal_lag2,1,0,0,[],0,24,36,"{""D1-task1"":8,""D2-task1"":8,""D3-task1"":8}","[3,3,6,6,9,9,9,9,9]",12,9,9,2,0,11,10,w0-unpredictable_slow_shock-b1,3
w0-unpredictable_slow_shock-b1-seasonal_lag2-current_cohort_flow_pair,current_cohort_flow_pair,seasonal_lag2,1,0,0,[],0,24,36,"{""D1-task1"":8,""D2-task1"":8,""D3-task1"":8}","[3,3,6,6,9,9,9,9,9]",12,9,9,2,0,11,10,w0-unpredictable_slow_shock-b1,3
w0-unpredictable_slow_shock-b1-historical_AR1_OLS-nominal_completion_pair_window6,nominal_completion_pair_window6,historical_AR1_OLS,1,0,0,[],0,24,36,"{""D1-task1"":8,""D2-task1"":8,""D3-task1"":8}","[3,3,6,6,9,9,9,9,9]",12,9,9,2,0,11,10,w0-unpredictable_slow_shock-b1,3
w0-unpredictable_slow_shock-b1-historical_AR1_OLS-current_cohort_flow_pair,current_cohort_flow_pair,historical_AR1_OLS,1,0,0,[],0,24,36,"{""D1-task1"":8,""D2-task1"":8,""D3-task1"":8}","[3,3,6,6,9,9,9,9,9]",12,9,9,2,0,11,10,w0-unpredictable_slow_shock-b1,3
w0-unpredictable_slow_shock-b1-unit_admission_pair,unit_admission_pair,unit_admission_pair,1,0,0,"[""C""]",1,24,36,"{""D1-task1"":8,""D2-task1"":8,""D3-task1"":8}","[3,3,6,6,9,9,9,9,9]",12,9,9,0,0,0,10,w0-unpredictable_slow_shock-b1,3
w0-unpredictable_slow_shock-b1-original_rr,original_rr,original_rr,1,0,0,"[""A""]",1,24,36,"{""D1-task1"":8,""D2-task1"":8,""D3-task1"":8}","[3,3,6,6,9,9,9,9,9]",12,9,9,0,0,0,10,w0-unpredictable_slow_shock-b1,3
w0-unpredictable_slow_shock-b2-frozen_nominal-nominal_completion_pair_window6,nominal_completion_pair_window6,frozen_nominal,2,0,0,[],0,24,36,"{""D1-task1"":8,""D2-task1"":8,""D3-task1"":8}","[3,3,6,6,9,9,9,9,9]",12,9,9,2,0,17,11,w0-unpredictable_slow_shock-b2,3
w0-unpredictable_slow_shock-b2-frozen_nominal-current_cohort_flow_pair,current_cohort_flow_pair,frozen_nominal,2,0,0,[],0,24,36,"{""D1-task1"":8,""D2-task1"":8,""D3-task1"":8}","[3,3,6,6,9,9,9,9,9]",12,9,9,2,0,17,11,w0-unpredictable_slow_shock-b2,3
w0-unpredictable_slow_shock-b2-seasonal_lag2-nominal_completion_pair_window6,nominal_completion_pair_window6,seasonal_lag2,2,0,0,[],0,24,36,"{""D1-task1"":8,""D2-task1"":8,""D3-task1"":8}","[3,3,6,6,9,9,9,9,9]",12,9,9,2,0,17,11,w0-unpredictable_slow_shock-b2,3
w0-unpredictable_slow_shock-b2-seasonal_lag2-current_cohort_flow_pair,current_cohort_flow_pair,seasonal_lag2,2,0,0,[],0,24,36,"{""D1-task1"":8,""D2-task1"":8,""D3-task1"":8}","[3,3,6,6,9,9,9,9,9]",12,9,9,2,0,17,11,w0-unpredictable_slow_shock-b2,3
w0-unpredictable_slow_shock-b2-historical_AR1_OLS-nominal_completion_pair_window6,nominal_completion_pair_window6,historical_AR1_OLS,2,0,0,[],0,24,36,"{""D1-task1"":8,""D2-task1"":8,""D3-task1"":8}","[3,3,6,6,9,9,9,9,9]",12,9,9,2,0,17,11,w0-unpredictable_slow_shock-b2,3
w0-unpredictable_slow_shock-b2-historical_AR1_OLS-current_cohort_flow_pair,current_cohort_flow_pair,historical_AR1_OLS,2,0,0,[],0,24,36,"{""D1-task1"":8,""D2-task1"":8,""D3-task1"":8}","[3,3,6,6,9,9,9,9,9]",12,9,9,2,0,17,11,w0-unpredictable_slow_shock-b2,3
w0-unpredictable_slow_shock-b2-unit_admission_pair,unit_admission_pair,unit_admission_pair,2,0,0,"[""A"",""B""]",2,24,36,"{""D1-task1"":8,""D2-task1"":8,""D3-task1"":8}","[3,3,6,6,9,9,9,9,9]",12,9,9,0,0,0,11,w0-unpredictable_slow_shock-b2,3
w0-unpredictable_slow_shock-b2-original_rr,original_rr,original_rr,2,0,0,"[""A"",""B""]",2,24,36,"{""D1-task1"":8,""D2-task1"":8,""D3-task1"":8}","[3,3,6,6,9,9,9,9,9]",12,9,9,0,0,0,11,w0-unpredictable_slow_shock-b2,3
w1-alternating_next_slow-b0-frozen_nominal-nominal_completion_pair_window6,nominal_completion_pair_window6,frozen_nominal,0,0,1,[],0,25,37,"{""D1-task1"":8,""D2-task1"":8,""D3-task1"":9}","[2,3,5,6,8,9,9,9,9]",13,10,9,2,0,2,12,w1-alternating_next_slow-b0,0
w1-alternating_next_slow-b0-frozen_nominal-current_cohort_flow_pair,current_cohort_flow_pair,frozen_nominal,0,0,1,[],0,25,37,"{""D1-task1"":8,""D2-task1"":8,""D3-task1"":9}","[2,3,5,6,8,9,9,9,9]",13,10,9,2,0,2,12,w1-alternating_next_slow-b0,0
w1-alternating_next_slow-b0-seasonal_lag2-nominal_completion_pair_window6,nominal_completion_pair_window6,seasonal_lag2,0,0,1,[],0,25,37,"{""D1-task1"":8,""D2-task1"":8,""D3-task1"":9}","[2,3,5,6,8,9,9,9,9]",13,10,9,2,0,2,12,w1-alternating_next_slow-b0,0
w1-alternating_next_slow-b0-seasonal_lag2-current_cohort_flow_pair,current_cohort_flow_pair,seasonal_lag2,0,0,1,[],0,25,37,"{""D1-task1"":8,""D2-task1"":8,""D3-task1"":9}","[2,3,5,6,8,9,9,9,9]",13,10,9,2,0,2,12,w1-alternating_next_slow-b0,0
w1-alternating_next_slow-b0-historical_AR1_OLS-nominal_completion_pair_window6,nominal_completion_pair_window6,historical_AR1_OLS,0,0,1,[],0,25,37,"{""D1-task1"":8,""D2-task1"":8,""D3-task1"":9}","[2,3,5,6,8,9,9,9,9]",13,10,9,2,0,2,12,w1-alternating_next_slow-b0,0
w1-alternating_next_slow-b0-historical_AR1_OLS-current_cohort_flow_pair,current_cohort_flow_pair,historical_AR1_OLS,0,0,1,[],0,25,37,"{""D1-task1"":8,""D2-task1"":8,""D3-task1"":9}","[2,3,5,6,8,9,9,9,9]",13,10,9,2,0,2,12,w1-alternating_next_slow-b0,0
w1-alternating_next_slow-b0-unit_admission_pair,unit_admission_pair,unit_admission_pair,0,0,1,[],0,25,37,"{""D1-task1"":8,""D2-task1"":8,""D3-task1"":9}","[2,3,5,6,8,9,9,9,9]",13,10,9,0,0,0,12,w1-alternating_next_slow-b0,0
w1-alternating_next_slow-b0-original_rr,original_rr,original_rr,0,0,1,[],0,25,37,"{""D1-task1"":8,""D2-task1"":8,""D3-task1"":9}","[2,3,5,6,8,9,9,9,9]",13,10,9,0,0,0,12,w1-alternating_next_slow-b0,0
w1-alternating_next_slow-b1-frozen_nominal-nominal_completion_pair_window6,nominal_completion_pair_window6,frozen_nominal,1,0,1,"[""C""]",1,24,36,"{""D1-task1"":8,""D2-task1"":8,""D3-task1"":8}","[3,3,6,6,9,9,9,9,9]",12,10,9,2,1,8,13,w1-alternating_next_slow-b1,0
w1-alternating_next_slow-b1-frozen_nominal-current_cohort_flow_pair,current_cohort_flow_pair,frozen_nominal,1,0,1,"[""C""]",1,24,36,"{""D1-task1"":8,""D2-task1"":8,""D3-task1"":8}","[3,3,6,6,9,9,9,9,9]",12,10,9,2,1,8,13,w1-alternating_next_slow-b1,0
w1-alternating_next_slow-b1-seasonal_lag2-nominal_completion_pair_window6,nominal_completion_pair_window6,seasonal_lag2,1,0,1,"[""C""]",1,24,36,"{""D1-task1"":8,""D2-task1"":8,""D3-task1"":8}","[3,3,6,6,9,9,9,9,9]",12,10,9,2,1,8,13,w1-alternating_next_slow-b1,0
w1-alternating_next_slow-b1-seasonal_lag2-current_cohort_flow_pair,current_cohort_flow_pair,seasonal_lag2,1,0,1,"[""C""]",1,24,36,"{""D1-task1"":8,""D2-task1"":8,""D3-task1"":8}","[3,3,6,6,9,9,9,9,9]",12,10,9,2,1,8,13,w1-alternating_next_slow-b1,0
w1-alternating_next_slow-b1-historical_AR1_OLS-nominal_completion_pair_window6,nominal_completion_pair_window6,historical_AR1_OLS,1,0,1,"[""C""]",1,24,36,"{""D1-task1"":8,""D2-task1"":8,""D3-task1"":8}","[3,3,6,6,9,9,9,9,9]",12,10,9,2,1,8,13,w1-alternating_next_slow-b1,0
w1-alternating_next_slow-b1-historical_AR1_OLS-current_cohort_flow_pair,current_cohort_flow_pair,historical_AR1_OLS,1,0,1,"[""C""]",1,24,36,"{""D1-task1"":8,""D2-task1"":8,""D3-task1"":8}","[3,3,6,6,9,9,9,9,9]",12,10,9,2,1,8,13,w1-alternating_next_slow-b1,0
w1-alternating_next_slow-b1-unit_admission_pair,unit_admission_pair,unit_admission_pair,1,0,1,"[""C""]",1,24,36,"{""D1-task1"":8,""D2-task1"":8,""D3-task1"":8}","[3,3,6,6,9,9,9,9,9]",12,10,9,0,0,0,13,w1-alternating_next_slow-b1,0
w1-alternating_next_slow-b1-original_rr,original_rr,original_rr,1,0,1,"[""A""]",1,25,37,"{""D1-task1"":8,""D2-task1"":8,""D3-task1"":9}","[2,3,5,6,8,9,9,9,9]",13,10,9,0,0,0,13,w1-alternating_next_slow-b1,0
w1-alternating_next_slow-b2-frozen_nominal-nominal_completion_pair_window6,nominal_completion_pair_window6,frozen_nominal,2,0,1,"[""C""]",1,24,36,"{""D1-task1"":8,""D2-task1"":8,""D3-task1"":8}","[3,3,6,6,9,9,9,9,9]",12,10,9,2,1,16,14,w1-alternating_next_slow-b2,0
w1-alternating_next_slow-b2-frozen_nominal-current_cohort_flow_pair,current_cohort_flow_pair,frozen_nominal,2,0,1,"[""C""]",1,24,36,"{""D1-task1"":8,""D2-task1"":8,""D3-task1"":8}","[3,3,6,6,9,9,9,9,9]",12,10,9,2,1,16,14,w1-alternating_next_slow-b2,0
w1-alternating_next_slow-b2-seasonal_lag2-nominal_completion_pair_window6,nominal_completion_pair_window6,seasonal_lag2,2,0,1,"[""C""]",1,24,36,"{""D1-task1"":8,""D2-task1"":8,""D3-task1"":8}","[3,3,6,6,9,9,9,9,9]",12,10,9,2,1,16,14,w1-alternating_next_slow-b2,0
w1-alternating_next_slow-b2-seasonal_lag2-current_cohort_flow_pair,current_cohort_flow_pair,seasonal_lag2,2,0,1,"[""C""]",1,24,36,"{""D1-task1"":8,""D2-task1"":8,""D3-task1"":8}","[3,3,6,6,9,9,9,9,9]",12,10,9,2,1,16,14,w1-alternating_next_slow-b2,0
w1-alternating_next_slow-b2-historical_AR1_OLS-nominal_completion_pair_window6,nominal_completion_pair_window6,historical_AR1_OLS,2,0,1,"[""C""]",1,24,36,"{""D1-task1"":8,""D2-task1"":8,""D3-task1"":8}","[3,3,6,6,9,9,9,9,9]",12,10,9,2,1,16,14,w1-alternating_next_slow-b2,0
w1-alternating_next_slow-b2-historical_AR1_OLS-current_cohort_flow_pair,current_cohort_flow_pair,historical_AR1_OLS,2,0,1,"[""C""]",1,24,36,"{""D1-task1"":8,""D2-task1"":8,""D3-task1"":8}","[3,3,6,6,9,9,9,9,9]",12,10,9,2,1,16,14,w1-alternating_next_slow-b2,0
w1-alternating_next_slow-b2-unit_admission_pair,unit_admission_pair,unit_admission_pair,2,0,1,"[""A"",""B""]",2,25,37,"{""D1-task1"":8,""D2-task1"":8,""D3-task1"":9}","[2,3,5,6,8,9,9,9,9]",13,10,9,0,0,0,14,w1-alternating_next_slow-b2,0
w1-alternating_next_slow-b2-original_rr,original_rr,original_rr,2,0,1,"[""A"",""B""]",2,25,37,"{""D1-task1"":8,""D2-task1"":8,""D3-task1"":9}","[2,3,5,6,8,9,9,9,9]",13,10,9,0,0,0,14,w1-alternating_next_slow-b2,0
w1-alternating_next_fast-b0-frozen_nominal-nominal_completion_pair_window6,nominal_completion_pair_window6,frozen_nominal,0,0,1,[],0,24,36,"{""D1-task1"":8,""D2-task1"":8,""D3-task1"":8}","[3,3,6,6,9,9,9,9,9]",12,10,9,2,0,2,15,w1-alternating_next_fast-b0,1
w1-alternating_next_fast-b0-frozen_nominal-current_cohort_flow_pair,current_cohort_flow_pair,frozen_nominal,0,0,1,[],0,24,36,"{""D1-task1"":8,""D2-task1"":8,""D3-task1"":8}","[3,3,6,6,9,9,9,9,9]",12,10,9,2,0,2,15,w1-alternating_next_fast-b0,1
w1-alternating_next_fast-b0-seasonal_lag2-nominal_completion_pair_window6,nominal_completion_pair_window6,seasonal_lag2,0,0,1,[],0,24,36,"{""D1-task1"":8,""D2-task1"":8,""D3-task1"":8}","[3,3,6,6,9,9,9,9,9]",12,10,9,2,0,2,15,w1-alternating_next_fast-b0,1
w1-alternating_next_fast-b0-seasonal_lag2-current_cohort_flow_pair,current_cohort_flow_pair,seasonal_lag2,0,0,1,[],0,24,36,"{""D1-task1"":8,""D2-task1"":8,""D3-task1"":8}","[3,3,6,6,9,9,9,9,9]",12,10,9,2,0,2,15,w1-alternating_next_fast-b0,1
w1-alternating_next_fast-b0-historical_AR1_OLS-nominal_completion_pair_window6,nominal_completion_pair_window6,historical_AR1_OLS,0,0,1,[],0,24,36,"{""D1-task1"":8,""D2-task1"":8,""D3-task1"":8}","[3,3,6,6,9,9,9,9,9]",12,10,9,2,0,2,15,w1-alternating_next_fast-b0,1
w1-alternating_next_fast-b0-historical_AR1_OLS-current_cohort_flow_pair,current_cohort_flow_pair,historical_AR1_OLS,0,0,1,[],0,24,36,"{""D1-task1"":8,""D2-task1"":8,""D3-task1"":8}","[3,3,6,6,9,9,9,9,9]",12,10,9,2,0,2,15,w1-alternating_next_fast-b0,1
w1-alternating_next_fast-b0-unit_admission_pair,unit_admission_pair,unit_admission_pair,0,0,1,[],0,24,36,"{""D1-task1"":8,""D2-task1"":8,""D3-task1"":8}","[3,3,6,6,9,9,9,9,9]",12,10,9,0,0,0,15,w1-alternating_next_fast-b0,1
w1-alternating_next_fast-b0-original_rr,original_rr,original_rr,0,0,1,[],0,24,36,"{""D1-task1"":8,""D2-task1"":8,""D3-task1"":8}","[3,3,6,6,9,9,9,9,9]",12,10,9,0,0,0,15,w1-alternating_next_fast-b0,1
w1-alternating_next_fast-b1-frozen_nominal-nominal_completion_pair_window6,nominal_completion_pair_window6,frozen_nominal,1,0,1,"[""C""]",1,24,36,"{""D1-task1"":8,""D2-task1"":8,""D3-task1"":8}","[3,3,6,6,9,9,9,9,9]",12,10,9,2,1,8,16,w1-alternating_next_fast-b1,1
w1-alternating_next_fast-b1-frozen_nominal-current_cohort_flow_pair,current_cohort_flow_pair,frozen_nominal,1,0,1,"[""C""]",1,24,36,"{""D1-task1"":8,""D2-task1"":8,""D3-task1"":8}","[3,3,6,6,9,9,9,9,9]",12,10,9,2,1,8,16,w1-alternating_next_fast-b1,1
w1-alternating_next_fast-b1-seasonal_lag2-nominal_completion_pair_window6,nominal_completion_pair_window6,seasonal_lag2,1,0,1,[],0,24,36,"{""D1-task1"":8,""D2-task1"":8,""D3-task1"":8}","[3,3,6,6,9,9,9,9,9]",12,10,9,2,0,11,16,w1-alternating_next_fast-b1,1
w1-alternating_next_fast-b1-seasonal_lag2-current_cohort_flow_pair,current_cohort_flow_pair,seasonal_lag2,1,0,1,[],0,24,36,"{""D1-task1"":8,""D2-task1"":8,""D3-task1"":8}","[3,3,6,6,9,9,9,9,9]",12,10,9,2,0,11,16,w1-alternating_next_fast-b1,1
w1-alternating_next_fast-b1-historical_AR1_OLS-nominal_completion_pair_window6,nominal_completion_pair_window6,historical_AR1_OLS,1,0,1,[],0,24,36,"{""D1-task1"":8,""D2-task1"":8,""D3-task1"":8}","[3,3,6,6,9,9,9,9,9]",12,10,9,2,0,11,16,w1-alternating_next_fast-b1,1
w1-alternating_next_fast-b1-historical_AR1_OLS-current_cohort_flow_pair,current_cohort_flow_pair,historical_AR1_OLS,1,0,1,[],0,24,36,"{""D1-task1"":8,""D2-task1"":8,""D3-task1"":8}","[3,3,6,6,9,9,9,9,9]",12,10,9,2,0,11,16,w1-alternating_next_fast-b1,1
w1-alternating_next_fast-b1-unit_admission_pair,unit_admission_pair,unit_admission_pair,1,0,1,"[""C""]",1,24,36,"{""D1-task1"":8,""D2-task1"":8,""D3-task1"":8}","[3,3,6,6,9,9,9,9,9]",12,10,9,0,0,0,16,w1-alternating_next_fast-b1,1
w1-alternating_next_fast-b1-original_rr,original_rr,original_rr,1,0,1,"[""A""]",1,24,36,"{""D1-task1"":8,""D2-task1"":8,""D3-task1"":8}","[3,3,6,6,9,9,9,9,9]",12,10,9,0,0,0,16,w1-alternating_next_fast-b1,1
w1-alternating_next_fast-b2-frozen_nominal-nominal_completion_pair_window6,nominal_completion_pair_window6,frozen_nominal,2,0,1,"[""C""]",1,24,36,"{""D1-task1"":8,""D2-task1"":8,""D3-task1"":8}","[3,3,6,6,9,9,9,9,9]",12,10,9,2,1,16,17,w1-alternating_next_fast-b2,1
w1-alternating_next_fast-b2-frozen_nominal-current_cohort_flow_pair,current_cohort_flow_pair,frozen_nominal,2,0,1,"[""C""]",1,24,36,"{""D1-task1"":8,""D2-task1"":8,""D3-task1"":8}","[3,3,6,6,9,9,9,9,9]",12,10,9,2,1,16,17,w1-alternating_next_fast-b2,1
w1-alternating_next_fast-b2-seasonal_lag2-nominal_completion_pair_window6,nominal_completion_pair_window6,seasonal_lag2,2,0,1,[],0,24,36,"{""D1-task1"":8,""D2-task1"":8,""D3-task1"":8}","[3,3,6,6,9,9,9,9,9]",12,10,9,2,0,17,17,w1-alternating_next_fast-b2,1
w1-alternating_next_fast-b2-seasonal_lag2-current_cohort_flow_pair,current_cohort_flow_pair,seasonal_lag2,2,0,1,[],0,24,36,"{""D1-task1"":8,""D2-task1"":8,""D3-task1"":8}","[3,3,6,6,9,9,9,9,9]",12,10,9,2,0,17,17,w1-alternating_next_fast-b2,1
w1-alternating_next_fast-b2-historical_AR1_OLS-nominal_completion_pair_window6,nominal_completion_pair_window6,historical_AR1_OLS,2,0,1,[],0,24,36,"{""D1-task1"":8,""D2-task1"":8,""D3-task1"":8}","[3,3,6,6,9,9,9,9,9]",12,10,9,2,0,17,17,w1-alternating_next_fast-b2,1
w1-alternating_next_fast-b2-historical_AR1_OLS-current_cohort_flow_pair,current_cohort_flow_pair,historical_AR1_OLS,2,0,1,[],0,24,36,"{""D1-task1"":8,""D2-task1"":8,""D3-task1"":8}","[3,3,6,6,9,9,9,9,9]",12,10,9,2,0,17,17,w1-alternating_next_fast-b2,1
w1-alternating_next_fast-b2-unit_admission_pair,unit_admission_pair,unit_admission_pair,2,0,1,"[""A"",""B""]",2,24,36,"{""D1-task1"":8,""D2-task1"":8,""D3-task1"":8}","[3,3,6,6,9,9,9,9,9]",12,10,9,0,0,0,17,w1-alternating_next_fast-b2,1
w1-alternating_next_fast-b2-original_rr,original_rr,original_rr,2,0,1,"[""A"",""B""]",2,24,36,"{""D1-task1"":8,""D2-task1"":8,""D3-task1"":8}","[3,3,6,6,9,9,9,9,9]",12,10,9,0,0,0,17,w1-alternating_next_fast-b2,1
w1-stable_fast-b0-frozen_nominal-nominal_completion_pair_window6,nominal_completion_pair_window6,frozen_nominal,0,0,1,[],0,24,36,"{""D1-task1"":8,""D2-task1"":8,""D3-task1"":8}","[3,3,6,6,9,9,9,9,9]",12,10,9,2,0,2,18,w1-stable_fast-b0,2
w1-stable_fast-b0-frozen_nominal-current_cohort_flow_pair,current_cohort_flow_pair,frozen_nominal,0,0,1,[],0,24,36,"{""D1-task1"":8,""D2-task1"":8,""D3-task1"":8}","[3,3,6,6,9,9,9,9,9]",12,10,9,2,0,2,18,w1-stable_fast-b0,2
w1-stable_fast-b0-seasonal_lag2-nominal_completion_pair_window6,nominal_completion_pair_window6,seasonal_lag2,0,0,1,[],0,24,36,"{""D1-task1"":8,""D2-task1"":8,""D3-task1"":8}","[3,3,6,6,9,9,9,9,9]",12,10,9,2,0,2,18,w1-stable_fast-b0,2
w1-stable_fast-b0-seasonal_lag2-current_cohort_flow_pair,current_cohort_flow_pair,seasonal_lag2,0,0,1,[],0,24,36,"{""D1-task1"":8,""D2-task1"":8,""D3-task1"":8}","[3,3,6,6,9,9,9,9,9]",12,10,9,2,0,2,18,w1-stable_fast-b0,2
w1-stable_fast-b0-historical_AR1_OLS-nominal_completion_pair_window6,nominal_completion_pair_window6,historical_AR1_OLS,0,0,1,[],0,24,36,"{""D1-task1"":8,""D2-task1"":8,""D3-task1"":8}","[3,3,6,6,9,9,9,9,9]",12,10,9,2,0,2,18,w1-stable_fast-b0,2
w1-stable_fast-b0-historical_AR1_OLS-current_cohort_flow_pair,current_cohort_flow_pair,historical_AR1_OLS,0,0,1,[],0,24,36,"{""D1-task1"":8,""D2-task1"":8,""D3-task1"":8}","[3,3,6,6,9,9,9,9,9]",12,10,9,2,0,2,18,w1-stable_fast-b0,2
w1-stable_fast-b0-unit_admission_pair,unit_admission_pair,unit_admission_pair,0,0,1,[],0,24,36,"{""D1-task1"":8,""D2-task1"":8,""D3-task1"":8}","[3,3,6,6,9,9,9,9,9]",12,10,9,0,0,0,18,w1-stable_fast-b0,2
w1-stable_fast-b0-original_rr,original_rr,original_rr,0,0,1,[],0,24,36,"{""D1-task1"":8,""D2-task1"":8,""D3-task1"":8}","[3,3,6,6,9,9,9,9,9]",12,10,9,0,0,0,18,w1-stable_fast-b0,2
w1-stable_fast-b1-frozen_nominal-nominal_completion_pair_window6,nominal_completion_pair_window6,frozen_nominal,1,0,1,"[""C""]",1,24,36,"{""D1-task1"":8,""D2-task1"":8,""D3-task1"":8}","[3,3,6,6,9,9,9,9,9]",12,10,9,2,1,8,19,w1-stable_fast-b1,2
w1-stable_fast-b1-frozen_nominal-current_cohort_flow_pair,current_cohort_flow_pair,frozen_nominal,1,0,1,"[""C""]",1,24,36,"{""D1-task1"":8,""D2-task1"":8,""D3-task1"":8}","[3,3,6,6,9,9,9,9,9]",12,10,9,2,1,8,19,w1-stable_fast-b1,2
w1-stable_fast-b1-seasonal_lag2-nominal_completion_pair_window6,nominal_completion_pair_window6,seasonal_lag2,1,0,1,[],0,24,36,"{""D1-task1"":8,""D2-task1"":8,""D3-task1"":8}","[3,3,6,6,9,9,9,9,9]",12,10,9,2,0,11,19,w1-stable_fast-b1,2
w1-stable_fast-b1-seasonal_lag2-current_cohort_flow_pair,current_cohort_flow_pair,seasonal_lag2,1,0,1,[],0,24,36,"{""D1-task1"":8,""D2-task1"":8,""D3-task1"":8}","[3,3,6,6,9,9,9,9,9]",12,10,9,2,0,11,19,w1-stable_fast-b1,2
w1-stable_fast-b1-historical_AR1_OLS-nominal_completion_pair_window6,nominal_completion_pair_window6,historical_AR1_OLS,1,0,1,[],0,24,36,"{""D1-task1"":8,""D2-task1"":8,""D3-task1"":8}","[3,3,6,6,9,9,9,9,9]",12,10,9,2,0,11,19,w1-stable_fast-b1,2
w1-stable_fast-b1-historical_AR1_OLS-current_cohort_flow_pair,current_cohort_flow_pair,historical_AR1_OLS,1,0,1,[],0,24,36,"{""D1-task1"":8,""D2-task1"":8,""D3-task1"":8}","[3,3,6,6,9,9,9,9,9]",12,10,9,2,0,11,19,w1-stable_fast-b1,2
w1-stable_fast-b1-unit_admission_pair,unit_admission_pair,unit_admission_pair,1,0,1,"[""C""]",1,24,36,"{""D1-task1"":8,""D2-task1"":8,""D3-task1"":8}","[3,3,6,6,9,9,9,9,9]",12,10,9,0,0,0,19,w1-stable_fast-b1,2
w1-stable_fast-b1-original_rr,original_rr,original_rr,1,0,1,"[""A""]",1,24,36,"{""D1-task1"":8,""D2-task1"":8,""D3-task1"":8}","[3,3,6,6,9,9,9,9,9]",12,10,9,0,0,0,19,w1-stable_fast-b1,2
w1-stable_fast-b2-frozen_nominal-nominal_completion_pair_window6,nominal_completion_pair_window6,frozen_nominal,2,0,1,"[""C""]",1,24,36,"{""D1-task1"":8,""D2-task1"":8,""D3-task1"":8}","[3,3,6,6,9,9,9,9,9]",12,10,9,2,1,16,20,w1-stable_fast-b2,2
w1-stable_fast-b2-frozen_nominal-current_cohort_flow_pair,current_cohort_flow_pair,frozen_nominal,2,0,1,"[""C""]",1,24,36,"{""D1-task1"":8,""D2-task1"":8,""D3-task1"":8}","[3,3,6,6,9,9,9,9,9]",12,10,9,2,1,16,20,w1-stable_fast-b2,2
w1-stable_fast-b2-seasonal_lag2-nominal_completion_pair_window6,nominal_completion_pair_window6,seasonal_lag2,2,0,1,[],0,24,36,"{""D1-task1"":8,""D2-task1"":8,""D3-task1"":8}","[3,3,6,6,9,9,9,9,9]",12,10,9,2,0,17,20,w1-stable_fast-b2,2
w1-stable_fast-b2-seasonal_lag2-current_cohort_flow_pair,current_cohort_flow_pair,seasonal_lag2,2,0,1,[],0,24,36,"{""D1-task1"":8,""D2-task1"":8,""D3-task1"":8}","[3,3,6,6,9,9,9,9,9]",12,10,9,2,0,17,20,w1-stable_fast-b2,2
w1-stable_fast-b2-historical_AR1_OLS-nominal_completion_pair_window6,nominal_completion_pair_window6,historical_AR1_OLS,2,0,1,[],0,24,36,"{""D1-task1"":8,""D2-task1"":8,""D3-task1"":8}","[3,3,6,6,9,9,9,9,9]",12,10,9,2,0,17,20,w1-stable_fast-b2,2
w1-stable_fast-b2-historical_AR1_OLS-current_cohort_flow_pair,current_cohort_flow_pair,historical_AR1_OLS,2,0,1,[],0,24,36,"{""D1-task1"":8,""D2-task1"":8,""D3-task1"":8}","[3,3,6,6,9,9,9,9,9]",12,10,9,2,0,17,20,w1-stable_fast-b2,2
w1-stable_fast-b2-unit_admission_pair,unit_admission_pair,unit_admission_pair,2,0,1,"[""A"",""B""]",2,24,36,"{""D1-task1"":8,""D2-task1"":8,""D3-task1"":8}","[3,3,6,6,9,9,9,9,9]",12,10,9,0,0,0,20,w1-stable_fast-b2,2
w1-stable_fast-b2-original_rr,original_rr,original_rr,2,0,1,"[""A"",""B""]",2,24,36,"{""D1-task1"":8,""D2-task1"":8,""D3-task1"":8}","[3,3,6,6,9,9,9,9,9]",12,10,9,0,0,0,20,w1-stable_fast-b2,2
w1-unpredictable_slow_shock-b0-frozen_nominal-nominal_completion_pair_window6,nominal_completion_pair_window6,frozen_nominal,0,0,1,[],0,25,37,"{""D1-task1"":8,""D2-task1"":8,""D3-task1"":9}","[2,3,5,6,8,9,9,9,9]",13,10,9,2,0,2,21,w1-unpredictable_slow_shock-b0,3
w1-unpredictable_slow_shock-b0-frozen_nominal-current_cohort_flow_pair,current_cohort_flow_pair,frozen_nominal,0,0,1,[],0,25,37,"{""D1-task1"":8,""D2-task1"":8,""D3-task1"":9}","[2,3,5,6,8,9,9,9,9]",13,10,9,2,0,2,21,w1-unpredictable_slow_shock-b0,3
w1-unpredictable_slow_shock-b0-seasonal_lag2-nominal_completion_pair_window6,nominal_completion_pair_window6,seasonal_lag2,0,0,1,[],0,25,37,"{""D1-task1"":8,""D2-task1"":8,""D3-task1"":9}","[2,3,5,6,8,9,9,9,9]",13,10,9,2,0,2,21,w1-unpredictable_slow_shock-b0,3
w1-unpredictable_slow_shock-b0-seasonal_lag2-current_cohort_flow_pair,current_cohort_flow_pair,seasonal_lag2,0,0,1,[],0,25,37,"{""D1-task1"":8,""D2-task1"":8,""D3-task1"":9}","[2,3,5,6,8,9,9,9,9]",13,10,9,2,0,2,21,w1-unpredictable_slow_shock-b0,3
w1-unpredictable_slow_shock-b0-historical_AR1_OLS-nominal_completion_pair_window6,nominal_completion_pair_window6,historical_AR1_OLS,0,0,1,[],0,25,37,"{""D1-task1"":8,""D2-task1"":8,""D3-task1"":9}","[2,3,5,6,8,9,9,9,9]",13,10,9,2,0,2,21,w1-unpredictable_slow_shock-b0,3
w1-unpredictable_slow_shock-b0-historical_AR1_OLS-current_cohort_flow_pair,current_cohort_flow_pair,historical_AR1_OLS,0,0,1,[],0,25,37,"{""D1-task1"":8,""D2-task1"":8,""D3-task1"":9}","[2,3,5,6,8,9,9,9,9]",13,10,9,2,0,2,21,w1-unpredictable_slow_shock-b0,3
w1-unpredictable_slow_shock-b0-unit_admission_pair,unit_admission_pair,unit_admission_pair,0,0,1,[],0,25,37,"{""D1-task1"":8,""D2-task1"":8,""D3-task1"":9}","[2,3,5,6,8,9,9,9,9]",13,10,9,0,0,0,21,w1-unpredictable_slow_shock-b0,3
w1-unpredictable_slow_shock-b0-original_rr,original_rr,original_rr,0,0,1,[],0,25,37,"{""D1-task1"":8,""D2-task1"":8,""D3-task1"":9}","[2,3,5,6,8,9,9,9,9]",13,10,9,0,0,0,21,w1-unpredictable_slow_shock-b0,3
w1-unpredictable_slow_shock-b1-frozen_nominal-nominal_completion_pair_window6,nominal_completion_pair_window6,frozen_nominal,1,0,1,"[""C""]",1,24,36,"{""D1-task1"":8,""D2-task1"":8,""D3-task1"":8}","[3,3,6,6,9,9,9,9,9]",12,10,9,2,1,8,22,w1-unpredictable_slow_shock-b1,3
w1-unpredictable_slow_shock-b1-frozen_nominal-current_cohort_flow_pair,current_cohort_flow_pair,frozen_nominal,1,0,1,"[""C""]",1,24,36,"{""D1-task1"":8,""D2-task1"":8,""D3-task1"":8}","[3,3,6,6,9,9,9,9,9]",12,10,9,2,1,8,22,w1-unpredictable_slow_shock-b1,3
w1-unpredictable_slow_shock-b1-seasonal_lag2-nominal_completion_pair_window6,nominal_completion_pair_window6,seasonal_lag2,1,0,1,[],0,25,37,"{""D1-task1"":8,""D2-task1"":8,""D3-task1"":9}","[2,3,5,6,8,9,9,9,9]",13,10,9,2,0,11,22,w1-unpredictable_slow_shock-b1,3
w1-unpredictable_slow_shock-b1-seasonal_lag2-current_cohort_flow_pair,current_cohort_flow_pair,seasonal_lag2,1,0,1,[],0,25,37,"{""D1-task1"":8,""D2-task1"":8,""D3-task1"":9}","[2,3,5,6,8,9,9,9,9]",13,10,9,2,0,11,22,w1-unpredictable_slow_shock-b1,3
w1-unpredictable_slow_shock-b1-historical_AR1_OLS-nominal_completion_pair_window6,nominal_completion_pair_window6,historical_AR1_OLS,1,0,1,[],0,25,37,"{""D1-task1"":8,""D2-task1"":8,""D3-task1"":9}","[2,3,5,6,8,9,9,9,9]",13,10,9,2,0,11,22,w1-unpredictable_slow_shock-b1,3
w1-unpredictable_slow_shock-b1-historical_AR1_OLS-current_cohort_flow_pair,current_cohort_flow_pair,historical_AR1_OLS,1,0,1,[],0,25,37,"{""D1-task1"":8,""D2-task1"":8,""D3-task1"":9}","[2,3,5,6,8,9,9,9,9]",13,10,9,2,0,11,22,w1-unpredictable_slow_shock-b1,3
w1-unpredictable_slow_shock-b1-unit_admission_pair,unit_admission_pair,unit_admission_pair,1,0,1,"[""C""]",1,24,36,"{""D1-task1"":8,""D2-task1"":8,""D3-task1"":8}","[3,3,6,6,9,9,9,9,9]",12,10,9,0,0,0,22,w1-unpredictable_slow_shock-b1,3
w1-unpredictable_slow_shock-b1-original_rr,original_rr,original_rr,1,0,1,"[""A""]",1,25,37,"{""D1-task1"":8,""D2-task1"":8,""D3-task1"":9}","[2,3,5,6,8,9,9,9,9]",13,10,9,0,0,0,22,w1-unpredictable_slow_shock-b1,3
w1-unpredictable_slow_shock-b2-frozen_nominal-nominal_completion_pair_window6,nominal_completion_pair_window6,frozen_nominal,2,0,1,"[""C""]",1,24,36,"{""D1-task1"":8,""D2-task1"":8,""D3-task1"":8}","[3,3,6,6,9,9,9,9,9]",12,10,9,2,1,16,23,w1-unpredictable_slow_shock-b2,3
w1-unpredictable_slow_shock-b2-frozen_nominal-current_cohort_flow_pair,current_cohort_flow_pair,frozen_nominal,2,0,1,"[""C""]",1,24,36,"{""D1-task1"":8,""D2-task1"":8,""D3-task1"":8}","[3,3,6,6,9,9,9,9,9]",12,10,9,2,1,16,23,w1-unpredictable_slow_shock-b2,3
w1-unpredictable_slow_shock-b2-seasonal_lag2-nominal_completion_pair_window6,nominal_completion_pair_window6,seasonal_lag2,2,0,1,[],0,25,37,"{""D1-task1"":8,""D2-task1"":8,""D3-task1"":9}","[2,3,5,6,8,9,9,9,9]",13,10,9,2,0,17,23,w1-unpredictable_slow_shock-b2,3
w1-unpredictable_slow_shock-b2-seasonal_lag2-current_cohort_flow_pair,current_cohort_flow_pair,seasonal_lag2,2,0,1,[],0,25,37,"{""D1-task1"":8,""D2-task1"":8,""D3-task1"":9}","[2,3,5,6,8,9,9,9,9]",13,10,9,2,0,17,23,w1-unpredictable_slow_shock-b2,3
w1-unpredictable_slow_shock-b2-historical_AR1_OLS-nominal_completion_pair_window6,nominal_completion_pair_window6,historical_AR1_OLS,2,0,1,[],0,25,37,"{""D1-task1"":8,""D2-task1"":8,""D3-task1"":9}","[2,3,5,6,8,9,9,9,9]",13,10,9,2,0,17,23,w1-unpredictable_slow_shock-b2,3
w1-unpredictable_slow_shock-b2-historical_AR1_OLS-current_cohort_flow_pair,current_cohort_flow_pair,historical_AR1_OLS,2,0,1,[],0,25,37,"{""D1-task1"":8,""D2-task1"":8,""D3-task1"":9}","[2,3,5,6,8,9,9,9,9]",13,10,9,2,0,17,23,w1-unpredictable_slow_shock-b2,3
w1-unpredictable_slow_shock-b2-unit_admission_pair,unit_admission_pair,unit_admission_pair,2,0,1,"[""A"",""B""]",2,25,37,"{""D1-task1"":8,""D2-task1"":8,""D3-task1"":9}","[2,3,5,6,8,9,9,9,9]",13,10,9,0,0,0,23,w1-unpredictable_slow_shock-b2,3
w1-unpredictable_slow_shock-b2-original_rr,original_rr,original_rr,2,0,1,"[""A"",""B""]",2,25,37,"{""D1-task1"":8,""D2-task1"":8,""D3-task1"":9}","[2,3,5,6,8,9,9,9,9]",13,10,9,0,0,0,23,w1-unpredictable_slow_shock-b2,3
w2-alternating_next_slow-b0-frozen_nominal-nominal_completion_pair_window6,nominal_completion_pair_window6,frozen_nominal,0,1,0,[],0,28,40,"{""D3-task1"":8,""D1-task1"":10,""D2-task1"":10}","[1,1,4,4,7,7,9,9,9]",14,11,9,2,0,2,24,w2-alternating_next_slow-b0,0
w2-alternating_next_slow-b0-frozen_nominal-current_cohort_flow_pair,current_cohort_flow_pair,frozen_nominal,0,1,0,[],0,28,40,"{""D3-task1"":8,""D1-task1"":10,""D2-task1"":10}","[1,1,4,4,7,7,9,9,9]",14,11,9,2,0,2,24,w2-alternating_next_slow-b0,0
w2-alternating_next_slow-b0-seasonal_lag2-nominal_completion_pair_window6,nominal_completion_pair_window6,seasonal_lag2,0,1,0,[],0,28,40,"{""D3-task1"":8,""D1-task1"":10,""D2-task1"":10}","[1,1,4,4,7,7,9,9,9]",14,11,9,2,0,2,24,w2-alternating_next_slow-b0,0
w2-alternating_next_slow-b0-seasonal_lag2-current_cohort_flow_pair,current_cohort_flow_pair,seasonal_lag2,0,1,0,[],0,28,40,"{""D3-task1"":8,""D1-task1"":10,""D2-task1"":10}","[1,1,4,4,7,7,9,9,9]",14,11,9,2,0,2,24,w2-alternating_next_slow-b0,0
w2-alternating_next_slow-b0-historical_AR1_OLS-nominal_completion_pair_window6,nominal_completion_pair_window6,historical_AR1_OLS,0,1,0,[],0,28,40,"{""D3-task1"":8,""D1-task1"":10,""D2-task1"":10}","[1,1,4,4,7,7,9,9,9]",14,11,9,2,0,2,24,w2-alternating_next_slow-b0,0
w2-alternating_next_slow-b0-historical_AR1_OLS-current_cohort_flow_pair,current_cohort_flow_pair,historical_AR1_OLS,0,1,0,[],0,28,40,"{""D3-task1"":8,""D1-task1"":10,""D2-task1"":10}","[1,1,4,4,7,7,9,9,9]",14,11,9,2,0,2,24,w2-alternating_next_slow-b0,0
w2-alternating_next_slow-b0-unit_admission_pair,unit_admission_pair,unit_admission_pair,0,1,0,[],0,28,40,"{""D3-task1"":8,""D1-task1"":10,""D2-task1"":10}","[1,1,4,4,7,7,9,9,9]",14,11,9,0,0,0,24,w2-alternating_next_slow-b0,0
w2-alternating_next_slow-b0-original_rr,original_rr,original_rr,0,1,0,[],0,28,40,"{""D3-task1"":8,""D1-task1"":10,""D2-task1"":10}","[1,1,4,4,7,7,9,9,9]",14,11,9,0,0,0,24,w2-alternating_next_slow-b0,0
w2-alternating_next_slow-b1-frozen_nominal-nominal_completion_pair_window6,nominal_completion_pair_window6,frozen_nominal,1,1,0,[],0,28,40,"{""D3-task1"":8,""D1-task1"":10,""D2-task1"":10}","[1,1,4,4,7,7,9,9,9]",14,11,9,2,0,11,25,w2-alternating_next_slow-b1,0
w2-alternating_next_slow-b1-frozen_nominal-current_cohort_flow_pair,current_cohort_flow_pair,frozen_nominal,1,1,0,[],0,28,40,"{""D3-task1"":8,""D1-task1"":10,""D2-task1"":10}","[1,1,4,4,7,7,9,9,9]",14,11,9,2,0,11,25,w2-alternating_next_slow-b1,0
w2-alternating_next_slow-b1-seasonal_lag2-nominal_completion_pair_window6,nominal_completion_pair_window6,seasonal_lag2,1,1,0,[],0,28,40,"{""D3-task1"":8,""D1-task1"":10,""D2-task1"":10}","[1,1,4,4,7,7,9,9,9]",14,11,9,2,0,11,25,w2-alternating_next_slow-b1,0
w2-alternating_next_slow-b1-seasonal_lag2-current_cohort_flow_pair,current_cohort_flow_pair,seasonal_lag2,1,1,0,[],0,28,40,"{""D3-task1"":8,""D1-task1"":10,""D2-task1"":10}","[1,1,4,4,7,7,9,9,9]",14,11,9,2,0,11,25,w2-alternating_next_slow-b1,0
w2-alternating_next_slow-b1-historical_AR1_OLS-nominal_completion_pair_window6,nominal_completion_pair_window6,historical_AR1_OLS,1,1,0,[],0,28,40,"{""D3-task1"":8,""D1-task1"":10,""D2-task1"":10}","[1,1,4,4,7,7,9,9,9]",14,11,9,2,0,11,25,w2-alternating_next_slow-b1,0
w2-alternating_next_slow-b1-historical_AR1_OLS-current_cohort_flow_pair,current_cohort_flow_pair,historical_AR1_OLS,1,1,0,[],0,28,40,"{""D3-task1"":8,""D1-task1"":10,""D2-task1"":10}","[1,1,4,4,7,7,9,9,9]",14,11,9,2,0,11,25,w2-alternating_next_slow-b1,0
w2-alternating_next_slow-b1-unit_admission_pair,unit_admission_pair,unit_admission_pair,1,1,0,"[""C""]",1,28,40,"{""D3-task1"":8,""D1-task1"":10,""D2-task1"":10}","[1,1,4,4,7,7,9,9,9]",14,11,9,0,0,0,25,w2-alternating_next_slow-b1,0
w2-alternating_next_slow-b1-original_rr,original_rr,original_rr,1,1,0,"[""A""]",1,28,40,"{""D3-task1"":8,""D1-task1"":10,""D2-task1"":10}","[1,1,4,4,7,7,9,9,9]",14,11,9,0,0,0,25,w2-alternating_next_slow-b1,0
w2-alternating_next_slow-b2-frozen_nominal-nominal_completion_pair_window6,nominal_completion_pair_window6,frozen_nominal,2,1,0,[],0,28,40,"{""D3-task1"":8,""D1-task1"":10,""D2-task1"":10}","[1,1,4,4,7,7,9,9,9]",14,11,9,2,0,17,26,w2-alternating_next_slow-b2,0
w2-alternating_next_slow-b2-frozen_nominal-current_cohort_flow_pair,current_cohort_flow_pair,frozen_nominal,2,1,0,"[""A"",""B""]",2,26,38,"{""D3-task1"":8,""D1-task1"":9,""D2-task1"":9}","[1,3,4,6,7,9,9,9,9]",13,11,9,2,0,16,26,w2-alternating_next_slow-b2,0
w2-alternating_next_slow-b2-seasonal_lag2-nominal_completion_pair_window6,nominal_completion_pair_window6,seasonal_lag2,2,1,0,[],0,28,40,"{""D3-task1"":8,""D1-task1"":10,""D2-task1"":10}","[1,1,4,4,7,7,9,9,9]",14,11,9,2,0,17,26,w2-alternating_next_slow-b2,0
w2-alternating_next_slow-b2-seasonal_lag2-current_cohort_flow_pair,current_cohort_flow_pair,seasonal_lag2,2,1,0,"[""A"",""B""]",2,26,38,"{""D3-task1"":8,""D1-task1"":9,""D2-task1"":9}","[1,3,4,6,7,9,9,9,9]",13,11,9,2,0,16,26,w2-alternating_next_slow-b2,0
w2-alternating_next_slow-b2-historical_AR1_OLS-nominal_completion_pair_window6,nominal_completion_pair_window6,historical_AR1_OLS,2,1,0,[],0,28,40,"{""D3-task1"":8,""D1-task1"":10,""D2-task1"":10}","[1,1,4,4,7,7,9,9,9]",14,11,9,2,0,17,26,w2-alternating_next_slow-b2,0
w2-alternating_next_slow-b2-historical_AR1_OLS-current_cohort_flow_pair,current_cohort_flow_pair,historical_AR1_OLS,2,1,0,"[""A"",""B""]",2,26,38,"{""D3-task1"":8,""D1-task1"":9,""D2-task1"":9}","[1,3,4,6,7,9,9,9,9]",13,11,9,2,0,16,26,w2-alternating_next_slow-b2,0
w2-alternating_next_slow-b2-unit_admission_pair,unit_admission_pair,unit_admission_pair,2,1,0,"[""A"",""B""]",2,26,38,"{""D3-task1"":8,""D1-task1"":9,""D2-task1"":9}","[1,3,4,6,7,9,9,9,9]",13,11,9,0,0,0,26,w2-alternating_next_slow-b2,0
w2-alternating_next_slow-b2-original_rr,original_rr,original_rr,2,1,0,"[""A"",""B""]",2,26,38,"{""D3-task1"":8,""D1-task1"":9,""D2-task1"":9}","[1,3,4,6,7,9,9,9,9]",13,11,9,0,0,0,26,w2-alternating_next_slow-b2,0
w2-alternating_next_fast-b0-frozen_nominal-nominal_completion_pair_window6,nominal_completion_pair_window6,frozen_nominal,0,1,0,[],0,24,36,"{""D1-task1"":8,""D2-task1"":8,""D3-task1"":8}","[3,3,6,6,9,9,9,9,9]",12,11,9,2,0,2,27,w2-alternating_next_fast-b0,1
w2-alternating_next_fast-b0-frozen_nominal-current_cohort_flow_pair,current_cohort_flow_pair,frozen_nominal,0,1,0,[],0,24,36,"{""D1-task1"":8,""D2-task1"":8,""D3-task1"":8}","[3,3,6,6,9,9,9,9,9]",12,11,9,2,0,2,27,w2-alternating_next_fast-b0,1
w2-alternating_next_fast-b0-seasonal_lag2-nominal_completion_pair_window6,nominal_completion_pair_window6,seasonal_lag2,0,1,0,[],0,24,36,"{""D1-task1"":8,""D2-task1"":8,""D3-task1"":8}","[3,3,6,6,9,9,9,9,9]",12,11,9,2,0,2,27,w2-alternating_next_fast-b0,1
w2-alternating_next_fast-b0-seasonal_lag2-current_cohort_flow_pair,current_cohort_flow_pair,seasonal_lag2,0,1,0,[],0,24,36,"{""D1-task1"":8,""D2-task1"":8,""D3-task1"":8}","[3,3,6,6,9,9,9,9,9]",12,11,9,2,0,2,27,w2-alternating_next_fast-b0,1
w2-alternating_next_fast-b0-historical_AR1_OLS-nominal_completion_pair_window6,nominal_completion_pair_window6,historical_AR1_OLS,0,1,0,[],0,24,36,"{""D1-task1"":8,""D2-task1"":8,""D3-task1"":8}","[3,3,6,6,9,9,9,9,9]",12,11,9,2,0,2,27,w2-alternating_next_fast-b0,1
w2-alternating_next_fast-b0-historical_AR1_OLS-current_cohort_flow_pair,current_cohort_flow_pair,historical_AR1_OLS,0,1,0,[],0,24,36,"{""D1-task1"":8,""D2-task1"":8,""D3-task1"":8}","[3,3,6,6,9,9,9,9,9]",12,11,9,2,0,2,27,w2-alternating_next_fast-b0,1
w2-alternating_next_fast-b0-unit_admission_pair,unit_admission_pair,unit_admission_pair,0,1,0,[],0,24,36,"{""D1-task1"":8,""D2-task1"":8,""D3-task1"":8}","[3,3,6,6,9,9,9,9,9]",12,11,9,0,0,0,27,w2-alternating_next_fast-b0,1
w2-alternating_next_fast-b0-original_rr,original_rr,original_rr,0,1,0,[],0,24,36,"{""D1-task1"":8,""D2-task1"":8,""D3-task1"":8}","[3,3,6,6,9,9,9,9,9]",12,11,9,0,0,0,27,w2-alternating_next_fast-b0,1
w2-alternating_next_fast-b1-frozen_nominal-nominal_completion_pair_window6,nominal_completion_pair_window6,frozen_nominal,1,1,0,[],0,24,36,"{""D1-task1"":8,""D2-task1"":8,""D3-task1"":8}","[3,3,6,6,9,9,9,9,9]",12,11,9,2,0,11,28,w2-alternating_next_fast-b1,1
w2-alternating_next_fast-b1-frozen_nominal-current_cohort_flow_pair,current_cohort_flow_pair,frozen_nominal,1,1,0,[],0,24,36,"{""D1-task1"":8,""D2-task1"":8,""D3-task1"":8}","[3,3,6,6,9,9,9,9,9]",12,11,9,2,0,11,28,w2-alternating_next_fast-b1,1
w2-alternating_next_fast-b1-seasonal_lag2-nominal_completion_pair_window6,nominal_completion_pair_window6,seasonal_lag2,1,1,0,[],0,24,36,"{""D1-task1"":8,""D2-task1"":8,""D3-task1"":8}","[3,3,6,6,9,9,9,9,9]",12,11,9,2,0,11,28,w2-alternating_next_fast-b1,1
w2-alternating_next_fast-b1-seasonal_lag2-current_cohort_flow_pair,current_cohort_flow_pair,seasonal_lag2,1,1,0,[],0,24,36,"{""D1-task1"":8,""D2-task1"":8,""D3-task1"":8}","[3,3,6,6,9,9,9,9,9]",12,11,9,2,0,11,28,w2-alternating_next_fast-b1,1
w2-alternating_next_fast-b1-historical_AR1_OLS-nominal_completion_pair_window6,nominal_completion_pair_window6,historical_AR1_OLS,1,1,0,[],0,24,36,"{""D1-task1"":8,""D2-task1"":8,""D3-task1"":8}","[3,3,6,6,9,9,9,9,9]",12,11,9,2,0,11,28,w2-alternating_next_fast-b1,1
w2-alternating_next_fast-b1-historical_AR1_OLS-current_cohort_flow_pair,current_cohort_flow_pair,historical_AR1_OLS,1,1,0,[],0,24,36,"{""D1-task1"":8,""D2-task1"":8,""D3-task1"":8}","[3,3,6,6,9,9,9,9,9]",12,11,9,2,0,11,28,w2-alternating_next_fast-b1,1
w2-alternating_next_fast-b1-unit_admission_pair,unit_admission_pair,unit_admission_pair,1,1,0,"[""C""]",1,24,36,"{""D1-task1"":8,""D2-task1"":8,""D3-task1"":8}","[3,3,6,6,9,9,9,9,9]",12,11,9,0,0,0,28,w2-alternating_next_fast-b1,1
w2-alternating_next_fast-b1-original_rr,original_rr,original_rr,1,1,0,"[""A""]",1,24,36,"{""D1-task1"":8,""D2-task1"":8,""D3-task1"":8}","[3,3,6,6,9,9,9,9,9]",12,11,9,0,0,0,28,w2-alternating_next_fast-b1,1
w2-alternating_next_fast-b2-frozen_nominal-nominal_completion_pair_window6,nominal_completion_pair_window6,frozen_nominal,2,1,0,[],0,24,36,"{""D1-task1"":8,""D2-task1"":8,""D3-task1"":8}","[3,3,6,6,9,9,9,9,9]",12,11,9,2,0,17,29,w2-alternating_next_fast-b2,1
w2-alternating_next_fast-b2-frozen_nominal-current_cohort_flow_pair,current_cohort_flow_pair,frozen_nominal,2,1,0,"[""A"",""B""]",2,24,36,"{""D1-task1"":8,""D2-task1"":8,""D3-task1"":8}","[3,3,6,6,9,9,9,9,9]",12,11,9,2,0,16,29,w2-alternating_next_fast-b2,1
w2-alternating_next_fast-b2-seasonal_lag2-nominal_completion_pair_window6,nominal_completion_pair_window6,seasonal_lag2,2,1,0,[],0,24,36,"{""D1-task1"":8,""D2-task1"":8,""D3-task1"":8}","[3,3,6,6,9,9,9,9,9]",12,11,9,2,0,17,29,w2-alternating_next_fast-b2,1
w2-alternating_next_fast-b2-seasonal_lag2-current_cohort_flow_pair,current_cohort_flow_pair,seasonal_lag2,2,1,0,[],0,24,36,"{""D1-task1"":8,""D2-task1"":8,""D3-task1"":8}","[3,3,6,6,9,9,9,9,9]",12,11,9,2,0,17,29,w2-alternating_next_fast-b2,1
w2-alternating_next_fast-b2-historical_AR1_OLS-nominal_completion_pair_window6,nominal_completion_pair_window6,historical_AR1_OLS,2,1,0,[],0,24,36,"{""D1-task1"":8,""D2-task1"":8,""D3-task1"":8}","[3,3,6,6,9,9,9,9,9]",12,11,9,2,0,17,29,w2-alternating_next_fast-b2,1
w2-alternating_next_fast-b2-historical_AR1_OLS-current_cohort_flow_pair,current_cohort_flow_pair,historical_AR1_OLS,2,1,0,[],0,24,36,"{""D1-task1"":8,""D2-task1"":8,""D3-task1"":8}","[3,3,6,6,9,9,9,9,9]",12,11,9,2,0,17,29,w2-alternating_next_fast-b2,1
w2-alternating_next_fast-b2-unit_admission_pair,unit_admission_pair,unit_admission_pair,2,1,0,"[""A"",""B""]",2,24,36,"{""D1-task1"":8,""D2-task1"":8,""D3-task1"":8}","[3,3,6,6,9,9,9,9,9]",12,11,9,0,0,0,29,w2-alternating_next_fast-b2,1
w2-alternating_next_fast-b2-original_rr,original_rr,original_rr,2,1,0,"[""A"",""B""]",2,24,36,"{""D1-task1"":8,""D2-task1"":8,""D3-task1"":8}","[3,3,6,6,9,9,9,9,9]",12,11,9,0,0,0,29,w2-alternating_next_fast-b2,1
w2-stable_fast-b0-frozen_nominal-nominal_completion_pair_window6,nominal_completion_pair_window6,frozen_nominal,0,1,0,[],0,24,36,"{""D1-task1"":8,""D2-task1"":8,""D3-task1"":8}","[3,3,6,6,9,9,9,9,9]",12,11,9,2,0,2,30,w2-stable_fast-b0,2
w2-stable_fast-b0-frozen_nominal-current_cohort_flow_pair,current_cohort_flow_pair,frozen_nominal,0,1,0,[],0,24,36,"{""D1-task1"":8,""D2-task1"":8,""D3-task1"":8}","[3,3,6,6,9,9,9,9,9]",12,11,9,2,0,2,30,w2-stable_fast-b0,2
w2-stable_fast-b0-seasonal_lag2-nominal_completion_pair_window6,nominal_completion_pair_window6,seasonal_lag2,0,1,0,[],0,24,36,"{""D1-task1"":8,""D2-task1"":8,""D3-task1"":8}","[3,3,6,6,9,9,9,9,9]",12,11,9,2,0,2,30,w2-stable_fast-b0,2
w2-stable_fast-b0-seasonal_lag2-current_cohort_flow_pair,current_cohort_flow_pair,seasonal_lag2,0,1,0,[],0,24,36,"{""D1-task1"":8,""D2-task1"":8,""D3-task1"":8}","[3,3,6,6,9,9,9,9,9]",12,11,9,2,0,2,30,w2-stable_fast-b0,2
w2-stable_fast-b0-historical_AR1_OLS-nominal_completion_pair_window6,nominal_completion_pair_window6,historical_AR1_OLS,0,1,0,[],0,24,36,"{""D1-task1"":8,""D2-task1"":8,""D3-task1"":8}","[3,3,6,6,9,9,9,9,9]",12,11,9,2,0,2,30,w2-stable_fast-b0,2
w2-stable_fast-b0-historical_AR1_OLS-current_cohort_flow_pair,current_cohort_flow_pair,historical_AR1_OLS,0,1,0,[],0,24,36,"{""D1-task1"":8,""D2-task1"":8,""D3-task1"":8}","[3,3,6,6,9,9,9,9,9]",12,11,9,2,0,2,30,w2-stable_fast-b0,2
w2-stable_fast-b0-unit_admission_pair,unit_admission_pair,unit_admission_pair,0,1,0,[],0,24,36,"{""D1-task1"":8,""D2-task1"":8,""D3-task1"":8}","[3,3,6,6,9,9,9,9,9]",12,11,9,0,0,0,30,w2-stable_fast-b0,2
w2-stable_fast-b0-original_rr,original_rr,original_rr,0,1,0,[],0,24,36,"{""D1-task1"":8,""D2-task1"":8,""D3-task1"":8}","[3,3,6,6,9,9,9,9,9]",12,11,9,0,0,0,30,w2-stable_fast-b0,2
w2-stable_fast-b1-frozen_nominal-nominal_completion_pair_window6,nominal_completion_pair_window6,frozen_nominal,1,1,0,[],0,24,36,"{""D1-task1"":8,""D2-task1"":8,""D3-task1"":8}","[3,3,6,6,9,9,9,9,9]",12,11,9,2,0,11,31,w2-stable_fast-b1,2
w2-stable_fast-b1-frozen_nominal-current_cohort_flow_pair,current_cohort_flow_pair,frozen_nominal,1,1,0,[],0,24,36,"{""D1-task1"":8,""D2-task1"":8,""D3-task1"":8}","[3,3,6,6,9,9,9,9,9]",12,11,9,2,0,11,31,w2-stable_fast-b1,2
w2-stable_fast-b1-seasonal_lag2-nominal_completion_pair_window6,nominal_completion_pair_window6,seasonal_lag2,1,1,0,[],0,24,36,"{""D1-task1"":8,""D2-task1"":8,""D3-task1"":8}","[3,3,6,6,9,9,9,9,9]",12,11,9,2,0,11,31,w2-stable_fast-b1,2
w2-stable_fast-b1-seasonal_lag2-current_cohort_flow_pair,current_cohort_flow_pair,seasonal_lag2,1,1,0,[],0,24,36,"{""D1-task1"":8,""D2-task1"":8,""D3-task1"":8}","[3,3,6,6,9,9,9,9,9]",12,11,9,2,0,11,31,w2-stable_fast-b1,2
w2-stable_fast-b1-historical_AR1_OLS-nominal_completion_pair_window6,nominal_completion_pair_window6,historical_AR1_OLS,1,1,0,[],0,24,36,"{""D1-task1"":8,""D2-task1"":8,""D3-task1"":8}","[3,3,6,6,9,9,9,9,9]",12,11,9,2,0,11,31,w2-stable_fast-b1,2
w2-stable_fast-b1-historical_AR1_OLS-current_cohort_flow_pair,current_cohort_flow_pair,historical_AR1_OLS,1,1,0,[],0,24,36,"{""D1-task1"":8,""D2-task1"":8,""D3-task1"":8}","[3,3,6,6,9,9,9,9,9]",12,11,9,2,0,11,31,w2-stable_fast-b1,2
w2-stable_fast-b1-unit_admission_pair,unit_admission_pair,unit_admission_pair,1,1,0,"[""C""]",1,24,36,"{""D1-task1"":8,""D2-task1"":8,""D3-task1"":8}","[3,3,6,6,9,9,9,9,9]",12,11,9,0,0,0,31,w2-stable_fast-b1,2
w2-stable_fast-b1-original_rr,original_rr,original_rr,1,1,0,"[""A""]",1,24,36,"{""D1-task1"":8,""D2-task1"":8,""D3-task1"":8}","[3,3,6,6,9,9,9,9,9]",12,11,9,0,0,0,31,w2-stable_fast-b1,2
w2-stable_fast-b2-frozen_nominal-nominal_completion_pair_window6,nominal_completion_pair_window6,frozen_nominal,2,1,0,[],0,24,36,"{""D1-task1"":8,""D2-task1"":8,""D3-task1"":8}","[3,3,6,6,9,9,9,9,9]",12,11,9,2,0,17,32,w2-stable_fast-b2,2
w2-stable_fast-b2-frozen_nominal-current_cohort_flow_pair,current_cohort_flow_pair,frozen_nominal,2,1,0,"[""A"",""B""]",2,24,36,"{""D1-task1"":8,""D2-task1"":8,""D3-task1"":8}","[3,3,6,6,9,9,9,9,9]",12,11,9,2,0,16,32,w2-stable_fast-b2,2
w2-stable_fast-b2-seasonal_lag2-nominal_completion_pair_window6,nominal_completion_pair_window6,seasonal_lag2,2,1,0,[],0,24,36,"{""D1-task1"":8,""D2-task1"":8,""D3-task1"":8}","[3,3,6,6,9,9,9,9,9]",12,11,9,2,0,17,32,w2-stable_fast-b2,2
w2-stable_fast-b2-seasonal_lag2-current_cohort_flow_pair,current_cohort_flow_pair,seasonal_lag2,2,1,0,[],0,24,36,"{""D1-task1"":8,""D2-task1"":8,""D3-task1"":8}","[3,3,6,6,9,9,9,9,9]",12,11,9,2,0,17,32,w2-stable_fast-b2,2
w2-stable_fast-b2-historical_AR1_OLS-nominal_completion_pair_window6,nominal_completion_pair_window6,historical_AR1_OLS,2,1,0,[],0,24,36,"{""D1-task1"":8,""D2-task1"":8,""D3-task1"":8}","[3,3,6,6,9,9,9,9,9]",12,11,9,2,0,17,32,w2-stable_fast-b2,2
w2-stable_fast-b2-historical_AR1_OLS-current_cohort_flow_pair,current_cohort_flow_pair,historical_AR1_OLS,2,1,0,[],0,24,36,"{""D1-task1"":8,""D2-task1"":8,""D3-task1"":8}","[3,3,6,6,9,9,9,9,9]",12,11,9,2,0,17,32,w2-stable_fast-b2,2
w2-stable_fast-b2-unit_admission_pair,unit_admission_pair,unit_admission_pair,2,1,0,"[""A"",""B""]",2,24,36,"{""D1-task1"":8,""D2-task1"":8,""D3-task1"":8}","[3,3,6,6,9,9,9,9,9]",12,11,9,0,0,0,32,w2-stable_fast-b2,2
w2-stable_fast-b2-original_rr,original_rr,original_rr,2,1,0,"[""A"",""B""]",2,24,36,"{""D1-task1"":8,""D2-task1"":8,""D3-task1"":8}","[3,3,6,6,9,9,9,9,9]",12,11,9,0,0,0,32,w2-stable_fast-b2,2
w2-unpredictable_slow_shock-b0-frozen_nominal-nominal_completion_pair_window6,nominal_completion_pair_window6,frozen_nominal,0,1,0,[],0,28,40,"{""D3-task1"":8,""D1-task1"":10,""D2-task1"":10}","[1,1,4,4,7,7,9,9,9]",14,11,9,2,0,2,33,w2-unpredictable_slow_shock-b0,3
w2-unpredictable_slow_shock-b0-frozen_nominal-current_cohort_flow_pair,current_cohort_flow_pair,frozen_nominal,0,1,0,[],0,28,40,"{""D3-task1"":8,""D1-task1"":10,""D2-task1"":10}","[1,1,4,4,7,7,9,9,9]",14,11,9,2,0,2,33,w2-unpredictable_slow_shock-b0,3
w2-unpredictable_slow_shock-b0-seasonal_lag2-nominal_completion_pair_window6,nominal_completion_pair_window6,seasonal_lag2,0,1,0,[],0,28,40,"{""D3-task1"":8,""D1-task1"":10,""D2-task1"":10}","[1,1,4,4,7,7,9,9,9]",14,11,9,2,0,2,33,w2-unpredictable_slow_shock-b0,3
w2-unpredictable_slow_shock-b0-seasonal_lag2-current_cohort_flow_pair,current_cohort_flow_pair,seasonal_lag2,0,1,0,[],0,28,40,"{""D3-task1"":8,""D1-task1"":10,""D2-task1"":10}","[1,1,4,4,7,7,9,9,9]",14,11,9,2,0,2,33,w2-unpredictable_slow_shock-b0,3
w2-unpredictable_slow_shock-b0-historical_AR1_OLS-nominal_completion_pair_window6,nominal_completion_pair_window6,historical_AR1_OLS,0,1,0,[],0,28,40,"{""D3-task1"":8,""D1-task1"":10,""D2-task1"":10}","[1,1,4,4,7,7,9,9,9]",14,11,9,2,0,2,33,w2-unpredictable_slow_shock-b0,3
w2-unpredictable_slow_shock-b0-historical_AR1_OLS-current_cohort_flow_pair,current_cohort_flow_pair,historical_AR1_OLS,0,1,0,[],0,28,40,"{""D3-task1"":8,""D1-task1"":10,""D2-task1"":10}","[1,1,4,4,7,7,9,9,9]",14,11,9,2,0,2,33,w2-unpredictable_slow_shock-b0,3
w2-unpredictable_slow_shock-b0-unit_admission_pair,unit_admission_pair,unit_admission_pair,0,1,0,[],0,28,40,"{""D3-task1"":8,""D1-task1"":10,""D2-task1"":10}","[1,1,4,4,7,7,9,9,9]",14,11,9,0,0,0,33,w2-unpredictable_slow_shock-b0,3
w2-unpredictable_slow_shock-b0-original_rr,original_rr,original_rr,0,1,0,[],0,28,40,"{""D3-task1"":8,""D1-task1"":10,""D2-task1"":10}","[1,1,4,4,7,7,9,9,9]",14,11,9,0,0,0,33,w2-unpredictable_slow_shock-b0,3
w2-unpredictable_slow_shock-b1-frozen_nominal-nominal_completion_pair_window6,nominal_completion_pair_window6,frozen_nominal,1,1,0,[],0,28,40,"{""D3-task1"":8,""D1-task1"":10,""D2-task1"":10}","[1,1,4,4,7,7,9,9,9]",14,11,9,2,0,11,34,w2-unpredictable_slow_shock-b1,3
w2-unpredictable_slow_shock-b1-frozen_nominal-current_cohort_flow_pair,current_cohort_flow_pair,frozen_nominal,1,1,0,[],0,28,40,"{""D3-task1"":8,""D1-task1"":10,""D2-task1"":10}","[1,1,4,4,7,7,9,9,9]",14,11,9,2,0,11,34,w2-unpredictable_slow_shock-b1,3
w2-unpredictable_slow_shock-b1-seasonal_lag2-nominal_completion_pair_window6,nominal_completion_pair_window6,seasonal_lag2,1,1,0,[],0,28,40,"{""D3-task1"":8,""D1-task1"":10,""D2-task1"":10}","[1,1,4,4,7,7,9,9,9]",14,11,9,2,0,11,34,w2-unpredictable_slow_shock-b1,3
w2-unpredictable_slow_shock-b1-seasonal_lag2-current_cohort_flow_pair,current_cohort_flow_pair,seasonal_lag2,1,1,0,[],0,28,40,"{""D3-task1"":8,""D1-task1"":10,""D2-task1"":10}","[1,1,4,4,7,7,9,9,9]",14,11,9,2,0,11,34,w2-unpredictable_slow_shock-b1,3
w2-unpredictable_slow_shock-b1-historical_AR1_OLS-nominal_completion_pair_window6,nominal_completion_pair_window6,historical_AR1_OLS,1,1,0,[],0,28,40,"{""D3-task1"":8,""D1-task1"":10,""D2-task1"":10}","[1,1,4,4,7,7,9,9,9]",14,11,9,2,0,11,34,w2-unpredictable_slow_shock-b1,3
w2-unpredictable_slow_shock-b1-historical_AR1_OLS-current_cohort_flow_pair,current_cohort_flow_pair,historical_AR1_OLS,1,1,0,[],0,28,40,"{""D3-task1"":8,""D1-task1"":10,""D2-task1"":10}","[1,1,4,4,7,7,9,9,9]",14,11,9,2,0,11,34,w2-unpredictable_slow_shock-b1,3
w2-unpredictable_slow_shock-b1-unit_admission_pair,unit_admission_pair,unit_admission_pair,1,1,0,"[""C""]",1,28,40,"{""D3-task1"":8,""D1-task1"":10,""D2-task1"":10}","[1,1,4,4,7,7,9,9,9]",14,11,9,0,0,0,34,w2-unpredictable_slow_shock-b1,3
w2-unpredictable_slow_shock-b1-original_rr,original_rr,original_rr,1,1,0,"[""A""]",1,28,40,"{""D3-task1"":8,""D1-task1"":10,""D2-task1"":10}","[1,1,4,4,7,7,9,9,9]",14,11,9,0,0,0,34,w2-unpredictable_slow_shock-b1,3
w2-unpredictable_slow_shock-b2-frozen_nominal-nominal_completion_pair_window6,nominal_completion_pair_window6,frozen_nominal,2,1,0,[],0,28,40,"{""D3-task1"":8,""D1-task1"":10,""D2-task1"":10}","[1,1,4,4,7,7,9,9,9]",14,11,9,2,0,17,35,w2-unpredictable_slow_shock-b2,3
w2-unpredictable_slow_shock-b2-frozen_nominal-current_cohort_flow_pair,current_cohort_flow_pair,frozen_nominal,2,1,0,"[""A"",""B""]",2,26,38,"{""D3-task1"":8,""D1-task1"":9,""D2-task1"":9}","[1,3,4,6,7,9,9,9,9]",13,11,9,2,0,16,35,w2-unpredictable_slow_shock-b2,3
w2-unpredictable_slow_shock-b2-seasonal_lag2-nominal_completion_pair_window6,nominal_completion_pair_window6,seasonal_lag2,2,1,0,[],0,28,40,"{""D3-task1"":8,""D1-task1"":10,""D2-task1"":10}","[1,1,4,4,7,7,9,9,9]",14,11,9,2,0,17,35,w2-unpredictable_slow_shock-b2,3
w2-unpredictable_slow_shock-b2-seasonal_lag2-current_cohort_flow_pair,current_cohort_flow_pair,seasonal_lag2,2,1,0,[],0,28,40,"{""D3-task1"":8,""D1-task1"":10,""D2-task1"":10}","[1,1,4,4,7,7,9,9,9]",14,11,9,2,0,17,35,w2-unpredictable_slow_shock-b2,3
w2-unpredictable_slow_shock-b2-historical_AR1_OLS-nominal_completion_pair_window6,nominal_completion_pair_window6,historical_AR1_OLS,2,1,0,[],0,28,40,"{""D3-task1"":8,""D1-task1"":10,""D2-task1"":10}","[1,1,4,4,7,7,9,9,9]",14,11,9,2,0,17,35,w2-unpredictable_slow_shock-b2,3
w2-unpredictable_slow_shock-b2-historical_AR1_OLS-current_cohort_flow_pair,current_cohort_flow_pair,historical_AR1_OLS,2,1,0,[],0,28,40,"{""D3-task1"":8,""D1-task1"":10,""D2-task1"":10}","[1,1,4,4,7,7,9,9,9]",14,11,9,2,0,17,35,w2-unpredictable_slow_shock-b2,3
w2-unpredictable_slow_shock-b2-unit_admission_pair,unit_admission_pair,unit_admission_pair,2,1,0,"[""A"",""B""]",2,26,38,"{""D3-task1"":8,""D1-task1"":9,""D2-task1"":9}","[1,3,4,6,7,9,9,9,9]",13,11,9,0,0,0,35,w2-unpredictable_slow_shock-b2,3
w2-unpredictable_slow_shock-b2-original_rr,original_rr,original_rr,2,1,0,"[""A"",""B""]",2,26,38,"{""D3-task1"":8,""D1-task1"":9,""D2-task1"":9}","[1,3,4,6,7,9,9,9,9]",13,11,9,0,0,0,35,w2-unpredictable_slow_shock-b2,3
w3-alternating_next_slow-b0-frozen_nominal-nominal_completion_pair_window6,nominal_completion_pair_window6,frozen_nominal,0,1,1,[],0,29,41,"{""D3-task1"":9,""D1-task1"":10,""D2-task1"":10}","[0,1,3,4,6,7,9,9,9]",14,12,9,2,0,2,36,w3-alternating_next_slow-b0,0
w3-alternating_next_slow-b0-frozen_nominal-current_cohort_flow_pair,current_cohort_flow_pair,frozen_nominal,0,1,1,[],0,29,41,"{""D3-task1"":9,""D1-task1"":10,""D2-task1"":10}","[0,1,3,4,6,7,9,9,9]",14,12,9,2,0,2,36,w3-alternating_next_slow-b0,0
w3-alternating_next_slow-b0-seasonal_lag2-nominal_completion_pair_window6,nominal_completion_pair_window6,seasonal_lag2,0,1,1,[],0,29,41,"{""D3-task1"":9,""D1-task1"":10,""D2-task1"":10}","[0,1,3,4,6,7,9,9,9]",14,12,9,2,0,2,36,w3-alternating_next_slow-b0,0
w3-alternating_next_slow-b0-seasonal_lag2-current_cohort_flow_pair,current_cohort_flow_pair,seasonal_lag2,0,1,1,[],0,29,41,"{""D3-task1"":9,""D1-task1"":10,""D2-task1"":10}","[0,1,3,4,6,7,9,9,9]",14,12,9,2,0,2,36,w3-alternating_next_slow-b0,0
w3-alternating_next_slow-b0-historical_AR1_OLS-nominal_completion_pair_window6,nominal_completion_pair_window6,historical_AR1_OLS,0,1,1,[],0,29,41,"{""D3-task1"":9,""D1-task1"":10,""D2-task1"":10}","[0,1,3,4,6,7,9,9,9]",14,12,9,2,0,2,36,w3-alternating_next_slow-b0,0
w3-alternating_next_slow-b0-historical_AR1_OLS-current_cohort_flow_pair,current_cohort_flow_pair,historical_AR1_OLS,0,1,1,[],0,29,41,"{""D3-task1"":9,""D1-task1"":10,""D2-task1"":10}","[0,1,3,4,6,7,9,9,9]",14,12,9,2,0,2,36,w3-alternating_next_slow-b0,0
w3-alternating_next_slow-b0-unit_admission_pair,unit_admission_pair,unit_admission_pair,0,1,1,[],0,29,41,"{""D3-task1"":9,""D1-task1"":10,""D2-task1"":10}","[0,1,3,4,6,7,9,9,9]",14,12,9,0,0,0,36,w3-alternating_next_slow-b0,0
w3-alternating_next_slow-b0-original_rr,original_rr,original_rr,0,1,1,[],0,29,41,"{""D3-task1"":9,""D1-task1"":10,""D2-task1"":10}","[0,1,3,4,6,7,9,9,9]",14,12,9,0,0,0,36,w3-alternating_next_slow-b0,0
w3-alternating_next_slow-b1-frozen_nominal-nominal_completion_pair_window6,nominal_completion_pair_window6,frozen_nominal,1,1,1,"[""C""]",1,28,40,"{""D3-task1"":8,""D1-task1"":10,""D2-task1"":10}","[1,1,4,4,7,7,9,9,9]",14,12,9,2,1,8,37,w3-alternating_next_slow-b1,0
w3-alternating_next_slow-b1-frozen_nominal-current_cohort_flow_pair,current_cohort_flow_pair,frozen_nominal,1,1,1,"[""C""]",1,28,40,"{""D3-task1"":8,""D1-task1"":10,""D2-task1"":10}","[1,1,4,4,7,7,9,9,9]",14,12,9,2,1,8,37,w3-alternating_next_slow-b1,0
w3-alternating_next_slow-b1-seasonal_lag2-nominal_completion_pair_window6,nominal_completion_pair_window6,seasonal_lag2,1,1,1,"[""C""]",1,28,40,"{""D3-task1"":8,""D1-task1"":10,""D2-task1"":10}","[1,1,4,4,7,7,9,9,9]",14,12,9,2,1,8,37,w3-alternating_next_slow-b1,0
w3-alternating_next_slow-b1-seasonal_lag2-current_cohort_flow_pair,current_cohort_flow_pair,seasonal_lag2,1,1,1,"[""C""]",1,28,40,"{""D3-task1"":8,""D1-task1"":10,""D2-task1"":10}","[1,1,4,4,7,7,9,9,9]",14,12,9,2,1,8,37,w3-alternating_next_slow-b1,0
w3-alternating_next_slow-b1-historical_AR1_OLS-nominal_completion_pair_window6,nominal_completion_pair_window6,historical_AR1_OLS,1,1,1,"[""C""]",1,28,40,"{""D3-task1"":8,""D1-task1"":10,""D2-task1"":10}","[1,1,4,4,7,7,9,9,9]",14,12,9,2,1,8,37,w3-alternating_next_slow-b1,0
w3-alternating_next_slow-b1-historical_AR1_OLS-current_cohort_flow_pair,current_cohort_flow_pair,historical_AR1_OLS,1,1,1,"[""C""]",1,28,40,"{""D3-task1"":8,""D1-task1"":10,""D2-task1"":10}","[1,1,4,4,7,7,9,9,9]",14,12,9,2,1,8,37,w3-alternating_next_slow-b1,0
w3-alternating_next_slow-b1-unit_admission_pair,unit_admission_pair,unit_admission_pair,1,1,1,"[""C""]",1,28,40,"{""D3-task1"":8,""D1-task1"":10,""D2-task1"":10}","[1,1,4,4,7,7,9,9,9]",14,12,9,0,0,0,37,w3-alternating_next_slow-b1,0
w3-alternating_next_slow-b1-original_rr,original_rr,original_rr,1,1,1,"[""A""]",1,29,41,"{""D3-task1"":9,""D1-task1"":10,""D2-task1"":10}","[0,1,3,4,6,7,9,9,9]",14,12,9,0,0,0,37,w3-alternating_next_slow-b1,0
w3-alternating_next_slow-b2-frozen_nominal-nominal_completion_pair_window6,nominal_completion_pair_window6,frozen_nominal,2,1,1,"[""C""]",1,28,40,"{""D3-task1"":8,""D1-task1"":10,""D2-task1"":10}","[1,1,4,4,7,7,9,9,9]",14,12,9,2,1,16,38,w3-alternating_next_slow-b2,0
w3-alternating_next_slow-b2-frozen_nominal-current_cohort_flow_pair,current_cohort_flow_pair,frozen_nominal,2,1,1,"[""A"",""B""]",2,27,39,"{""D1-task1"":9,""D2-task1"":9,""D3-task1"":9}","[0,3,3,6,6,9,9,9,9]",13,12,9,2,0,16,38,w3-alternating_next_slow-b2,0
w3-alternating_next_slow-b2-seasonal_lag2-nominal_completion_pair_window6,nominal_completion_pair_window6,seasonal_lag2,2,1,1,"[""C""]",1,28,40,"{""D3-task1"":8,""D1-task1"":10,""D2-task1"":10}","[1,1,4,4,7,7,9,9,9]",14,12,9,2,1,16,38,w3-alternating_next_slow-b2,0
w3-alternating_next_slow-b2-seasonal_lag2-current_cohort_flow_pair,current_cohort_flow_pair,seasonal_lag2,2,1,1,"[""A"",""B""]",2,27,39,"{""D1-task1"":9,""D2-task1"":9,""D3-task1"":9}","[0,3,3,6,6,9,9,9,9]",13,12,9,2,0,16,38,w3-alternating_next_slow-b2,0
w3-alternating_next_slow-b2-historical_AR1_OLS-nominal_completion_pair_window6,nominal_completion_pair_window6,historical_AR1_OLS,2,1,1,"[""C""]",1,28,40,"{""D3-task1"":8,""D1-task1"":10,""D2-task1"":10}","[1,1,4,4,7,7,9,9,9]",14,12,9,2,1,16,38,w3-alternating_next_slow-b2,0
w3-alternating_next_slow-b2-historical_AR1_OLS-current_cohort_flow_pair,current_cohort_flow_pair,historical_AR1_OLS,2,1,1,"[""A"",""B""]",2,27,39,"{""D1-task1"":9,""D2-task1"":9,""D3-task1"":9}","[0,3,3,6,6,9,9,9,9]",13,12,9,2,0,16,38,w3-alternating_next_slow-b2,0
w3-alternating_next_slow-b2-unit_admission_pair,unit_admission_pair,unit_admission_pair,2,1,1,"[""A"",""B""]",2,27,39,"{""D1-task1"":9,""D2-task1"":9,""D3-task1"":9}","[0,3,3,6,6,9,9,9,9]",13,12,9,0,0,0,38,w3-alternating_next_slow-b2,0
w3-alternating_next_slow-b2-original_rr,original_rr,original_rr,2,1,1,"[""A"",""B""]",2,27,39,"{""D1-task1"":9,""D2-task1"":9,""D3-task1"":9}","[0,3,3,6,6,9,9,9,9]",13,12,9,0,0,0,38,w3-alternating_next_slow-b2,0
w3-alternating_next_fast-b0-frozen_nominal-nominal_completion_pair_window6,nominal_completion_pair_window6,frozen_nominal,0,1,1,[],0,24,36,"{""D1-task1"":8,""D2-task1"":8,""D3-task1"":8}","[3,3,6,6,9,9,9,9,9]",12,12,9,2,0,2,39,w3-alternating_next_fast-b0,1
w3-alternating_next_fast-b0-frozen_nominal-current_cohort_flow_pair,current_cohort_flow_pair,frozen_nominal,0,1,1,[],0,24,36,"{""D1-task1"":8,""D2-task1"":8,""D3-task1"":8}","[3,3,6,6,9,9,9,9,9]",12,12,9,2,0,2,39,w3-alternating_next_fast-b0,1
w3-alternating_next_fast-b0-seasonal_lag2-nominal_completion_pair_window6,nominal_completion_pair_window6,seasonal_lag2,0,1,1,[],0,24,36,"{""D1-task1"":8,""D2-task1"":8,""D3-task1"":8}","[3,3,6,6,9,9,9,9,9]",12,12,9,2,0,2,39,w3-alternating_next_fast-b0,1
w3-alternating_next_fast-b0-seasonal_lag2-current_cohort_flow_pair,current_cohort_flow_pair,seasonal_lag2,0,1,1,[],0,24,36,"{""D1-task1"":8,""D2-task1"":8,""D3-task1"":8}","[3,3,6,6,9,9,9,9,9]",12,12,9,2,0,2,39,w3-alternating_next_fast-b0,1
w3-alternating_next_fast-b0-historical_AR1_OLS-nominal_completion_pair_window6,nominal_completion_pair_window6,historical_AR1_OLS,0,1,1,[],0,24,36,"{""D1-task1"":8,""D2-task1"":8,""D3-task1"":8}","[3,3,6,6,9,9,9,9,9]",12,12,9,2,0,2,39,w3-alternating_next_fast-b0,1
w3-alternating_next_fast-b0-historical_AR1_OLS-current_cohort_flow_pair,current_cohort_flow_pair,historical_AR1_OLS,0,1,1,[],0,24,36,"{""D1-task1"":8,""D2-task1"":8,""D3-task1"":8}","[3,3,6,6,9,9,9,9,9]",12,12,9,2,0,2,39,w3-alternating_next_fast-b0,1
w3-alternating_next_fast-b0-unit_admission_pair,unit_admission_pair,unit_admission_pair,0,1,1,[],0,24,36,"{""D1-task1"":8,""D2-task1"":8,""D3-task1"":8}","[3,3,6,6,9,9,9,9,9]",12,12,9,0,0,0,39,w3-alternating_next_fast-b0,1
w3-alternating_next_fast-b0-original_rr,original_rr,original_rr,0,1,1,[],0,24,36,"{""D1-task1"":8,""D2-task1"":8,""D3-task1"":8}","[3,3,6,6,9,9,9,9,9]",12,12,9,0,0,0,39,w3-alternating_next_fast-b0,1
w3-alternating_next_fast-b1-frozen_nominal-nominal_completion_pair_window6,nominal_completion_pair_window6,frozen_nominal,1,1,1,"[""C""]",1,24,36,"{""D1-task1"":8,""D2-task1"":8,""D3-task1"":8}","[3,3,6,6,9,9,9,9,9]",12,12,9,2,1,8,40,w3-alternating_next_fast-b1,1
w3-alternating_next_fast-b1-frozen_nominal-current_cohort_flow_pair,current_cohort_flow_pair,frozen_nominal,1,1,1,"[""C""]",1,24,36,"{""D1-task1"":8,""D2-task1"":8,""D3-task1"":8}","[3,3,6,6,9,9,9,9,9]",12,12,9,2,1,8,40,w3-alternating_next_fast-b1,1
w3-alternating_next_fast-b1-seasonal_lag2-nominal_completion_pair_window6,nominal_completion_pair_window6,seasonal_lag2,1,1,1,[],0,24,36,"{""D1-task1"":8,""D2-task1"":8,""D3-task1"":8}","[3,3,6,6,9,9,9,9,9]",12,12,9,2,0,11,40,w3-alternating_next_fast-b1,1
w3-alternating_next_fast-b1-seasonal_lag2-current_cohort_flow_pair,current_cohort_flow_pair,seasonal_lag2,1,1,1,[],0,24,36,"{""D1-task1"":8,""D2-task1"":8,""D3-task1"":8}","[3,3,6,6,9,9,9,9,9]",12,12,9,2,0,11,40,w3-alternating_next_fast-b1,1
w3-alternating_next_fast-b1-historical_AR1_OLS-nominal_completion_pair_window6,nominal_completion_pair_window6,historical_AR1_OLS,1,1,1,[],0,24,36,"{""D1-task1"":8,""D2-task1"":8,""D3-task1"":8}","[3,3,6,6,9,9,9,9,9]",12,12,9,2,0,11,40,w3-alternating_next_fast-b1,1
w3-alternating_next_fast-b1-historical_AR1_OLS-current_cohort_flow_pair,current_cohort_flow_pair,historical_AR1_OLS,1,1,1,[],0,24,36,"{""D1-task1"":8,""D2-task1"":8,""D3-task1"":8}","[3,3,6,6,9,9,9,9,9]",12,12,9,2,0,11,40,w3-alternating_next_fast-b1,1
w3-alternating_next_fast-b1-unit_admission_pair,unit_admission_pair,unit_admission_pair,1,1,1,"[""C""]",1,24,36,"{""D1-task1"":8,""D2-task1"":8,""D3-task1"":8}","[3,3,6,6,9,9,9,9,9]",12,12,9,0,0,0,40,w3-alternating_next_fast-b1,1
w3-alternating_next_fast-b1-original_rr,original_rr,original_rr,1,1,1,"[""A""]",1,24,36,"{""D1-task1"":8,""D2-task1"":8,""D3-task1"":8}","[3,3,6,6,9,9,9,9,9]",12,12,9,0,0,0,40,w3-alternating_next_fast-b1,1
w3-alternating_next_fast-b2-frozen_nominal-nominal_completion_pair_window6,nominal_completion_pair_window6,frozen_nominal,2,1,1,"[""C""]",1,24,36,"{""D1-task1"":8,""D2-task1"":8,""D3-task1"":8}","[3,3,6,6,9,9,9,9,9]",12,12,9,2,1,16,41,w3-alternating_next_fast-b2,1
w3-alternating_next_fast-b2-frozen_nominal-current_cohort_flow_pair,current_cohort_flow_pair,frozen_nominal,2,1,1,"[""A"",""B""]",2,24,36,"{""D1-task1"":8,""D2-task1"":8,""D3-task1"":8}","[3,3,6,6,9,9,9,9,9]",12,12,9,2,0,16,41,w3-alternating_next_fast-b2,1
w3-alternating_next_fast-b2-seasonal_lag2-nominal_completion_pair_window6,nominal_completion_pair_window6,seasonal_lag2,2,1,1,[],0,24,36,"{""D1-task1"":8,""D2-task1"":8,""D3-task1"":8}","[3,3,6,6,9,9,9,9,9]",12,12,9,2,0,17,41,w3-alternating_next_fast-b2,1
w3-alternating_next_fast-b2-seasonal_lag2-current_cohort_flow_pair,current_cohort_flow_pair,seasonal_lag2,2,1,1,[],0,24,36,"{""D1-task1"":8,""D2-task1"":8,""D3-task1"":8}","[3,3,6,6,9,9,9,9,9]",12,12,9,2,0,17,41,w3-alternating_next_fast-b2,1
w3-alternating_next_fast-b2-historical_AR1_OLS-nominal_completion_pair_window6,nominal_completion_pair_window6,historical_AR1_OLS,2,1,1,[],0,24,36,"{""D1-task1"":8,""D2-task1"":8,""D3-task1"":8}","[3,3,6,6,9,9,9,9,9]",12,12,9,2,0,17,41,w3-alternating_next_fast-b2,1
w3-alternating_next_fast-b2-historical_AR1_OLS-current_cohort_flow_pair,current_cohort_flow_pair,historical_AR1_OLS,2,1,1,[],0,24,36,"{""D1-task1"":8,""D2-task1"":8,""D3-task1"":8}","[3,3,6,6,9,9,9,9,9]",12,12,9,2,0,17,41,w3-alternating_next_fast-b2,1
w3-alternating_next_fast-b2-unit_admission_pair,unit_admission_pair,unit_admission_pair,2,1,1,"[""A"",""B""]",2,24,36,"{""D1-task1"":8,""D2-task1"":8,""D3-task1"":8}","[3,3,6,6,9,9,9,9,9]",12,12,9,0,0,0,41,w3-alternating_next_fast-b2,1
w3-alternating_next_fast-b2-original_rr,original_rr,original_rr,2,1,1,"[""A"",""B""]",2,24,36,"{""D1-task1"":8,""D2-task1"":8,""D3-task1"":8}","[3,3,6,6,9,9,9,9,9]",12,12,9,0,0,0,41,w3-alternating_next_fast-b2,1
w3-stable_fast-b0-frozen_nominal-nominal_completion_pair_window6,nominal_completion_pair_window6,frozen_nominal,0,1,1,[],0,24,36,"{""D1-task1"":8,""D2-task1"":8,""D3-task1"":8}","[3,3,6,6,9,9,9,9,9]",12,12,9,2,0,2,42,w3-stable_fast-b0,2
w3-stable_fast-b0-frozen_nominal-current_cohort_flow_pair,current_cohort_flow_pair,frozen_nominal,0,1,1,[],0,24,36,"{""D1-task1"":8,""D2-task1"":8,""D3-task1"":8}","[3,3,6,6,9,9,9,9,9]",12,12,9,2,0,2,42,w3-stable_fast-b0,2
w3-stable_fast-b0-seasonal_lag2-nominal_completion_pair_window6,nominal_completion_pair_window6,seasonal_lag2,0,1,1,[],0,24,36,"{""D1-task1"":8,""D2-task1"":8,""D3-task1"":8}","[3,3,6,6,9,9,9,9,9]",12,12,9,2,0,2,42,w3-stable_fast-b0,2
w3-stable_fast-b0-seasonal_lag2-current_cohort_flow_pair,current_cohort_flow_pair,seasonal_lag2,0,1,1,[],0,24,36,"{""D1-task1"":8,""D2-task1"":8,""D3-task1"":8}","[3,3,6,6,9,9,9,9,9]",12,12,9,2,0,2,42,w3-stable_fast-b0,2
w3-stable_fast-b0-historical_AR1_OLS-nominal_completion_pair_window6,nominal_completion_pair_window6,historical_AR1_OLS,0,1,1,[],0,24,36,"{""D1-task1"":8,""D2-task1"":8,""D3-task1"":8}","[3,3,6,6,9,9,9,9,9]",12,12,9,2,0,2,42,w3-stable_fast-b0,2
w3-stable_fast-b0-historical_AR1_OLS-current_cohort_flow_pair,current_cohort_flow_pair,historical_AR1_OLS,0,1,1,[],0,24,36,"{""D1-task1"":8,""D2-task1"":8,""D3-task1"":8}","[3,3,6,6,9,9,9,9,9]",12,12,9,2,0,2,42,w3-stable_fast-b0,2
w3-stable_fast-b0-unit_admission_pair,unit_admission_pair,unit_admission_pair,0,1,1,[],0,24,36,"{""D1-task1"":8,""D2-task1"":8,""D3-task1"":8}","[3,3,6,6,9,9,9,9,9]",12,12,9,0,0,0,42,w3-stable_fast-b0,2
w3-stable_fast-b0-original_rr,original_rr,original_rr,0,1,1,[],0,24,36,"{""D1-task1"":8,""D2-task1"":8,""D3-task1"":8}","[3,3,6,6,9,9,9,9,9]",12,12,9,0,0,0,42,w3-stable_fast-b0,2
w3-stable_fast-b1-frozen_nominal-nominal_completion_pair_window6,nominal_completion_pair_window6,frozen_nominal,1,1,1,"[""C""]",1,24,36,"{""D1-task1"":8,""D2-task1"":8,""D3-task1"":8}","[3,3,6,6,9,9,9,9,9]",12,12,9,2,1,8,43,w3-stable_fast-b1,2
w3-stable_fast-b1-frozen_nominal-current_cohort_flow_pair,current_cohort_flow_pair,frozen_nominal,1,1,1,"[""C""]",1,24,36,"{""D1-task1"":8,""D2-task1"":8,""D3-task1"":8}","[3,3,6,6,9,9,9,9,9]",12,12,9,2,1,8,43,w3-stable_fast-b1,2
w3-stable_fast-b1-seasonal_lag2-nominal_completion_pair_window6,nominal_completion_pair_window6,seasonal_lag2,1,1,1,[],0,24,36,"{""D1-task1"":8,""D2-task1"":8,""D3-task1"":8}","[3,3,6,6,9,9,9,9,9]",12,12,9,2,0,11,43,w3-stable_fast-b1,2
w3-stable_fast-b1-seasonal_lag2-current_cohort_flow_pair,current_cohort_flow_pair,seasonal_lag2,1,1,1,[],0,24,36,"{""D1-task1"":8,""D2-task1"":8,""D3-task1"":8}","[3,3,6,6,9,9,9,9,9]",12,12,9,2,0,11,43,w3-stable_fast-b1,2
w3-stable_fast-b1-historical_AR1_OLS-nominal_completion_pair_window6,nominal_completion_pair_window6,historical_AR1_OLS,1,1,1,[],0,24,36,"{""D1-task1"":8,""D2-task1"":8,""D3-task1"":8}","[3,3,6,6,9,9,9,9,9]",12,12,9,2,0,11,43,w3-stable_fast-b1,2
w3-stable_fast-b1-historical_AR1_OLS-current_cohort_flow_pair,current_cohort_flow_pair,historical_AR1_OLS,1,1,1,[],0,24,36,"{""D1-task1"":8,""D2-task1"":8,""D3-task1"":8}","[3,3,6,6,9,9,9,9,9]",12,12,9,2,0,11,43,w3-stable_fast-b1,2
w3-stable_fast-b1-unit_admission_pair,unit_admission_pair,unit_admission_pair,1,1,1,"[""C""]",1,24,36,"{""D1-task1"":8,""D2-task1"":8,""D3-task1"":8}","[3,3,6,6,9,9,9,9,9]",12,12,9,0,0,0,43,w3-stable_fast-b1,2
w3-stable_fast-b1-original_rr,original_rr,original_rr,1,1,1,"[""A""]",1,24,36,"{""D1-task1"":8,""D2-task1"":8,""D3-task1"":8}","[3,3,6,6,9,9,9,9,9]",12,12,9,0,0,0,43,w3-stable_fast-b1,2
w3-stable_fast-b2-frozen_nominal-nominal_completion_pair_window6,nominal_completion_pair_window6,frozen_nominal,2,1,1,"[""C""]",1,24,36,"{""D1-task1"":8,""D2-task1"":8,""D3-task1"":8}","[3,3,6,6,9,9,9,9,9]",12,12,9,2,1,16,44,w3-stable_fast-b2,2
w3-stable_fast-b2-frozen_nominal-current_cohort_flow_pair,current_cohort_flow_pair,frozen_nominal,2,1,1,"[""A"",""B""]",2,24,36,"{""D1-task1"":8,""D2-task1"":8,""D3-task1"":8}","[3,3,6,6,9,9,9,9,9]",12,12,9,2,0,16,44,w3-stable_fast-b2,2
w3-stable_fast-b2-seasonal_lag2-nominal_completion_pair_window6,nominal_completion_pair_window6,seasonal_lag2,2,1,1,[],0,24,36,"{""D1-task1"":8,""D2-task1"":8,""D3-task1"":8}","[3,3,6,6,9,9,9,9,9]",12,12,9,2,0,17,44,w3-stable_fast-b2,2
w3-stable_fast-b2-seasonal_lag2-current_cohort_flow_pair,current_cohort_flow_pair,seasonal_lag2,2,1,1,[],0,24,36,"{""D1-task1"":8,""D2-task1"":8,""D3-task1"":8}","[3,3,6,6,9,9,9,9,9]",12,12,9,2,0,17,44,w3-stable_fast-b2,2
w3-stable_fast-b2-historical_AR1_OLS-nominal_completion_pair_window6,nominal_completion_pair_window6,historical_AR1_OLS,2,1,1,[],0,24,36,"{""D1-task1"":8,""D2-task1"":8,""D3-task1"":8}","[3,3,6,6,9,9,9,9,9]",12,12,9,2,0,17,44,w3-stable_fast-b2,2
w3-stable_fast-b2-historical_AR1_OLS-current_cohort_flow_pair,current_cohort_flow_pair,historical_AR1_OLS,2,1,1,[],0,24,36,"{""D1-task1"":8,""D2-task1"":8,""D3-task1"":8}","[3,3,6,6,9,9,9,9,9]",12,12,9,2,0,17,44,w3-stable_fast-b2,2
w3-stable_fast-b2-unit_admission_pair,unit_admission_pair,unit_admission_pair,2,1,1,"[""A"",""B""]",2,24,36,"{""D1-task1"":8,""D2-task1"":8,""D3-task1"":8}","[3,3,6,6,9,9,9,9,9]",12,12,9,0,0,0,44,w3-stable_fast-b2,2
w3-stable_fast-b2-original_rr,original_rr,original_rr,2,1,1,"[""A"",""B""]",2,24,36,"{""D1-task1"":8,""D2-task1"":8,""D3-task1"":8}","[3,3,6,6,9,9,9,9,9]",12,12,9,0,0,0,44,w3-stable_fast-b2,2
w3-unpredictable_slow_shock-b0-frozen_nominal-nominal_completion_pair_window6,nominal_completion_pair_window6,frozen_nominal,0,1,1,[],0,29,41,"{""D3-task1"":9,""D1-task1"":10,""D2-task1"":10}","[0,1,3,4,6,7,9,9,9]",14,12,9,2,0,2,45,w3-unpredictable_slow_shock-b0,3
w3-unpredictable_slow_shock-b0-frozen_nominal-current_cohort_flow_pair,current_cohort_flow_pair,frozen_nominal,0,1,1,[],0,29,41,"{""D3-task1"":9,""D1-task1"":10,""D2-task1"":10}","[0,1,3,4,6,7,9,9,9]",14,12,9,2,0,2,45,w3-unpredictable_slow_shock-b0,3
w3-unpredictable_slow_shock-b0-seasonal_lag2-nominal_completion_pair_window6,nominal_completion_pair_window6,seasonal_lag2,0,1,1,[],0,29,41,"{""D3-task1"":9,""D1-task1"":10,""D2-task1"":10}","[0,1,3,4,6,7,9,9,9]",14,12,9,2,0,2,45,w3-unpredictable_slow_shock-b0,3
w3-unpredictable_slow_shock-b0-seasonal_lag2-current_cohort_flow_pair,current_cohort_flow_pair,seasonal_lag2,0,1,1,[],0,29,41,"{""D3-task1"":9,""D1-task1"":10,""D2-task1"":10}","[0,1,3,4,6,7,9,9,9]",14,12,9,2,0,2,45,w3-unpredictable_slow_shock-b0,3
w3-unpredictable_slow_shock-b0-historical_AR1_OLS-nominal_completion_pair_window6,nominal_completion_pair_window6,historical_AR1_OLS,0,1,1,[],0,29,41,"{""D3-task1"":9,""D1-task1"":10,""D2-task1"":10}","[0,1,3,4,6,7,9,9,9]",14,12,9,2,0,2,45,w3-unpredictable_slow_shock-b0,3
w3-unpredictable_slow_shock-b0-historical_AR1_OLS-current_cohort_flow_pair,current_cohort_flow_pair,historical_AR1_OLS,0,1,1,[],0,29,41,"{""D3-task1"":9,""D1-task1"":10,""D2-task1"":10}","[0,1,3,4,6,7,9,9,9]",14,12,9,2,0,2,45,w3-unpredictable_slow_shock-b0,3
w3-unpredictable_slow_shock-b0-unit_admission_pair,unit_admission_pair,unit_admission_pair,0,1,1,[],0,29,41,"{""D3-task1"":9,""D1-task1"":10,""D2-task1"":10}","[0,1,3,4,6,7,9,9,9]",14,12,9,0,0,0,45,w3-unpredictable_slow_shock-b0,3
w3-unpredictable_slow_shock-b0-original_rr,original_rr,original_rr,0,1,1,[],0,29,41,"{""D3-task1"":9,""D1-task1"":10,""D2-task1"":10}","[0,1,3,4,6,7,9,9,9]",14,12,9,0,0,0,45,w3-unpredictable_slow_shock-b0,3
w3-unpredictable_slow_shock-b1-frozen_nominal-nominal_completion_pair_window6,nominal_completion_pair_window6,frozen_nominal,1,1,1,"[""C""]",1,28,40,"{""D3-task1"":8,""D1-task1"":10,""D2-task1"":10}","[1,1,4,4,7,7,9,9,9]",14,12,9,2,1,8,46,w3-unpredictable_slow_shock-b1,3
w3-unpredictable_slow_shock-b1-frozen_nominal-current_cohort_flow_pair,current_cohort_flow_pair,frozen_nominal,1,1,1,"[""C""]",1,28,40,"{""D3-task1"":8,""D1-task1"":10,""D2-task1"":10}","[1,1,4,4,7,7,9,9,9]",14,12,9,2,1,8,46,w3-unpredictable_slow_shock-b1,3
w3-unpredictable_slow_shock-b1-seasonal_lag2-nominal_completion_pair_window6,nominal_completion_pair_window6,seasonal_lag2,1,1,1,[],0,29,41,"{""D3-task1"":9,""D1-task1"":10,""D2-task1"":10}","[0,1,3,4,6,7,9,9,9]",14,12,9,2,0,11,46,w3-unpredictable_slow_shock-b1,3
w3-unpredictable_slow_shock-b1-seasonal_lag2-current_cohort_flow_pair,current_cohort_flow_pair,seasonal_lag2,1,1,1,[],0,29,41,"{""D3-task1"":9,""D1-task1"":10,""D2-task1"":10}","[0,1,3,4,6,7,9,9,9]",14,12,9,2,0,11,46,w3-unpredictable_slow_shock-b1,3
w3-unpredictable_slow_shock-b1-historical_AR1_OLS-nominal_completion_pair_window6,nominal_completion_pair_window6,historical_AR1_OLS,1,1,1,[],0,29,41,"{""D3-task1"":9,""D1-task1"":10,""D2-task1"":10}","[0,1,3,4,6,7,9,9,9]",14,12,9,2,0,11,46,w3-unpredictable_slow_shock-b1,3
w3-unpredictable_slow_shock-b1-historical_AR1_OLS-current_cohort_flow_pair,current_cohort_flow_pair,historical_AR1_OLS,1,1,1,[],0,29,41,"{""D3-task1"":9,""D1-task1"":10,""D2-task1"":10}","[0,1,3,4,6,7,9,9,9]",14,12,9,2,0,11,46,w3-unpredictable_slow_shock-b1,3
w3-unpredictable_slow_shock-b1-unit_admission_pair,unit_admission_pair,unit_admission_pair,1,1,1,"[""C""]",1,28,40,"{""D3-task1"":8,""D1-task1"":10,""D2-task1"":10}","[1,1,4,4,7,7,9,9,9]",14,12,9,0,0,0,46,w3-unpredictable_slow_shock-b1,3
w3-unpredictable_slow_shock-b1-original_rr,original_rr,original_rr,1,1,1,"[""A""]",1,29,41,"{""D3-task1"":9,""D1-task1"":10,""D2-task1"":10}","[0,1,3,4,6,7,9,9,9]",14,12,9,0,0,0,46,w3-unpredictable_slow_shock-b1,3
w3-unpredictable_slow_shock-b2-frozen_nominal-nominal_completion_pair_window6,nominal_completion_pair_window6,frozen_nominal,2,1,1,"[""C""]",1,28,40,"{""D3-task1"":8,""D1-task1"":10,""D2-task1"":10}","[1,1,4,4,7,7,9,9,9]",14,12,9,2,1,16,47,w3-unpredictable_slow_shock-b2,3
w3-unpredictable_slow_shock-b2-frozen_nominal-current_cohort_flow_pair,current_cohort_flow_pair,frozen_nominal,2,1,1,"[""A"",""B""]",2,27,39,"{""D1-task1"":9,""D2-task1"":9,""D3-task1"":9}","[0,3,3,6,6,9,9,9,9]",13,12,9,2,0,16,47,w3-unpredictable_slow_shock-b2,3
w3-unpredictable_slow_shock-b2-seasonal_lag2-nominal_completion_pair_window6,nominal_completion_pair_window6,seasonal_lag2,2,1,1,[],0,29,41,"{""D3-task1"":9,""D1-task1"":10,""D2-task1"":10}","[0,1,3,4,6,7,9,9,9]",14,12,9,2,0,17,47,w3-unpredictable_slow_shock-b2,3
w3-unpredictable_slow_shock-b2-seasonal_lag2-current_cohort_flow_pair,current_cohort_flow_pair,seasonal_lag2,2,1,1,[],0,29,41,"{""D3-task1"":9,""D1-task1"":10,""D2-task1"":10}","[0,1,3,4,6,7,9,9,9]",14,12,9,2,0,17,47,w3-unpredictable_slow_shock-b2,3
w3-unpredictable_slow_shock-b2-historical_AR1_OLS-nominal_completion_pair_window6,nominal_completion_pair_window6,historical_AR1_OLS,2,1,1,[],0,29,41,"{""D3-task1"":9,""D1-task1"":10,""D2-task1"":10}","[0,1,3,4,6,7,9,9,9]",14,12,9,2,0,17,47,w3-unpredictable_slow_shock-b2,3
w3-unpredictable_slow_shock-b2-historical_AR1_OLS-current_cohort_flow_pair,current_cohort_flow_pair,historical_AR1_OLS,2,1,1,[],0,29,41,"{""D3-task1"":9,""D1-task1"":10,""D2-task1"":10}","[0,1,3,4,6,7,9,9,9]",14,12,9,2,0,17,47,w3-unpredictable_slow_shock-b2,3
w3-unpredictable_slow_shock-b2-unit_admission_pair,unit_admission_pair,unit_admission_pair,2,1,1,"[""A"",""B""]",2,27,39,"{""D1-task1"":9,""D2-task1"":9,""D3-task1"":9}","[0,3,3,6,6,9,9,9,9]",13,12,9,0,0,0,47,w3-unpredictable_slow_shock-b2,3
w3-unpredictable_slow_shock-b2-original_rr,original_rr,original_rr,2,1,1,"[""A"",""B""]",2,27,39,"{""D1-task1"":9,""D2-task1"":9,""D3-task1"":9}","[0,3,3,6,6,9,9,9,9]",13,12,9,0,0,0,47,w3-unpredictable_slow_shock-b2,3
