instance,predictor,policy,current_cohort_flow,current_cohort_services,queries,query_count,common_initial_observations,task_flow_sum,last_task_service,integrated_unfinished_tasks,final_tasks,original_requester_moves,duration_prediction_used_for_choice,alpha_error_lower,alpha_error_upper,production_COST,completed_t8,completed_t9,completed_t10,completed_t11,completed_t12,completed_t13,completed_t14,completed_t15,completed_t16
alternating_next_slow,frozen_nominal,nominal_completion_pair_window6,28.0,D3-task1:8.0;D1-task1:10.0;D2-task1:10.0,C,1,0,40,14,30,9,12,True,0.0,0.0,False,1,1,4,4,7,7,9,9,9
alternating_next_slow,frozen_nominal,current_cohort_flow_pair,27.0,D1-task1:9.0;D2-task1:9.0;D3-task1:9.0,AB,2,0,39,13,27,9,12,True,0.0,0.0,False,0,3,3,6,6,9,9,9,9
alternating_next_slow,last_END,nominal_completion_pair_window6,29.0,D3-task1:9.0;D1-task1:10.0;D2-task1:10.0,WAIT,0,0,41,14,33,9,12,True,1.826153,1.826154,False,0,1,3,4,6,7,9,9,9
alternating_next_slow,last_END,current_cohort_flow_pair,29.0,D3-task1:9.0;D1-task1:10.0;D2-task1:10.0,WAIT,0,0,41,14,33,9,12,True,1.826153,1.826154,False,0,1,3,4,6,7,9,9,9
alternating_next_slow,sliding_mean3,nominal_completion_pair_window6,27.0,D1-task1:9.0;D2-task1:9.0;D3-task1:9.0,AB,2,0,39,13,27,9,12,True,1.217435,1.217436,False,0,3,3,6,6,9,9,9,9
alternating_next_slow,sliding_mean3,current_cohort_flow_pair,27.0,D1-task1:9.0;D2-task1:9.0;D3-task1:9.0,AB,2,0,39,13,27,9,12,True,1.217435,1.217436,False,0,3,3,6,6,9,9,9,9
alternating_next_slow,robust_median3,nominal_completion_pair_window6,29.0,D3-task1:9.0;D1-task1:10.0;D2-task1:10.0,WAIT,0,0,41,14,33,9,12,True,1.826153,1.826154,False,0,1,3,4,6,7,9,9,9
alternating_next_slow,robust_median3,current_cohort_flow_pair,29.0,D3-task1:9.0;D1-task1:10.0;D2-task1:10.0,WAIT,0,0,41,14,33,9,12,True,1.826153,1.826154,False,0,1,3,4,6,7,9,9,9
alternating_next_slow,seasonal_lag2,nominal_completion_pair_window6,28.0,D3-task1:8.0;D1-task1:10.0;D2-task1:10.0,C,1,0,40,14,30,9,12,True,0.0,0.0,False,1,1,4,4,7,7,9,9,9
alternating_next_slow,seasonal_lag2,current_cohort_flow_pair,27.0,D1-task1:9.0;D2-task1:9.0;D3-task1:9.0,AB,2,0,39,13,27,9,12,True,0.0,0.0,False,0,3,3,6,6,9,9,9,9
alternating_next_slow,historical_AR1_OLS,nominal_completion_pair_window6,28.0,D3-task1:8.0;D1-task1:10.0;D2-task1:10.0,C,1,0,40,14,30,9,12,True,0.0,0.0,False,1,1,4,4,7,7,9,9,9
alternating_next_slow,historical_AR1_OLS,current_cohort_flow_pair,27.0,D1-task1:9.0;D2-task1:9.0;D3-task1:9.0,AB,2,0,39,13,27,9,12,True,0.0,0.0,False,0,3,3,6,6,9,9,9,9
alternating_next_slow,AR1_completion_one,nominal_completion_one_window6,28.0,D3-task1:8.0;D1-task1:10.0;D2-task1:10.0,C,1,0,40,14,30,9,12,True,0.0,0.0,False,1,1,4,4,7,7,9,9,9
alternating_next_slow,original_srdc_unpriced,original_srdc,27.0,D1-task1:9.0;D2-task1:9.0;D3-task1:9.0,AB,2,0,39,13,27,9,12,False,,,False,0,3,3,6,6,9,9,9,9
alternating_next_slow,unit_admission_pair,unit_admission_pair,27.0,D1-task1:9.0;D2-task1:9.0;D3-task1:9.0,AB,2,0,39,13,27,9,12,False,,,False,0,3,3,6,6,9,9,9,9
alternating_next_slow,no_query,no_progress_queries,29.0,D3-task1:9.0;D1-task1:10.0;D2-task1:10.0,WAIT,0,0,41,14,33,9,12,False,,,False,0,1,3,4,6,7,9,9,9
alternating_next_fast,frozen_nominal,nominal_completion_pair_window6,24.0,D1-task1:8.0;D2-task1:8.0;D3-task1:8.0,C,1,0,36,12,18,9,12,True,1.826153,1.826154,False,3,3,6,6,9,9,9,9,9
alternating_next_fast,frozen_nominal,current_cohort_flow_pair,24.0,D1-task1:8.0;D2-task1:8.0;D3-task1:8.0,AB,2,0,36,12,18,9,12,True,1.826153,1.826154,False,3,3,6,6,9,9,9,9,9
alternating_next_fast,last_END,nominal_completion_pair_window6,24.0,D1-task1:8.0;D2-task1:8.0;D3-task1:8.0,C,1,0,36,12,18,9,12,True,1.826153,1.826154,False,3,3,6,6,9,9,9,9,9
alternating_next_fast,last_END,current_cohort_flow_pair,24.0,D1-task1:8.0;D2-task1:8.0;D3-task1:8.0,AB,2,0,36,12,18,9,12,True,1.826153,1.826154,False,3,3,6,6,9,9,9,9,9
alternating_next_fast,sliding_mean3,nominal_completion_pair_window6,24.0,D1-task1:8.0;D2-task1:8.0;D3-task1:8.0,C,1,0,36,12,18,9,12,True,1.217435,1.217436,False,3,3,6,6,9,9,9,9,9
alternating_next_fast,sliding_mean3,current_cohort_flow_pair,24.0,D1-task1:8.0;D2-task1:8.0;D3-task1:8.0,C,1,0,36,12,18,9,12,True,1.217435,1.217436,False,3,3,6,6,9,9,9,9,9
alternating_next_fast,robust_median3,nominal_completion_pair_window6,24.0,D1-task1:8.0;D2-task1:8.0;D3-task1:8.0,C,1,0,36,12,18,9,12,True,1.826153,1.826154,False,3,3,6,6,9,9,9,9,9
alternating_next_fast,robust_median3,current_cohort_flow_pair,24.0,D1-task1:8.0;D2-task1:8.0;D3-task1:8.0,AB,2,0,36,12,18,9,12,True,1.826153,1.826154,False,3,3,6,6,9,9,9,9,9
alternating_next_fast,seasonal_lag2,nominal_completion_pair_window6,24.0,D1-task1:8.0;D2-task1:8.0;D3-task1:8.0,WAIT,0,0,36,12,18,9,12,True,0.0,0.0,False,3,3,6,6,9,9,9,9,9
alternating_next_fast,seasonal_lag2,current_cohort_flow_pair,24.0,D1-task1:8.0;D2-task1:8.0;D3-task1:8.0,WAIT,0,0,36,12,18,9,12,True,0.0,0.0,False,3,3,6,6,9,9,9,9,9
alternating_next_fast,historical_AR1_OLS,nominal_completion_pair_window6,24.0,D1-task1:8.0;D2-task1:8.0;D3-task1:8.0,WAIT,0,0,36,12,18,9,12,True,0.0,0.0,False,3,3,6,6,9,9,9,9,9
alternating_next_fast,historical_AR1_OLS,current_cohort_flow_pair,24.0,D1-task1:8.0;D2-task1:8.0;D3-task1:8.0,WAIT,0,0,36,12,18,9,12,True,0.0,0.0,False,3,3,6,6,9,9,9,9,9
alternating_next_fast,AR1_completion_one,nominal_completion_one_window6,24.0,D1-task1:8.0;D2-task1:8.0;D3-task1:8.0,WAIT,0,0,36,12,18,9,12,True,0.0,0.0,False,3,3,6,6,9,9,9,9,9
alternating_next_fast,original_srdc_unpriced,original_srdc,24.0,D1-task1:8.0;D2-task1:8.0;D3-task1:8.0,AB,2,0,36,12,18,9,12,False,,,False,3,3,6,6,9,9,9,9,9
alternating_next_fast,unit_admission_pair,unit_admission_pair,24.0,D1-task1:8.0;D2-task1:8.0;D3-task1:8.0,AB,2,0,36,12,18,9,12,False,,,False,3,3,6,6,9,9,9,9,9
alternating_next_fast,no_query,no_progress_queries,24.0,D1-task1:8.0;D2-task1:8.0;D3-task1:8.0,WAIT,0,0,36,12,18,9,12,False,,,False,3,3,6,6,9,9,9,9,9
stable_fast,frozen_nominal,nominal_completion_pair_window6,24.0,D1-task1:8.0;D2-task1:8.0;D3-task1:8.0,C,1,0,36,12,18,9,12,True,1.826153,1.826154,False,3,3,6,6,9,9,9,9,9
stable_fast,frozen_nominal,current_cohort_flow_pair,24.0,D1-task1:8.0;D2-task1:8.0;D3-task1:8.0,AB,2,0,36,12,18,9,12,True,1.826153,1.826154,False,3,3,6,6,9,9,9,9,9
stable_fast,last_END,nominal_completion_pair_window6,24.0,D1-task1:8.0;D2-task1:8.0;D3-task1:8.0,WAIT,0,0,36,12,18,9,12,True,0.0,0.0,False,3,3,6,6,9,9,9,9,9
stable_fast,last_END,current_cohort_flow_pair,24.0,D1-task1:8.0;D2-task1:8.0;D3-task1:8.0,WAIT,0,0,36,12,18,9,12,True,0.0,0.0,False,3,3,6,6,9,9,9,9,9
stable_fast,sliding_mean3,nominal_completion_pair_window6,24.0,D1-task1:8.0;D2-task1:8.0;D3-task1:8.0,WAIT,0,0,36,12,18,9,12,True,0.0,0.0,False,3,3,6,6,9,9,9,9,9
stable_fast,sliding_mean3,current_cohort_flow_pair,24.0,D1-task1:8.0;D2-task1:8.0;D3-task1:8.0,WAIT,0,0,36,12,18,9,12,True,0.0,0.0,False,3,3,6,6,9,9,9,9,9
stable_fast,robust_median3,nominal_completion_pair_window6,24.0,D1-task1:8.0;D2-task1:8.0;D3-task1:8.0,WAIT,0,0,36,12,18,9,12,True,0.0,0.0,False,3,3,6,6,9,9,9,9,9
stable_fast,robust_median3,current_cohort_flow_pair,24.0,D1-task1:8.0;D2-task1:8.0;D3-task1:8.0,WAIT,0,0,36,12,18,9,12,True,0.0,0.0,False,3,3,6,6,9,9,9,9,9
stable_fast,seasonal_lag2,nominal_completion_pair_window6,24.0,D1-task1:8.0;D2-task1:8.0;D3-task1:8.0,WAIT,0,0,36,12,18,9,12,True,0.0,0.0,False,3,3,6,6,9,9,9,9,9
stable_fast,seasonal_lag2,current_cohort_flow_pair,24.0,D1-task1:8.0;D2-task1:8.0;D3-task1:8.0,WAIT,0,0,36,12,18,9,12,True,0.0,0.0,False,3,3,6,6,9,9,9,9,9
stable_fast,historical_AR1_OLS,nominal_completion_pair_window6,24.0,D1-task1:8.0;D2-task1:8.0;D3-task1:8.0,WAIT,0,0,36,12,18,9,12,True,0.0,0.0,False,3,3,6,6,9,9,9,9,9
stable_fast,historical_AR1_OLS,current_cohort_flow_pair,24.0,D1-task1:8.0;D2-task1:8.0;D3-task1:8.0,WAIT,0,0,36,12,18,9,12,True,0.0,0.0,False,3,3,6,6,9,9,9,9,9
stable_fast,AR1_completion_one,nominal_completion_one_window6,24.0,D1-task1:8.0;D2-task1:8.0;D3-task1:8.0,WAIT,0,0,36,12,18,9,12,True,0.0,0.0,False,3,3,6,6,9,9,9,9,9
stable_fast,original_srdc_unpriced,original_srdc,24.0,D1-task1:8.0;D2-task1:8.0;D3-task1:8.0,AB,2,0,36,12,18,9,12,False,,,False,3,3,6,6,9,9,9,9,9
stable_fast,unit_admission_pair,unit_admission_pair,24.0,D1-task1:8.0;D2-task1:8.0;D3-task1:8.0,AB,2,0,36,12,18,9,12,False,,,False,3,3,6,6,9,9,9,9,9
stable_fast,no_query,no_progress_queries,24.0,D1-task1:8.0;D2-task1:8.0;D3-task1:8.0,WAIT,0,0,36,12,18,9,12,False,,,False,3,3,6,6,9,9,9,9,9
unpredictable_slow_shock,frozen_nominal,nominal_completion_pair_window6,28.0,D3-task1:8.0;D1-task1:10.0;D2-task1:10.0,C,1,0,40,14,30,9,12,True,0.0,0.0,False,1,1,4,4,7,7,9,9,9
unpredictable_slow_shock,frozen_nominal,current_cohort_flow_pair,27.0,D1-task1:9.0;D2-task1:9.0;D3-task1:9.0,AB,2,0,39,13,27,9,12,True,0.0,0.0,False,0,3,3,6,6,9,9,9,9
unpredictable_slow_shock,last_END,nominal_completion_pair_window6,29.0,D3-task1:9.0;D1-task1:10.0;D2-task1:10.0,WAIT,0,0,41,14,33,9,12,True,1.826153,1.826154,False,0,1,3,4,6,7,9,9,9
unpredictable_slow_shock,last_END,current_cohort_flow_pair,29.0,D3-task1:9.0;D1-task1:10.0;D2-task1:10.0,WAIT,0,0,41,14,33,9,12,True,1.826153,1.826154,False,0,1,3,4,6,7,9,9,9
unpredictable_slow_shock,sliding_mean3,nominal_completion_pair_window6,29.0,D3-task1:9.0;D1-task1:10.0;D2-task1:10.0,WAIT,0,0,41,14,33,9,12,True,1.826153,1.826154,False,0,1,3,4,6,7,9,9,9
unpredictable_slow_shock,sliding_mean3,current_cohort_flow_pair,29.0,D3-task1:9.0;D1-task1:10.0;D2-task1:10.0,WAIT,0,0,41,14,33,9,12,True,1.826153,1.826154,False,0,1,3,4,6,7,9,9,9
unpredictable_slow_shock,robust_median3,nominal_completion_pair_window6,29.0,D3-task1:9.0;D1-task1:10.0;D2-task1:10.0,WAIT,0,0,41,14,33,9,12,True,1.826153,1.826154,False,0,1,3,4,6,7,9,9,9
unpredictable_slow_shock,robust_median3,current_cohort_flow_pair,29.0,D3-task1:9.0;D1-task1:10.0;D2-task1:10.0,WAIT,0,0,41,14,33,9,12,True,1.826153,1.826154,False,0,1,3,4,6,7,9,9,9
unpredictable_slow_shock,seasonal_lag2,nominal_completion_pair_window6,29.0,D3-task1:9.0;D1-task1:10.0;D2-task1:10.0,WAIT,0,0,41,14,33,9,12,True,1.826153,1.826154,False,0,1,3,4,6,7,9,9,9
unpredictable_slow_shock,seasonal_lag2,current_cohort_flow_pair,29.0,D3-task1:9.0;D1-task1:10.0;D2-task1:10.0,WAIT,0,0,41,14,33,9,12,True,1.826153,1.826154,False,0,1,3,4,6,7,9,9,9
unpredictable_slow_shock,historical_AR1_OLS,nominal_completion_pair_window6,29.0,D3-task1:9.0;D1-task1:10.0;D2-task1:10.0,WAIT,0,0,41,14,33,9,12,True,1.826153,1.826154,False,0,1,3,4,6,7,9,9,9
unpredictable_slow_shock,historical_AR1_OLS,current_cohort_flow_pair,29.0,D3-task1:9.0;D1-task1:10.0;D2-task1:10.0,WAIT,0,0,41,14,33,9,12,True,1.826153,1.826154,False,0,1,3,4,6,7,9,9,9
unpredictable_slow_shock,AR1_completion_one,nominal_completion_one_window6,29.0,D3-task1:9.0;D1-task1:10.0;D2-task1:10.0,WAIT,0,0,41,14,33,9,12,True,1.826153,1.826154,False,0,1,3,4,6,7,9,9,9
unpredictable_slow_shock,original_srdc_unpriced,original_srdc,27.0,D1-task1:9.0;D2-task1:9.0;D3-task1:9.0,AB,2,0,39,13,27,9,12,False,,,False,0,3,3,6,6,9,9,9,9
unpredictable_slow_shock,unit_admission_pair,unit_admission_pair,27.0,D1-task1:9.0;D2-task1:9.0;D3-task1:9.0,AB,2,0,39,13,27,9,12,False,,,False,0,3,3,6,6,9,9,9,9
unpredictable_slow_shock,no_query,no_progress_queries,29.0,D3-task1:9.0;D1-task1:10.0;D2-task1:10.0,WAIT,0,0,41,14,33,9,12,False,,,False,0,1,3,4,6,7,9,9,9
native_quote_alternating_next_slow,frozen_nominal,nominal_completion_pair_window6,28.0,D3-task1:8.0;D1-task1:10.0;D2-task1:10.0,C,1,6,40,14,30,9,12,True,0.0,0.0,False,1,1,4,4,7,7,9,9,9
native_quote_alternating_next_slow,frozen_nominal,current_cohort_flow_pair,27.0,D1-task1:9.0;D2-task1:9.0;D3-task1:9.0,AB,2,6,39,13,27,9,12,True,0.0,0.0,False,0,3,3,6,6,9,9,9,9
native_quote_alternating_next_slow,last_END,nominal_completion_pair_window6,29.0,D3-task1:9.0;D1-task1:10.0;D2-task1:10.0,WAIT,0,6,41,14,33,9,12,True,1.826153,1.826154,False,0,1,3,4,6,7,9,9,9
native_quote_alternating_next_slow,last_END,current_cohort_flow_pair,29.0,D3-task1:9.0;D1-task1:10.0;D2-task1:10.0,WAIT,0,6,41,14,33,9,12,True,1.826153,1.826154,False,0,1,3,4,6,7,9,9,9
native_quote_alternating_next_slow,sliding_mean3,nominal_completion_pair_window6,27.0,D1-task1:9.0;D2-task1:9.0;D3-task1:9.0,AB,2,6,39,13,27,9,12,True,1.217435,1.217436,False,0,3,3,6,6,9,9,9,9
native_quote_alternating_next_slow,sliding_mean3,current_cohort_flow_pair,27.0,D1-task1:9.0;D2-task1:9.0;D3-task1:9.0,AB,2,6,39,13,27,9,12,True,1.217435,1.217436,False,0,3,3,6,6,9,9,9,9
native_quote_alternating_next_slow,robust_median3,nominal_completion_pair_window6,29.0,D3-task1:9.0;D1-task1:10.0;D2-task1:10.0,WAIT,0,6,41,14,33,9,12,True,1.826153,1.826154,False,0,1,3,4,6,7,9,9,9
native_quote_alternating_next_slow,robust_median3,current_cohort_flow_pair,29.0,D3-task1:9.0;D1-task1:10.0;D2-task1:10.0,WAIT,0,6,41,14,33,9,12,True,1.826153,1.826154,False,0,1,3,4,6,7,9,9,9
native_quote_alternating_next_slow,seasonal_lag2,nominal_completion_pair_window6,28.0,D3-task1:8.0;D1-task1:10.0;D2-task1:10.0,C,1,6,40,14,30,9,12,True,0.0,0.0,False,1,1,4,4,7,7,9,9,9
native_quote_alternating_next_slow,seasonal_lag2,current_cohort_flow_pair,27.0,D1-task1:9.0;D2-task1:9.0;D3-task1:9.0,AB,2,6,39,13,27,9,12,True,0.0,0.0,False,0,3,3,6,6,9,9,9,9
native_quote_alternating_next_slow,historical_AR1_OLS,nominal_completion_pair_window6,28.0,D3-task1:8.0;D1-task1:10.0;D2-task1:10.0,C,1,6,40,14,30,9,12,True,0.0,0.0,False,1,1,4,4,7,7,9,9,9
native_quote_alternating_next_slow,historical_AR1_OLS,current_cohort_flow_pair,27.0,D1-task1:9.0;D2-task1:9.0;D3-task1:9.0,AB,2,6,39,13,27,9,12,True,0.0,0.0,False,0,3,3,6,6,9,9,9,9
native_quote_alternating_next_slow,AR1_completion_one,nominal_completion_one_window6,28.0,D3-task1:8.0;D1-task1:10.0;D2-task1:10.0,C,1,6,40,14,30,9,12,True,0.0,0.0,False,1,1,4,4,7,7,9,9,9
native_quote_alternating_next_slow,original_srdc_native_quote,original_srdc,28.0,D3-task1:8.0;D1-task1:10.0;D2-task1:10.0,CA,2,6,40,14,30,9,12,False,,,False,1,1,4,4,7,7,9,9,9
native_quote_alternating_next_slow,unit_admission_pair,unit_admission_pair,27.0,D1-task1:9.0;D2-task1:9.0;D3-task1:9.0,AB,2,6,39,13,27,9,12,False,,,False,0,3,3,6,6,9,9,9,9
native_quote_alternating_next_slow,no_query,no_progress_queries,29.0,D3-task1:9.0;D1-task1:10.0;D2-task1:10.0,WAIT,0,6,41,14,33,9,12,False,,,False,0,1,3,4,6,7,9,9,9
native_quote_alternating_next_slow,original_RR_shared_warmup,original_rr,27.0,D1-task1:9.0;D2-task1:9.0;D3-task1:9.0,AB,2,6,39,13,27,9,12,False,,,False,0,3,3,6,6,9,9,9,9
native_quote_alternating_next_fast,frozen_nominal,nominal_completion_pair_window6,24.0,D1-task1:8.0;D2-task1:8.0;D3-task1:8.0,C,1,6,36,12,18,9,12,True,1.826153,1.826154,False,3,3,6,6,9,9,9,9,9
native_quote_alternating_next_fast,frozen_nominal,current_cohort_flow_pair,24.0,D1-task1:8.0;D2-task1:8.0;D3-task1:8.0,AB,2,6,36,12,18,9,12,True,1.826153,1.826154,False,3,3,6,6,9,9,9,9,9
native_quote_alternating_next_fast,last_END,nominal_completion_pair_window6,24.0,D1-task1:8.0;D2-task1:8.0;D3-task1:8.0,C,1,6,36,12,18,9,12,True,1.826153,1.826154,False,3,3,6,6,9,9,9,9,9
native_quote_alternating_next_fast,last_END,current_cohort_flow_pair,24.0,D1-task1:8.0;D2-task1:8.0;D3-task1:8.0,AB,2,6,36,12,18,9,12,True,1.826153,1.826154,False,3,3,6,6,9,9,9,9,9
native_quote_alternating_next_fast,sliding_mean3,nominal_completion_pair_window6,24.0,D1-task1:8.0;D2-task1:8.0;D3-task1:8.0,C,1,6,36,12,18,9,12,True,1.217435,1.217436,False,3,3,6,6,9,9,9,9,9
native_quote_alternating_next_fast,sliding_mean3,current_cohort_flow_pair,24.0,D1-task1:8.0;D2-task1:8.0;D3-task1:8.0,C,1,6,36,12,18,9,12,True,1.217435,1.217436,False,3,3,6,6,9,9,9,9,9
native_quote_alternating_next_fast,robust_median3,nominal_completion_pair_window6,24.0,D1-task1:8.0;D2-task1:8.0;D3-task1:8.0,C,1,6,36,12,18,9,12,True,1.826153,1.826154,False,3,3,6,6,9,9,9,9,9
native_quote_alternating_next_fast,robust_median3,current_cohort_flow_pair,24.0,D1-task1:8.0;D2-task1:8.0;D3-task1:8.0,AB,2,6,36,12,18,9,12,True,1.826153,1.826154,False,3,3,6,6,9,9,9,9,9
native_quote_alternating_next_fast,seasonal_lag2,nominal_completion_pair_window6,24.0,D1-task1:8.0;D2-task1:8.0;D3-task1:8.0,WAIT,0,6,36,12,18,9,12,True,0.0,0.0,False,3,3,6,6,9,9,9,9,9
native_quote_alternating_next_fast,seasonal_lag2,current_cohort_flow_pair,24.0,D1-task1:8.0;D2-task1:8.0;D3-task1:8.0,WAIT,0,6,36,12,18,9,12,True,0.0,0.0,False,3,3,6,6,9,9,9,9,9
native_quote_alternating_next_fast,historical_AR1_OLS,nominal_completion_pair_window6,24.0,D1-task1:8.0;D2-task1:8.0;D3-task1:8.0,WAIT,0,6,36,12,18,9,12,True,0.0,0.0,False,3,3,6,6,9,9,9,9,9
native_quote_alternating_next_fast,historical_AR1_OLS,current_cohort_flow_pair,24.0,D1-task1:8.0;D2-task1:8.0;D3-task1:8.0,WAIT,0,6,36,12,18,9,12,True,0.0,0.0,False,3,3,6,6,9,9,9,9,9
native_quote_alternating_next_fast,AR1_completion_one,nominal_completion_one_window6,24.0,D1-task1:8.0;D2-task1:8.0;D3-task1:8.0,WAIT,0,6,36,12,18,9,12,True,0.0,0.0,False,3,3,6,6,9,9,9,9,9
native_quote_alternating_next_fast,original_srdc_native_quote,original_srdc,24.0,D1-task1:8.0;D2-task1:8.0;D3-task1:8.0,CA,2,6,36,12,18,9,12,False,,,False,3,3,6,6,9,9,9,9,9
native_quote_alternating_next_fast,unit_admission_pair,unit_admission_pair,24.0,D1-task1:8.0;D2-task1:8.0;D3-task1:8.0,AB,2,6,36,12,18,9,12,False,,,False,3,3,6,6,9,9,9,9,9
native_quote_alternating_next_fast,no_query,no_progress_queries,24.0,D1-task1:8.0;D2-task1:8.0;D3-task1:8.0,WAIT,0,6,36,12,18,9,12,False,,,False,3,3,6,6,9,9,9,9,9
native_quote_alternating_next_fast,original_RR_shared_warmup,original_rr,24.0,D1-task1:8.0;D2-task1:8.0;D3-task1:8.0,AB,2,6,36,12,18,9,12,False,,,False,3,3,6,6,9,9,9,9,9
