instance,predictor,queries,query_count,common_initial_observations,task_flow_sum,last_task_service,integrated_unfinished_tasks,final_tasks,original_requester_moves,duration_prediction_used_for_choice,alpha_error_lower,alpha_error_upper,production_COST,completed_t8,completed_t9,completed_t10,completed_t11,completed_t12,completed_t13,completed_t14,completed_t15,completed_t16
alternating_next_slow,frozen_nominal,C,1,0,40,14,30,9,12,True,0.0,0.0,False,1,1,4,4,7,7,9,9,9
alternating_next_slow,last_END,WAIT,0,0,41,14,33,9,12,True,1.826153,1.826154,False,0,1,3,4,6,7,9,9,9
alternating_next_slow,sliding_mean3,AB,2,0,39,13,27,9,12,True,1.217435,1.217436,False,0,3,3,6,6,9,9,9,9
alternating_next_slow,robust_median3,WAIT,0,0,41,14,33,9,12,True,1.826153,1.826154,False,0,1,3,4,6,7,9,9,9
alternating_next_slow,seasonal_lag2,C,1,0,40,14,30,9,12,True,0.0,0.0,False,1,1,4,4,7,7,9,9,9
alternating_next_slow,historical_AR1_OLS,C,1,0,40,14,30,9,12,True,0.0,0.0,False,1,1,4,4,7,7,9,9,9
alternating_next_slow,AR1_completion_one,C,1,0,40,14,30,9,12,True,0.0,0.0,False,1,1,4,4,7,7,9,9,9
alternating_next_slow,original_srdc_unpriced,AB,2,0,39,13,27,9,12,False,,,False,0,3,3,6,6,9,9,9,9
alternating_next_slow,unit_admission_pair,AB,2,0,39,13,27,9,12,False,,,False,0,3,3,6,6,9,9,9,9
alternating_next_slow,no_query,WAIT,0,0,41,14,33,9,12,False,,,False,0,1,3,4,6,7,9,9,9
alternating_next_fast,frozen_nominal,C,1,0,36,12,18,9,12,True,1.826153,1.826154,False,3,3,6,6,9,9,9,9,9
alternating_next_fast,last_END,C,1,0,36,12,18,9,12,True,1.826153,1.826154,False,3,3,6,6,9,9,9,9,9
alternating_next_fast,sliding_mean3,C,1,0,36,12,18,9,12,True,1.217435,1.217436,False,3,3,6,6,9,9,9,9,9
alternating_next_fast,robust_median3,C,1,0,36,12,18,9,12,True,1.826153,1.826154,False,3,3,6,6,9,9,9,9,9
alternating_next_fast,seasonal_lag2,WAIT,0,0,36,12,18,9,12,True,0.0,0.0,False,3,3,6,6,9,9,9,9,9
alternating_next_fast,historical_AR1_OLS,WAIT,0,0,36,12,18,9,12,True,0.0,0.0,False,3,3,6,6,9,9,9,9,9
alternating_next_fast,AR1_completion_one,WAIT,0,0,36,12,18,9,12,True,0.0,0.0,False,3,3,6,6,9,9,9,9,9
alternating_next_fast,original_srdc_unpriced,AB,2,0,36,12,18,9,12,False,,,False,3,3,6,6,9,9,9,9,9
alternating_next_fast,unit_admission_pair,AB,2,0,36,12,18,9,12,False,,,False,3,3,6,6,9,9,9,9,9
alternating_next_fast,no_query,WAIT,0,0,36,12,18,9,12,False,,,False,3,3,6,6,9,9,9,9,9
stable_fast,frozen_nominal,C,1,0,36,12,18,9,12,True,1.826153,1.826154,False,3,3,6,6,9,9,9,9,9
stable_fast,last_END,WAIT,0,0,36,12,18,9,12,True,0.0,0.0,False,3,3,6,6,9,9,9,9,9
stable_fast,sliding_mean3,WAIT,0,0,36,12,18,9,12,True,0.0,0.0,False,3,3,6,6,9,9,9,9,9
stable_fast,robust_median3,WAIT,0,0,36,12,18,9,12,True,0.0,0.0,False,3,3,6,6,9,9,9,9,9
stable_fast,seasonal_lag2,WAIT,0,0,36,12,18,9,12,True,0.0,0.0,False,3,3,6,6,9,9,9,9,9
stable_fast,historical_AR1_OLS,WAIT,0,0,36,12,18,9,12,True,0.0,0.0,False,3,3,6,6,9,9,9,9,9
stable_fast,AR1_completion_one,WAIT,0,0,36,12,18,9,12,True,0.0,0.0,False,3,3,6,6,9,9,9,9,9
stable_fast,original_srdc_unpriced,AB,2,0,36,12,18,9,12,False,,,False,3,3,6,6,9,9,9,9,9
stable_fast,unit_admission_pair,AB,2,0,36,12,18,9,12,False,,,False,3,3,6,6,9,9,9,9,9
stable_fast,no_query,WAIT,0,0,36,12,18,9,12,False,,,False,3,3,6,6,9,9,9,9,9
unpredictable_slow_shock,frozen_nominal,C,1,0,40,14,30,9,12,True,0.0,0.0,False,1,1,4,4,7,7,9,9,9
unpredictable_slow_shock,last_END,WAIT,0,0,41,14,33,9,12,True,1.826153,1.826154,False,0,1,3,4,6,7,9,9,9
unpredictable_slow_shock,sliding_mean3,WAIT,0,0,41,14,33,9,12,True,1.826153,1.826154,False,0,1,3,4,6,7,9,9,9
unpredictable_slow_shock,robust_median3,WAIT,0,0,41,14,33,9,12,True,1.826153,1.826154,False,0,1,3,4,6,7,9,9,9
unpredictable_slow_shock,seasonal_lag2,WAIT,0,0,41,14,33,9,12,True,1.826153,1.826154,False,0,1,3,4,6,7,9,9,9
unpredictable_slow_shock,historical_AR1_OLS,WAIT,0,0,41,14,33,9,12,True,1.826153,1.826154,False,0,1,3,4,6,7,9,9,9
unpredictable_slow_shock,AR1_completion_one,WAIT,0,0,41,14,33,9,12,True,1.826153,1.826154,False,0,1,3,4,6,7,9,9,9
unpredictable_slow_shock,original_srdc_unpriced,AB,2,0,39,13,27,9,12,False,,,False,0,3,3,6,6,9,9,9,9
unpredictable_slow_shock,unit_admission_pair,AB,2,0,39,13,27,9,12,False,,,False,0,3,3,6,6,9,9,9,9
unpredictable_slow_shock,no_query,WAIT,0,0,41,14,33,9,12,False,,,False,0,1,3,4,6,7,9,9,9
native_quote_alternating_next_slow,frozen_nominal,C,1,6,40,14,30,9,12,True,0.0,0.0,False,1,1,4,4,7,7,9,9,9
native_quote_alternating_next_slow,last_END,WAIT,0,6,41,14,33,9,12,True,1.826153,1.826154,False,0,1,3,4,6,7,9,9,9
native_quote_alternating_next_slow,sliding_mean3,AB,2,6,39,13,27,9,12,True,1.217435,1.217436,False,0,3,3,6,6,9,9,9,9
native_quote_alternating_next_slow,robust_median3,WAIT,0,6,41,14,33,9,12,True,1.826153,1.826154,False,0,1,3,4,6,7,9,9,9
native_quote_alternating_next_slow,seasonal_lag2,C,1,6,40,14,30,9,12,True,0.0,0.0,False,1,1,4,4,7,7,9,9,9
native_quote_alternating_next_slow,historical_AR1_OLS,C,1,6,40,14,30,9,12,True,0.0,0.0,False,1,1,4,4,7,7,9,9,9
native_quote_alternating_next_slow,AR1_completion_one,C,1,6,40,14,30,9,12,True,0.0,0.0,False,1,1,4,4,7,7,9,9,9
native_quote_alternating_next_slow,original_srdc_native_quote,CA,2,6,40,14,30,9,12,False,,,False,1,1,4,4,7,7,9,9,9
native_quote_alternating_next_slow,unit_admission_pair,AB,2,6,39,13,27,9,12,False,,,False,0,3,3,6,6,9,9,9,9
native_quote_alternating_next_slow,no_query,WAIT,0,6,41,14,33,9,12,False,,,False,0,1,3,4,6,7,9,9,9
native_quote_alternating_next_slow,original_RR_shared_warmup,AB,2,6,39,13,27,9,12,False,,,False,0,3,3,6,6,9,9,9,9
native_quote_alternating_next_fast,frozen_nominal,C,1,6,36,12,18,9,12,True,1.826153,1.826154,False,3,3,6,6,9,9,9,9,9
native_quote_alternating_next_fast,last_END,C,1,6,36,12,18,9,12,True,1.826153,1.826154,False,3,3,6,6,9,9,9,9,9
native_quote_alternating_next_fast,sliding_mean3,C,1,6,36,12,18,9,12,True,1.217435,1.217436,False,3,3,6,6,9,9,9,9,9
native_quote_alternating_next_fast,robust_median3,C,1,6,36,12,18,9,12,True,1.826153,1.826154,False,3,3,6,6,9,9,9,9,9
native_quote_alternating_next_fast,seasonal_lag2,WAIT,0,6,36,12,18,9,12,True,0.0,0.0,False,3,3,6,6,9,9,9,9,9
native_quote_alternating_next_fast,historical_AR1_OLS,WAIT,0,6,36,12,18,9,12,True,0.0,0.0,False,3,3,6,6,9,9,9,9,9
native_quote_alternating_next_fast,AR1_completion_one,WAIT,0,6,36,12,18,9,12,True,0.0,0.0,False,3,3,6,6,9,9,9,9,9
native_quote_alternating_next_fast,original_srdc_native_quote,CA,2,6,36,12,18,9,12,False,,,False,3,3,6,6,9,9,9,9,9
native_quote_alternating_next_fast,unit_admission_pair,AB,2,6,36,12,18,9,12,False,,,False,3,3,6,6,9,9,9,9,9
native_quote_alternating_next_fast,no_query,WAIT,0,6,36,12,18,9,12,False,,,False,3,3,6,6,9,9,9,9,9
native_quote_alternating_next_fast,original_RR_shared_warmup,AB,2,6,36,12,18,9,12,False,,,False,3,3,6,6,9,9,9,9,9
