world_id,cohort_id,split,policy,fixed_tasks,served,first_head_complete,second_head_complete,third_head_complete,restricted_fixed_task_completion_sum,queries,capacity,early_resource_releases,query_without_resource_release,opportunities,maximum_candidates,competing_decisions,model_scoring_candidates,MOVEs,END,head_reveals,deadlock,physics_sha256,selection_sha256,raw_sha256,native_seconds
group_00__IID_10101,group_00,train,WAIT,48,29,13,9,7,18404657189/2000000,0,0,0,0,128,2,5,0,758,758,22,True,c24d8954aea1f07987a448569d829c66c63c0cc7b52f3916ea04f3754eceee1d,4f53cda18c2baa0c0354bb5f9a3ecbe5ed12ab4d8e11ba873c2f11161202b945,7a84157b654c996c0a9bcf51993224413ad1a956ca693ba54ccd8348c6c76359,146.7236553380062
group_00__IID_10101,group_00,train,probe_1_2,48,29,13,9,7,3680698061/400000,1,1,1,0,129,2,5,0,758,758,22,True,a11245f43b5f92ad3fcf7aecf34bc98dbc19b43f8a7ffd69862085d402ee2012,cba39664412567a3131547f9025f853a20f2f56e781d85d4f07620121b3c1cc3,373ca24a14e9a8dd7925443ad0ca64df012c672817b37df688dd8912cf6b2823,274.0018517360004
group_00__IID_10101,group_00,train,probe_2_2,48,29,13,9,7,18403526203/2000000,1,1,1,0,130,2,5,0,758,758,22,True,1f6e0575bb246ee250ccfdfe95f12beb857810c4760d56de1d0d5b22d523c932,ea63b66b4e18314197bc72bf58c7d07664b3d0dd527d1737e018e9ac824fc6b1,992110155c70d882e6605725c78fb8b78dcf8e8846b14faaa351aaa6c9c2aa1b,276.67483877699124
group_00__IID_10102,group_00,train,WAIT,48,35,15,12,8,14684523817/2000000,0,0,0,0,170,2,12,0,918,918,27,True,273454739570bd6698b1f679b395c8961c547c5d67c849584aa99aebb5ff2293,4f53cda18c2baa0c0354bb5f9a3ecbe5ed12ab4d8e11ba873c2f11161202b945,555524130992a2736c3eb0d4f8c70278befaf6e430a7216c92c52d4ef44fec91,200.98686426998756
group_00__IID_10102,group_00,train,probe_1_2,48,35,15,12,8,14683856933/2000000,1,1,1,0,171,2,14,0,918,918,27,True,a860c1daa015095849201257ac7ed6c5c2f3382a71718300241d295b10a2c556,a3f66c5301cc3f987ec5f56062178c8a96fcbe59046acac208ce9c41aec54321,f021c447bee2514b8673cc0d1a3a4bdbeef9e335643564c6a00ab2f484bd6132,262.69236116000684
group_00__IID_10102,group_00,train,probe_2_14,48,35,15,12,8,14684523817/2000000,1,1,0,1,160,2,12,0,918,918,27,True,273454739570bd6698b1f679b395c8961c547c5d67c849584aa99aebb5ff2293,e9608cea651b816949df5e8eeabb03539d97163887d40eee528866607dcfff0e,7a6b074b127ecbb4681db16c9260ce81e8c771b615fc5273ed1fca9663c3db69,255.68456242399407
group_01__IID_10101,group_01,train,WAIT,48,46,16,16,14,7856938769/2000000,0,0,0,0,124,1,0,0,964,964,32,True,cb867706bb9439a9fb09204627d12a52a8187f84cdae40b4202435ae2e9c48f7,4f53cda18c2baa0c0354bb5f9a3ecbe5ed12ab4d8e11ba873c2f11161202b945,7753b8980695ca3ee4688aa61f6d450919068b851fb09070809c0ff216cc744b,176.0217695429892
group_01__IID_10101,group_01,train,probe_1_26,48,46,16,16,14,7856938769/2000000,1,1,1,0,124,1,0,0,964,964,32,True,a95399dab34316573e7af52789416449bbd7ebb11a201b3c9a2fe3073f094d07,e1c8618afc7e171322e9a08b9304a8e0c3736289a1be69e4acb202676751e709,ab553f99a9b878733d54a0f6baba1cb37939b7a53d80f659f326e049a493a49e,210.83101633700426
group_01__IID_10101,group_01,train,probe_2_26,48,46,16,16,14,7856938769/2000000,1,1,1,0,125,1,0,0,964,964,32,True,0b89c964f57821f26fd5ffdcc58b7530e47516ca376dd81f2deadc4def0c0777,21c1782ae871340f65d1ed84cbdbbb3653491bdbec7b52bc65fdf53bb39174af,204ea673d541b06138b6d595250f32befe88e1a0463dce3a4c85191343358a9e,214.54434617899824
group_01__IID_10102,group_01,train,WAIT,48,46,16,16,14,7445960599/2000000,0,0,0,0,133,2,2,0,964,964,32,True,ea7d962497fbd01ca16d6e55fe8b297d19ce3bc4c8d047639fcd60705c6317ef,4f53cda18c2baa0c0354bb5f9a3ecbe5ed12ab4d8e11ba873c2f11161202b945,5ac7606799af3f4dd257bc4e1b50b2c489debca580e344afe04a80cddcb07502,177.66322668999783
group_01__IID_10102,group_01,train,probe_1_26,48,46,16,16,14,7443156321/2000000,1,1,1,0,121,2,7,0,964,964,32,True,ffb8e0e3844d07d94a5c72a6f0e1c737a7c30831064712e489231e111317c0d5,3426925c90c47efa4b74a7b1f6278badca93c9379113666e363c30efa6770154,7341aee61ca63af6e638552721872b6f7f1ae9dd3a26f64b38a35bbc79abf4a2,220.91937082800723
group_01__IID_10102,group_01,train,probe_2_26,48,46,16,16,14,7440504939/2000000,1,1,1,0,112,2,5,0,964,964,32,True,edeed647177c97803b57f4ba9446fe7c258dad6619ba3dd198b2ebbe076f5909,442054dcbe9764966d9a0be0ea24b7d476506efec68b530d11e1b0605715932e,4d5b1fcd3e6a8a4631ec99787c4980a68cb350ad5f16e05eb6e443bdcc18938c,236.21950497500075
group_02__IID_10101,group_02,train,WAIT,48,30,14,9,7,18090735079/2000000,0,0,0,0,47,1,0,0,768,768,23,True,e40d1e3317affc1c2634ab8482da39cd0bff3f24af1a221f51c369fb0cfb131b,4f53cda18c2baa0c0354bb5f9a3ecbe5ed12ab4d8e11ba873c2f11161202b945,007341f015a429387a08b17e7308e0f93874896e230e227383d626c949c120aa,146.5713120529981
group_02__IID_10101,group_02,train,probe_1_38,48,30,14,9,7,18090735079/2000000,1,1,0,1,43,1,0,0,768,768,23,True,e40d1e3317affc1c2634ab8482da39cd0bff3f24af1a221f51c369fb0cfb131b,5d6f82a55e35c837d56bc65a04eb18196396d47c1bae1f2220bebc4ebf2b15e4,0812e73a175ce3e715a0d3aad5dc1246569d2f1698dfd981aee5a89cd356b67a,173.07699870200304
group_02__IID_10101,group_02,train,probe_2_38,48,30,14,9,7,18090735079/2000000,1,1,0,1,44,1,0,0,768,768,23,True,e40d1e3317affc1c2634ab8482da39cd0bff3f24af1a221f51c369fb0cfb131b,9ff50842f415e3efa462f7243ec315d31a012cf5f84fb0c7afef4402c7162356,8b07851224d894346210f3a0f9097dd4614399f51c34aa5d4e16d2a6f0922b34,160.1044489400083
group_02__IID_10102,group_02,train,WAIT,48,38,14,14,10,13045088003/2000000,0,0,0,0,128,2,7,0,912,912,28,True,065e527e761d9440db0e194d672937136e1293c88c554f79a0b479173754b386,4f53cda18c2baa0c0354bb5f9a3ecbe5ed12ab4d8e11ba873c2f11161202b945,d28b029172d5ab4dbb322c6465766ad3f0504f113f1e13b601d039e0fd27c7e7,186.14968958401005
group_02__IID_10102,group_02,train,probe_1_38,48,38,14,14,10,13045088003/2000000,1,1,0,1,124,2,7,0,912,912,28,True,065e527e761d9440db0e194d672937136e1293c88c554f79a0b479173754b386,5d6f82a55e35c837d56bc65a04eb18196396d47c1bae1f2220bebc4ebf2b15e4,874a0acdd52b81026f10c01df952abe79eea0a8fcf8ff1db17d294a87686519a,240.47064845799468
group_02__IID_10102,group_02,train,probe_2_38,48,38,14,14,10,13045088003/2000000,1,1,0,1,125,2,7,0,912,912,28,True,065e527e761d9440db0e194d672937136e1293c88c554f79a0b479173754b386,9ff50842f415e3efa462f7243ec315d31a012cf5f84fb0c7afef4402c7162356,b2cda647e69f7cc046c268e14e3c95f933a17f317a6c7f7e491248bf87339cd5,251.33546197399846
group_03__IID_11101,group_03,calibration,WAIT,48,30,12,11,7,17736050311/2000000,0,0,0,0,146,2,11,0,770,770,23,True,cba4c75eac66d217c40ab2f55ee5091251bd42068558d048ac62cf92105b9fc8,4f53cda18c2baa0c0354bb5f9a3ecbe5ed12ab4d8e11ba873c2f11161202b945,ee0ff48336622789fe553003317c09c2f49f444d4825593047d3fa28ab19e1a7,156.3431151269906
group_03__IID_11101,group_03,calibration,probe_1_48,48,30,12,11,7,17736050311/2000000,1,1,0,1,141,2,11,0,770,770,23,True,cba4c75eac66d217c40ab2f55ee5091251bd42068558d048ac62cf92105b9fc8,60da896784557e6f81daba159de9408a08b5a855464ead4c88462609366c97c2,c3466f89584b4f54dddd8f5795136a48a7d738b040df7bce96215ffcd283cef8,163.04591240099398
group_03__IID_11101,group_03,calibration,probe_2_48,48,30,12,11,7,17736050311/2000000,1,1,0,1,142,2,11,0,770,770,23,True,cba4c75eac66d217c40ab2f55ee5091251bd42068558d048ac62cf92105b9fc8,3b4e34860e409fe574e82f55014360ef764147fffcdd56ddf97a5ddf4d3ce751,0c058e107baa38d19981d17ea2d31cdcf7e6cf5b437af3794aa0c85a17c3699d,152.8721567869943
group_03__IID_11102,group_03,calibration,WAIT,48,26,14,7,5,19566929141/2000000,0,0,0,0,108,2,10,0,664,664,21,True,e051ad4c7d62f19c71bd562928d1474b2fadd732f26cbbb3b6b5a365973d490f,4f53cda18c2baa0c0354bb5f9a3ecbe5ed12ab4d8e11ba873c2f11161202b945,589bcb53dd2695f9e47edf1c0072ee6f82a00bcc8b3df5e31e496002fea44d9d,138.84424421799486
group_03__IID_11102,group_03,calibration,probe_1_58,48,26,14,7,5,19564595373/2000000,1,1,1,0,112,2,9,0,664,664,21,True,1eec668209165e4ebb79209b15f360da3f5e5d6f8694f3e60290d403c8909c2b,7af69ed74f80fe89832d324457ecf4f8999a66c16ffc56ff577fa4b69e7dfb4f,ce711bc1bfc0a5d1e211fac6226565252540f1a0236c510205de853a129e6064,130.2843042510067
group_03__IID_11102,group_03,calibration,probe_2_58,48,26,14,7,5,19565595373/2000000,1,1,1,0,110,2,10,0,664,664,21,True,136151e2e7ddc7e4b7311624a9885c95b4b3646e9c79d2f1dc110510c72cc92f,0f144322d0b0c3e94f8fa93cabd39cff1cb94411ccb1bbf0fdab349585db3a66,8655ae09c3e2d2eadda08aaa4905db66860cee4491bf6d0685e04e249d0b118f,130.7965485619934
group_04__IID_12101,group_04,test,RR,48,36,15,11,10,14274850527/2000000,16,16,6,10,16,1,0,0,818,818,26,True,a060302f5457905209bc104da2fa02bff743dbe70df30d2bf18616a9194684e3,ef32b57adccf53a69bf99f76ebf18ae7f506bec9bb74c3a07863a3d4b95b5bb2,d2ebc6c0a3d00024760f5b59eec0fdd408aa0bbc8efae4c7b31cb61eb37ab337,214.98934526200173
group_04__IID_12101,group_04,test,WAIT,48,36,15,11,10,14281850237/2000000,0,0,0,0,179,1,0,0,818,818,26,True,660ab2e83840fe04df3ace493894b43a3c9956e1788f0ad1dff8562b16857732,4f53cda18c2baa0c0354bb5f9a3ecbe5ed12ab4d8e11ba873c2f11161202b945,ea97e41ce3c735b8c3a39f0efcd723ba4300f00d6210a3bc2b8a477a154c0dda,209.62728652100486
group_04__IID_12101,group_04,test,condition,48,36,15,11,10,14274850527/2000000,16,16,6,10,16,1,0,0,818,818,26,True,a060302f5457905209bc104da2fa02bff743dbe70df30d2bf18616a9194684e3,ef32b57adccf53a69bf99f76ebf18ae7f506bec9bb74c3a07863a3d4b95b5bb2,2985432d67c0896bd2cdbe07290c8e58c933d489a69130ed9030fa3884831dec,208.53380931600987
group_04__IID_12101,group_04,test,ridge_history,48,36,15,11,10,14274850527/2000000,16,16,6,10,16,1,0,16,818,818,26,True,a060302f5457905209bc104da2fa02bff743dbe70df30d2bf18616a9194684e3,ef32b57adccf53a69bf99f76ebf18ae7f506bec9bb74c3a07863a3d4b95b5bb2,16f211a44c18d9c220acb409aa84a2faa5d32e3af7f4497e7dbdf7da05b317d6,284.66903142101364
group_04__IID_12101,group_04,test,ridge_nohistory,48,36,15,11,10,14274850527/2000000,16,16,6,10,16,1,0,16,818,818,26,True,a060302f5457905209bc104da2fa02bff743dbe70df30d2bf18616a9194684e3,ef32b57adccf53a69bf99f76ebf18ae7f506bec9bb74c3a07863a3d4b95b5bb2,077cacfcacec65b27b6246e65c45689fd2c83c4200c55a2545c061b2bac11372,215.50280421500793
group_04__IID_12102,group_04,test,RR,48,24,11,7,6,21517223929/2000000,13,16,8,5,13,1,0,0,649,649,18,True,b4537f2e22c6b1bfd500a90a4ffeb18c6c8d7a31cb93e073cc725b15be092ae9,0d59e655a92cc6f2c986da7e0537c492f62be84d9668c7a2fa774209d99fefdf,615f534e5dca988fdfff8a05d7f8f0a7062c2104fc779402d8bd5e10f4028543,137.9516372079961
group_04__IID_12102,group_04,test,WAIT,48,24,11,7,6,21522311591/2000000,0,0,0,0,56,1,0,0,649,649,18,True,5b362ddff388697b8d2522f8d10c3193a144f29f5c85098025f477cd607f2c49,4f53cda18c2baa0c0354bb5f9a3ecbe5ed12ab4d8e11ba873c2f11161202b945,811c4ad6a58c85551b8f06db12e5f66c28de72da8c818e68b2cd7692e961a8a6,140.64783668200835
group_04__IID_12102,group_04,test,condition,48,24,11,7,6,21517223929/2000000,13,16,8,5,13,1,0,0,649,649,18,True,b4537f2e22c6b1bfd500a90a4ffeb18c6c8d7a31cb93e073cc725b15be092ae9,0d59e655a92cc6f2c986da7e0537c492f62be84d9668c7a2fa774209d99fefdf,af4c0d40294f8b19dd8dd6cca4d52fc18910ea5b7051ccd0852bf4e342c90bc5,239.5199622759974
group_04__IID_12102,group_04,test,ridge_history,48,24,11,7,6,21517223929/2000000,13,16,8,5,13,1,0,13,649,649,18,True,b4537f2e22c6b1bfd500a90a4ffeb18c6c8d7a31cb93e073cc725b15be092ae9,0d59e655a92cc6f2c986da7e0537c492f62be84d9668c7a2fa774209d99fefdf,9e3f129b20fa4144cbe11fc0145599d538d6dbc0f72da8a64035d611000ae5bb,139.8660107520118
group_04__IID_12102,group_04,test,ridge_nohistory,48,24,11,7,6,21517223929/2000000,13,16,8,5,13,1,0,13,649,649,18,True,b4537f2e22c6b1bfd500a90a4ffeb18c6c8d7a31cb93e073cc725b15be092ae9,0d59e655a92cc6f2c986da7e0537c492f62be84d9668c7a2fa774209d99fefdf,e83df31b909a87e41ac07eb15f5e2f396bd29d7d4ff80c585c62007947784c33,124.45154538399947
group_04__SHIFT_12201,group_04,test,RR,48,22,11,6,5,22576329241/2000000,11,16,8,3,11,1,0,0,614,614,17,True,c009b1fe571c2feae56023f259e260fc1e53a54b113b525ceef7d488180307ef,102b038ffa0d1a32f2290239c4626fb231bd9936bd9e778590f637c728b25012,d5e710e458fa493423ff73564c797114872674c50d41624b615ce28c939fee5e,134.52999743900727
group_04__SHIFT_12201,group_04,test,WAIT,48,22,11,6,5,22582424329/2000000,0,0,0,0,74,1,0,0,614,614,17,True,af1f934d2d0ede87e888912bc47ad3cb5aa33093a27e7b8616741ca94cf8f45a,4f53cda18c2baa0c0354bb5f9a3ecbe5ed12ab4d8e11ba873c2f11161202b945,08636cc23ad6f33821ee71805b2e7b81c196526e253fdd4d970cc57e38640433,135.9634553060023
group_04__SHIFT_12201,group_04,test,condition,48,22,11,6,5,22576329241/2000000,11,16,8,3,11,1,0,0,614,614,17,True,c009b1fe571c2feae56023f259e260fc1e53a54b113b525ceef7d488180307ef,102b038ffa0d1a32f2290239c4626fb231bd9936bd9e778590f637c728b25012,90f98b49a3341e4455c29c7e744d42c13bcf69f7331bf1ec19f0f849d72c5ff1,187.7207005819946
group_04__SHIFT_12201,group_04,test,ridge_history,48,22,11,6,5,22576329241/2000000,11,16,8,3,11,1,0,11,614,614,17,True,c009b1fe571c2feae56023f259e260fc1e53a54b113b525ceef7d488180307ef,102b038ffa0d1a32f2290239c4626fb231bd9936bd9e778590f637c728b25012,4bc3ec010e0311964ec7e1394130dff96267afa0bc6b84379e6643dad1299191,239.71524546400178
group_04__SHIFT_12201,group_04,test,ridge_nohistory,48,22,11,6,5,22576329241/2000000,11,16,8,3,11,1,0,11,614,614,17,True,c009b1fe571c2feae56023f259e260fc1e53a54b113b525ceef7d488180307ef,102b038ffa0d1a32f2290239c4626fb231bd9936bd9e778590f637c728b25012,fe3f7ea97ddc759b56ab0ccda07c49ec5deb5d1a22aacd2d4f4a5afefec7de9a,173.40068613699987
group_04__eta0,group_04,test,RR,48,33,15,10,8,15486610247/2000000,12,16,3,9,12,1,0,0,775,775,25,True,b80eb294cf0c5a3fcf8aa64e6155c1fe2f360ff4d9dd5cafa13178ad697100d8,8e1c170577a5954f61b8d67ae67b9d9b609c5878802ad89a97f92cec81c50de5,a76f92ac4dd9f4f7177f0c8dc32b991174edcf3e7fa0a494fc7ab7086b068b28,72.9979248509917
group_04__eta0,group_04,test,WAIT,48,33,15,10,8,15488781821/2000000,0,0,0,0,52,1,0,0,775,775,25,True,55c0ac968c0f943215f9efb8567c6f12f1ed39f862398176fcccbf83f4a7e2f7,4f53cda18c2baa0c0354bb5f9a3ecbe5ed12ab4d8e11ba873c2f11161202b945,fc901cc3e236d5c883b8b85453b491cfc75245f5b62ec48a668b162c0583a66d,45.06348190299468
group_04__eta0,group_04,test,condition,48,33,15,10,8,15474093003/2000000,16,16,16,0,39,1,0,0,776,776,25,True,88d9f4e43e1d33d2217ff7abe793ac895c112f6703020fe1790c00352db29a39,7df6327c7e8a5f62cbebab709a95048c7336aad1ac0dc07f369b3423444bc11e,2952795be5ff219b7be50c945d44679aa724c734ad6341bdcd091790fcb05a62,70.79732441800297
group_04__eta0,group_04,test,ridge_history,48,33,15,10,8,15485524461/2000000,13,16,5,8,14,1,0,14,776,776,25,True,4fccb5dac34b4ec3ed124962fe1a97aa710b1ef1c252b8ee576db83b0deac5a6,2bec7633641d52ac9ad60861f30d11a5c20727cc9caab0b1831f7101faccf10e,dc1169afa937f32df77f11adee7673e05b014bfaf14a5d9f288ec6a247ea4828,62.650974535994465
group_04__eta0,group_04,test,ridge_nohistory,48,33,15,10,8,15486610247/2000000,12,16,3,9,12,1,0,12,775,775,25,True,b80eb294cf0c5a3fcf8aa64e6155c1fe2f360ff4d9dd5cafa13178ad697100d8,8e1c170577a5954f61b8d67ae67b9d9b609c5878802ad89a97f92cec81c50de5,9deaf54139f15d7a4b0e00555ee4d8c2bb02bf196daf965b1a986d11cb177232,47.19017115200404
group_05__IID_12101,group_05,test,RR,48,30,13,11,6,18165200197/2000000,16,16,11,5,16,1,0,0,803,803,24,True,eba151caafe42db151a48d11fab657f4b9effe9329f7203b259cf2ecc8f6652b,e507ddde4adf1d9506a3d8fb22f702e6229b6f67134682a0861a78834c50da83,9fd9556baa9a470bfca74983c3e5e90dde6ecf874da4d9e44e7ac6da5af8d1cc,210.92376936900837
group_05__IID_12101,group_05,test,WAIT,48,30,13,11,6,18177904357/2000000,0,0,0,0,100,2,5,0,803,803,24,True,985ca226f332488be3cd6c19ec25ebaa63bf2b774be44382dc51454574f60cbb,4f53cda18c2baa0c0354bb5f9a3ecbe5ed12ab4d8e11ba873c2f11161202b945,7614a7295c1b77367a48b405275991b41d839f0e20a336f9bcb829f9e0095b54,218.73548658500658
group_05__IID_12101,group_05,test,condition,48,30,13,11,6,18165200197/2000000,16,16,11,5,16,1,0,0,803,803,24,True,eba151caafe42db151a48d11fab657f4b9effe9329f7203b259cf2ecc8f6652b,e507ddde4adf1d9506a3d8fb22f702e6229b6f67134682a0861a78834c50da83,bceeaeee300cd3da1bd1be6bf534734ef8b1900dfc2600c3561594a438752fdd,250.05877933801094
group_05__IID_12101,group_05,test,ridge_history,48,30,13,11,6,18165200197/2000000,16,16,11,5,16,1,0,16,803,803,24,True,eba151caafe42db151a48d11fab657f4b9effe9329f7203b259cf2ecc8f6652b,e507ddde4adf1d9506a3d8fb22f702e6229b6f67134682a0861a78834c50da83,ff0f49153e5710a709086de211e8f184ffa8a9bfe17c58251c6802bc4e85a641,198.76585122199322
group_05__IID_12101,group_05,test,ridge_nohistory,48,30,13,11,6,18165200197/2000000,16,16,11,5,16,1,0,16,803,803,24,True,eba151caafe42db151a48d11fab657f4b9effe9329f7203b259cf2ecc8f6652b,e507ddde4adf1d9506a3d8fb22f702e6229b6f67134682a0861a78834c50da83,4c24afb9a92a61a550a7d64a317a70c9c65f83b1966018aff6977f3062b2aaed,227.68679380799585
group_05__IID_12102,group_05,test,RR,48,35,14,11,10,15053802617/2000000,16,16,9,7,29,2,1,0,840,840,25,True,0122dfde8de03410b078c05c2e2b5198f9f704eb54b47427967cd6467823baac,ec2406c2ae3b3a892271000b953bb7ef725a69cc8a773626a332f1306292fc53,dfc2686b26e736ca088520bfb192292d698263edc93843b2b4a5cb228880e65f,183.30177236598684
group_05__IID_12102,group_05,test,WAIT,48,35,14,11,10,3013756647/400000,0,0,0,0,106,2,14,0,840,840,25,True,250938d650b96cf818d2b4bd82144475d51e935a563e416603aa570bc4b86e1a,4f53cda18c2baa0c0354bb5f9a3ecbe5ed12ab4d8e11ba873c2f11161202b945,3ef06d80860f9fc52b0544e7ec4d99adac5070f3204e99330a96d5127bf2550a,283.8710158959875
group_05__IID_12102,group_05,test,condition,48,35,14,11,10,15053802617/2000000,16,16,9,7,29,2,1,0,840,840,25,True,0122dfde8de03410b078c05c2e2b5198f9f704eb54b47427967cd6467823baac,ee30024ccec95f9d998b51790f7a6366be59f10797f6f7b3f6d693103d68a181,3270d31c7ebd0becb6635e4bd9105b19909cb63a1e677940153326410f481bda,194.52177765099623
group_05__IID_12102,group_05,test,ridge_history,48,35,14,11,10,15053802617/2000000,16,16,9,7,29,2,1,30,840,840,25,True,0122dfde8de03410b078c05c2e2b5198f9f704eb54b47427967cd6467823baac,ec2406c2ae3b3a892271000b953bb7ef725a69cc8a773626a332f1306292fc53,a5d8e90ce95dbabb5151e2f783cce1efb204204b05c4a7bba19726b6ef505ac3,217.04253590099688
group_05__IID_12102,group_05,test,ridge_nohistory,48,35,14,11,10,15053802617/2000000,16,16,9,7,29,2,1,30,840,840,25,True,0122dfde8de03410b078c05c2e2b5198f9f704eb54b47427967cd6467823baac,ee30024ccec95f9d998b51790f7a6366be59f10797f6f7b3f6d693103d68a181,65207642aae769fd36afb1e4ac1f9e7b4774c9ffde44eb16935412eef717e906,188.21953119098907
group_05__SHIFT_12201,group_05,test,RR,48,28,12,9,7,19316355633/2000000,16,16,12,4,20,2,1,0,747,747,21,True,7198ec7d70eaf49c9ee4c51522f3d9cc187e9bfb5e3b50975e38f6098b5d02bf,8c336a98728e4336873590e98229ae05c9c63e9d57d0c2a1ec2dd469df00e1b1,4f1a4ae3e8f5a8dfd535062298845427b682dc3d9b215e5f5081b64386c7ca75,147.21265189300175
group_05__SHIFT_12201,group_05,test,WAIT,48,28,12,9,7,19329646367/2000000,0,0,0,0,66,2,25,0,747,747,21,True,59c6f9ad9fa00869ce6ab49a48762c2efa1d263f0c5c1249846e213428671570,4f53cda18c2baa0c0354bb5f9a3ecbe5ed12ab4d8e11ba873c2f11161202b945,3f177d737247c91cf5d62d3f52619f411c9b3b2554f589b502fec5ce397b4f25,171.11353080699337
group_05__SHIFT_12201,group_05,test,condition,48,28,12,9,7,19316355633/2000000,16,16,12,4,20,2,1,0,747,747,21,True,7198ec7d70eaf49c9ee4c51522f3d9cc187e9bfb5e3b50975e38f6098b5d02bf,805699223327887b2cf57c360e2f080d91767af1fb1444e2302fc12cd018306a,a99f7da619c82320057170e219285393ff44222cef45548879c97cd6ac7daaee,143.18774669000413
group_05__SHIFT_12201,group_05,test,ridge_history,48,28,12,9,7,19316355633/2000000,16,16,12,4,20,2,1,21,747,747,21,True,7198ec7d70eaf49c9ee4c51522f3d9cc187e9bfb5e3b50975e38f6098b5d02bf,805699223327887b2cf57c360e2f080d91767af1fb1444e2302fc12cd018306a,1eb8d51a899d1a403a464c18a3c91449bffced5d776717b9b485b059f7d1a3a0,134.0434936219972
group_05__SHIFT_12201,group_05,test,ridge_nohistory,48,28,12,9,7,19316355633/2000000,16,16,12,4,20,2,1,21,747,747,21,True,7198ec7d70eaf49c9ee4c51522f3d9cc187e9bfb5e3b50975e38f6098b5d02bf,805699223327887b2cf57c360e2f080d91767af1fb1444e2302fc12cd018306a,d1f82057ddd003b0d880792350f1783260fa2615c703c72119b0607db078a976,127.31902811200416
group_05__eta0,group_05,test,RR,48,42,16,15,11,10262437449/2000000,16,16,5,11,42,1,0,0,1088,1088,31,True,7fcc147916bbd86fef18cb72ed0b7615e6985bff8e7a5fdad80cfe6b27864e3e,3fa2c60ecab696ed265c2d9f85e92ce395bd50ced648069d2a9bef1c5719421a,baedc421ecf640a7c6267a19769c96d5597bfef66740acc1c8af72c931172eb4,44.94811446701351
group_05__eta0,group_05,test,WAIT,48,42,16,15,11,10262437449/2000000,0,0,0,0,103,1,0,0,1088,1088,31,True,cb058fa7608df95df80d8ea0e4af71af3629d9dd93bbd5a8d0a93d24229db4f4,4f53cda18c2baa0c0354bb5f9a3ecbe5ed12ab4d8e11ba873c2f11161202b945,2526264ecfa6e0c5e8c16e3dbda79335c5276dc600ef5321b29c94942953220e,36.10495098998945
group_05__eta0,group_05,test,condition,48,39,16,13,10,11898922297/2000000,16,16,16,0,57,1,0,0,986,986,29,True,c9285d9b88bb604149fc9d772f66c8149e416151953d5125af24302977ee0010,67e2dd1ccc3f54188b2373778a0dc94a110720aec4149872151ddbe3b2b64191,b9b3b9077b09cd742dc331e287a596ce511d44f8a46eb8e7ef532cd58fab6088,35.08543304099294
group_05__eta0,group_05,test,ridge_history,48,42,16,15,11,10262437449/2000000,16,16,5,11,42,1,0,42,1088,1088,31,True,7fcc147916bbd86fef18cb72ed0b7615e6985bff8e7a5fdad80cfe6b27864e3e,3fa2c60ecab696ed265c2d9f85e92ce395bd50ced648069d2a9bef1c5719421a,6a5eff5b35b48f6b336e11d5bf4ebd27eff138f603d166673b6cd2c69e1d77cc,44.44663415600371
group_05__eta0,group_05,test,ridge_nohistory,48,42,16,15,11,10262437449/2000000,16,16,5,11,42,1,0,42,1088,1088,31,True,7fcc147916bbd86fef18cb72ed0b7615e6985bff8e7a5fdad80cfe6b27864e3e,3fa2c60ecab696ed265c2d9f85e92ce395bd50ced648069d2a9bef1c5719421a,5c6f85ce9adfeb414b66ea671ae29dcd7dc742d7578698b312b9de79e3898f00,41.884129590005614
