world,family_key,split,map,scenario,offset,seed,budget,policy,selected_option,planned_option,late_gate_reached,tasks,queries,remaining,T_lower,T_upper,J_lower,J_upper,requested_interventions,actual_interventions,unreached_interventions,inference_calls,selector_scoring_ns,skip_installs,skip_clears,service_sha256,error
random-32-32-10_scen2_offset208_train_132106_B16,random-32-32-10_scen2_offset208_train_132106,train,random-32-32-10,random-32-32-10-random-2.scen,208,132106,16,macro_C,C,C,True,38,16,0,6054820243/1000000,6054820281/1000000,616575179719/16385000000,616575179757/16385000000,0,0,0,0,0,0,0,e14f7cb694f565ea3d955a6287cae729413023e4b03b91cf6676219774f4a42a,
random-32-32-10_scen2_offset192_train_132105_B16,random-32-32-10_scen2_offset192_train_132105,train,random-32-32-10,random-32-32-10-random-2.scen,192,132105,16,macro_LD,LD,LD,True,42,16,0,2968089663/500000,742022421/125000,85279227579/2048125000,341116910337/8192500000,2,2,0,0,0,2,2,3f2181578de08298338f07c6c010f8a69ddee0044bab72d1bad97f4ac59f8780,
random-32-32-10_scen2_offset256_test_132301_B8,random-32-32-10_scen2_offset256_test_132301,test,random-32-32-10,random-32-32-10-random-2.scen,256,132301,8,full,C,C,True,45,8,0,271522589/50000,217218073/40000,29275781927/655400000,36594727411/819250000,0,0,0,1,2439909,0,0,6cf31272f2f97f4d68d62f2644852e864a8c83901c66e3045106e153fb0b4e41,
random-32-32-10_scen2_offset272_test_132302_B16,random-32-32-10_scen2_offset272_test_132302,test,random-32-32-10,random-32-32-10-random-2.scen,272,132302,16,WAIT,W,W,False,38,0,16,5953656059/1000000,186051753/31250,19271135747/512031250,616676343941/16385000000,0,0,0,0,0,0,0,03be84e7963450f9939c93997f9e55d900cb33450e4c1f66413174637a08fd5a,
random-32-32-10_scen2_offset272_test_132302_B16,random-32-32-10_scen2_offset272_test_132302,test,random-32-32-10,random-32-32-10-random-2.scen,272,132302,16,condition,C,C,True,38,16,0,2976896837/500000,5953793711/1000000,616676206289/16385000000,308338103163/8192500000,0,0,0,0,0,0,0,df02db6557844b37918a36c417817ec7d1467adde280f37c14a6a4c1912ad32f,
empty-32-32_scen2_offset208_calibration_131202_B8,empty-32-32_scen2_offset208_calibration_131202,calibration,empty-32-32,empty-32-32-random-2.scen,208,131202,8,macro_LD,LD,LD,True,39,8,0,5961740019/1000000,2980870029/500000,316526629971/8192500000,633053259981/16385000000,2,2,0,0,0,2,2,61db66d99ad52bd08b5de1aa043e30afbe189edca2f5d5d9dbcede4dc24afd5c,
random-32-32-10_scen2_offset304_test_132304_B16,random-32-32-10_scen2_offset304_test_132304,test,random-32-32-10,random-32-32-10-random-2.scen,304,132304,16,budget_lookup,C,C,True,45,16,0,1132313639/200000,70769603/12500,9145792897/204812500,146332686361/3277000000,0,0,0,0,0,0,0,ef8036dca3c2a200f22d336cea0d43d1b9d230ec72c68fdc37e10a8034da1c50,
random-32-32-10_scen2_offset256_test_132301_B8,random-32-32-10_scen2_offset256_test_132301,test,random-32-32-10,random-32-32-10-random-2.scen,256,132301,8,alwaysLD,LD,LD,True,45,8,0,271522589/50000,217218073/40000,29275781927/655400000,36594727411/819250000,2,2,0,0,0,2,2,6cf31272f2f97f4d68d62f2644852e864a8c83901c66e3045106e153fb0b4e41,
random-32-32-10_scen2_offset160_train_132103_B16,random-32-32-10_scen2_offset160_train_132103,train,random-32-32-10,random-32-32-10-random-2.scen,160,132103,16,macro_C,C,C,True,45,16,0,2912070207/500000,5824140459/1000000,731500859541/16385000000,365750429793/8192500000,0,0,0,0,0,0,0,73de639fbb8be7fd16f421a06fcff46a098997f261d4f3ae77ad27715b48ce38,
empty-32-32_scen2_offset112_train_131102_B8,empty-32-32_scen2_offset112_train_131102,train,empty-32-32,empty-32-32-random-2.scen,112,131102,8,macro_C,C,C,True,41,8,0,2902499007/500000,1160999611/200000,133196000389/3277000000,332990000993/8192500000,0,0,0,0,0,0,0,72c7edda3e0e372519b3d3d59229396b340451f8e13bee36ac64df91e87b0fb6,
random-32-32-10_scen2_offset272_test_132302_B16,random-32-32-10_scen2_offset272_test_132302,test,random-32-32-10,random-32-32-10-random-2.scen,272,132302,16,full,C,C,True,38,16,0,2976896837/500000,5953793711/1000000,616676206289/16385000000,308338103163/8192500000,0,0,0,1,1901485,0,0,df02db6557844b37918a36c417817ec7d1467adde280f37c14a6a4c1912ad32f,
empty-32-32_scen2_offset272_test_131304_B16,empty-32-32_scen2_offset272_test_131304,test,empty-32-32,empty-32-32-random-2.scen,272,131304,16,no_history_prob,LD,LD,True,53,16,0,5081603179/1000000,1270400807/250000,215830849193/4096250000,863323396821/16385000000,2,2,0,1,1135207,2,2,8a9bd63edf7f2fc50d0e726bd8394d9f0de2c97fe0773e7d18197eddcb29e312,
empty-32-32_scen2_offset272_test_131304_B16,empty-32-32_scen2_offset272_test_131304,test,empty-32-32,empty-32-32-random-2.scen,272,131304,16,alwaysLD,LD,LD,True,53,16,0,5081603179/1000000,1270400807/250000,215830849193/4096250000,863323396821/16385000000,2,2,0,0,0,2,2,8a9bd63edf7f2fc50d0e726bd8394d9f0de2c97fe0773e7d18197eddcb29e312,
empty-32-32_scen2_offset224_test_131301_B16,empty-32-32_scen2_offset224_test_131301,test,empty-32-32,empty-32-32-random-2.scen,224,131301,16,alwaysLD,LD,LD,True,46,16,0,16826864/3125,215383861/40000,29933016139/655400000,2338516886/51203125,2,2,0,0,0,2,2,9695b5714ee8f3dc7c8d51fe886187310011e1764c26670d760b7a75140f58f9,
empty-32-32_scen2_offset256_test_131303_B8,empty-32-32_scen2_offset256_test_131303,test,empty-32-32,empty-32-32-random-2.scen,256,131303,8,alwaysLD,LD,LD,True,42,8,0,6021809649/1000000,6021809691/1000000,682148190309/16385000000,682148190351/16385000000,2,2,0,0,0,2,2,9b07624821ff5bd3d105caf8c7ade574dddee376c942249e0d6a1eda81bc8aa8,
random-32-32-10_scen2_offset160_train_132103_B16,random-32-32-10_scen2_offset160_train_132103,train,random-32-32-10,random-32-32-10-random-2.scen,160,132103,16,macro_LD,LD,LD,True,46,16,0,2915086719/500000,1457543371/250000,186969956629/4096250000,373939913281/8192500000,2,2,0,0,0,2,2,969cb9d62524207615f54a31cb7aa4a1d233c1902c848383bbd8852423c67b5a,
random-32-32-10_scen2_offset304_test_132304_B8,random-32-32-10_scen2_offset304_test_132304,test,random-32-32-10,random-32-32-10-random-2.scen,304,132304,8,WAIT,W,W,False,45,0,8,566753717/100000,1133507443/200000,146331492557/3277000000,73165746283/1638500000,0,0,0,0,0,0,0,141e8e947a6a8fa0adde4e90e3fc8dc32a8f535670531bec5853fbb375f159e7,
empty-32-32_scen2_offset192_calibration_131201_B8,empty-32-32_scen2_offset192_calibration_131201,calibration,empty-32-32,empty-32-32-random-2.scen,192,131201,8,macro_C,C,C,True,41,8,0,1415101603/250000,1415101613/250000,166531148387/4096250000,5742453393/141250000,0,0,0,0,0,0,0,3911489d2f85a9268b669f2a1439566c9ab0872d0621a2419353ca44623d0ca9,
random-32-32-10_scen2_offset160_train_132103_B8,random-32-32-10_scen2_offset160_train_132103,train,random-32-32-10,random-32-32-10-random-2.scen,160,132103,8,macro_LD,LD,LD,True,45,8,0,2916791589/500000,5833583223/1000000,731491416777/16385000000,365745708411/8192500000,2,2,0,0,0,2,2,3faed5ca58d29ea6fad2cd273adb7158c0677b93f73aede380386014d2cf1aab,
empty-32-32_scen2_offset240_test_131302_B8,empty-32-32_scen2_offset240_test_131302,test,empty-32-32,empty-32-32-random-2.scen,240,131302,8,condition,C,C,True,42,8,0,1396996749/250000,2793993519/500000,341291006481/8192500000,170645503251/4096250000,0,0,0,0,0,0,0,d03202e63df56b66fc66ef84888b9d85dfe420388cdf3ef8de7f271f47d96f13,
empty-32-32_scen2_offset224_test_131301_B8,empty-32-32_scen2_offset224_test_131301,test,empty-32-32,empty-32-32-random-2.scen,224,131301,8,no_history_prob,LD,LD,True,46,8,0,5385281313/1000000,2692640679/500000,374162359321/8192500000,748324718687/16385000000,2,2,0,1,2221028,2,2,3edc453c9055e54936a75b9bec4137c462e67efe573b5d87d7aa1361943c2413,
empty-32-32_scen2_offset272_test_131304_B16,empty-32-32_scen2_offset272_test_131304,test,empty-32-32,empty-32-32-random-2.scen,272,131304,16,WAIT,W,W,False,53,0,16,5081603179/1000000,1270400807/250000,215830849193/4096250000,863323396821/16385000000,0,0,0,0,0,0,0,8a9bd63edf7f2fc50d0e726bd8394d9f0de2c97fe0773e7d18197eddcb29e312,
random-32-32-10_scen2_offset256_test_132301_B16,random-32-32-10_scen2_offset256_test_132301,test,random-32-32-10,random-32-32-10-random-2.scen,256,132301,16,full,LD,LD,True,46,16,0,5422921901/1000000,5422921947/1000000,748287078053/16385000000,748287078099/16385000000,2,2,0,1,1206987,2,2,6d80d3abd1c7da9cd47c2480cc5fb5eca84a30096fc644a8bfcecda9e230134f,
empty-32-32_scen2_offset128_train_131103_B8,empty-32-32_scen2_offset128_train_131103,train,empty-32-32,empty-32-32-random-2.scen,128,131103,8,macro_C,C,C,True,44,8,0,5600857503/1000000,5600857547/1000000,715339142453/16385000000,715339142497/16385000000,0,0,0,0,0,0,0,31552d0371384958f37ae22946c6b5b13156f962431e76f57b2cbdcbbcc337c1,
random-32-32-10_scen2_offset208_train_132106_B8,random-32-32-10_scen2_offset208_train_132106,train,random-32-32-10,random-32-32-10-random-2.scen,208,132106,8,macro_C,C,C,True,38,8,0,1513867213/250000,605546889/100000,61657453111/1638500000,154143632787/4096250000,0,0,0,0,0,0,0,da59eca59652d3952a3e162a6e8006c514500d4358b0f7d2b31585c4d1485c52,
empty-32-32_scen2_offset128_train_131103_B16,empty-32-32_scen2_offset128_train_131103,train,empty-32-32,empty-32-32-random-2.scen,128,131103,16,macro_LD,LD,LD,True,44,16,0,5600857503/1000000,5600857547/1000000,715339142453/16385000000,715339142497/16385000000,2,2,0,0,0,2,2,31552d0371384958f37ae22946c6b5b13156f962431e76f57b2cbdcbbcc337c1,
empty-32-32_scen2_offset224_test_131301_B16,empty-32-32_scen2_offset224_test_131301,test,empty-32-32,empty-32-32-random-2.scen,224,131301,16,budget_lookup,C,C,True,46,16,0,16826864/3125,215383861/40000,29933016139/655400000,2338516886/51203125,0,0,0,0,0,0,0,9695b5714ee8f3dc7c8d51fe886187310011e1764c26670d760b7a75140f58f9,
empty-32-32_scen2_offset272_test_131304_B8,empty-32-32_scen2_offset272_test_131304,test,empty-32-32,empty-32-32-random-2.scen,272,131304,8,condition,C,C,True,53,8,0,5081603179/1000000,1270400807/250000,215830849193/4096250000,863323396821/16385000000,0,0,0,0,0,0,0,8a9bd63edf7f2fc50d0e726bd8394d9f0de2c97fe0773e7d18197eddcb29e312,
random-32-32-10_scen2_offset224_calibration_132201_B8,random-32-32-10_scen2_offset224_calibration_132201,calibration,random-32-32-10,random-32-32-10-random-2.scen,224,132201,8,macro_LD,LD,LD,True,40,8,0,2964152443/500000,2964152463/500000,324735847537/8192500000,324735847557/8192500000,2,2,0,0,0,2,2,5088783ea93f097fbfad33b0a313b6d8f3810a3a38a464c64c9d7d64b4e77eed,
empty-32-32_scen2_offset112_train_131102_B16,empty-32-32_scen2_offset112_train_131102,train,empty-32-32,empty-32-32-random-2.scen,112,131102,16,macro_LD,LD,LD,True,41,16,0,1451094587/250000,5804378389/1000000,665980621611/16385000000,166495155413/4096250000,2,2,0,0,0,2,2,4d479584b20e298dc15159cac02eee36b70334e00526922ef92bce118b80ef8d,
random-32-32-10_scen2_offset176_train_132104_B8,random-32-32-10_scen2_offset176_train_132104,train,random-32-32-10,random-32-32-10-random-2.scen,176,132104,8,macro_C,C,C,True,43,8,0,141617949/25000,5664718003/1000000,698890281997/16385000000,17472257051/409625000,0,0,0,0,0,0,0,04eca33c664249990faf8cfb527decf2234dc033eeccfcc5ee7e09cdb33e4593,
random-32-32-10_scen2_offset288_test_132303_B8,random-32-32-10_scen2_offset288_test_132303,test,random-32-32-10,random-32-32-10-random-2.scen,288,132303,8,alwaysLD,LD,LD,True,45,8,0,5769679107/1000000,360604947/62500,45722207553/1024062500,731555320893/16385000000,2,2,0,0,0,2,2,ffa651f812eb45dc7aeea705ab16bf8536ad3992127df9e353ed636150fcc106,
random-32-32-10_scen2_offset272_test_132302_B8,random-32-32-10_scen2_offset272_test_132302,test,random-32-32-10,random-32-32-10-random-2.scen,272,132302,8,WAIT,W,W,False,38,0,8,5953656059/1000000,186051753/31250,19271135747/512031250,616676343941/16385000000,0,0,0,0,0,0,0,03be84e7963450f9939c93997f9e55d900cb33450e4c1f66413174637a08fd5a,
random-32-32-10_scen2_offset272_test_132302_B16,random-32-32-10_scen2_offset272_test_132302,test,random-32-32-10,random-32-32-10-random-2.scen,272,132302,16,alwaysLD,LD,LD,True,38,16,0,2976896837/500000,5953793711/1000000,616676206289/16385000000,308338103163/8192500000,2,2,0,0,0,2,2,df02db6557844b37918a36c417817ec7d1467adde280f37c14a6a4c1912ad32f,
random-32-32-10_scen2_offset272_test_132302_B8,random-32-32-10_scen2_offset272_test_132302,test,random-32-32-10,random-32-32-10-random-2.scen,272,132302,8,condition,C,C,True,38,8,0,2976896837/500000,5953793711/1000000,616676206289/16385000000,308338103163/8192500000,0,0,0,0,0,0,0,df02db6557844b37918a36c417817ec7d1467adde280f37c14a6a4c1912ad32f,
empty-32-32_scen2_offset224_test_131301_B8,empty-32-32_scen2_offset224_test_131301,test,empty-32-32,empty-32-32-random-2.scen,224,131301,8,condition,C,C,True,46,8,0,16826864/3125,215383861/40000,29933016139/655400000,2338516886/51203125,0,0,0,0,0,0,0,9695b5714ee8f3dc7c8d51fe886187310011e1764c26670d760b7a75140f58f9,
random-32-32-10_scen2_offset304_test_132304_B16,random-32-32-10_scen2_offset304_test_132304,test,random-32-32-10,random-32-32-10-random-2.scen,304,132304,16,alwaysLD,LD,LD,True,45,16,0,2830492377/500000,5660984799/1000000,731664015201/16385000000,365832007623/8192500000,2,2,0,0,0,2,2,c2450e0bb2bd28b7560c84fdc2f7189c55dab03bfaef8d522281d48bf3461da3,
empty-32-32_scen2_offset256_test_131303_B8,empty-32-32_scen2_offset256_test_131303,test,empty-32-32,empty-32-32-random-2.scen,256,131303,8,condition,C,C,True,42,8,0,6021095873/1000000,1204219183/200000,136429780817/3277000000,682148904127/16385000000,0,0,0,0,0,0,0,a4caf50c9d11ca5aa11b0b2e17e923843ac82dadb12aa576d0c6c926737f5405,
empty-32-32_scen2_offset240_test_131302_B16,empty-32-32_scen2_offset240_test_131302,test,empty-32-32,empty-32-32-random-2.scen,240,131302,16,no_history_prob,LD,LD,True,42,16,0,1396996749/250000,2793993519/500000,341291006481/8192500000,170645503251/4096250000,2,2,0,1,1258515,2,2,d03202e63df56b66fc66ef84888b9d85dfe420388cdf3ef8de7f271f47d96f13,
random-32-32-10_scen2_offset256_test_132301_B16,random-32-32-10_scen2_offset256_test_132301,test,random-32-32-10,random-32-32-10-random-2.scen,256,132301,16,condition,C,C,True,45,16,0,5429868339/1000000,169683387/31250,22871722863/512031250,731895131661/16385000000,0,0,0,0,0,0,0,4c0f89d84f87994713e1c89376558895d0d890757e3cf12d9f5d3282f679eafe,
random-32-32-10_scen2_offset272_test_132302_B16,random-32-32-10_scen2_offset272_test_132302,test,random-32-32-10,random-32-32-10-random-2.scen,272,132302,16,no_history_prob,C,C,True,38,16,0,2976896837/500000,5953793711/1000000,616676206289/16385000000,308338103163/8192500000,0,0,0,1,1881780,0,0,df02db6557844b37918a36c417817ec7d1467adde280f37c14a6a4c1912ad32f,
random-32-32-10_scen2_offset256_test_132301_B8,random-32-32-10_scen2_offset256_test_132301,test,random-32-32-10,random-32-32-10-random-2.scen,256,132301,8,no_history_prob,C,C,True,45,8,0,271522589/50000,217218073/40000,29275781927/655400000,36594727411/819250000,0,0,0,1,2310664,0,0,6cf31272f2f97f4d68d62f2644852e864a8c83901c66e3045106e153fb0b4e41,
empty-32-32_scen2_offset176_train_131106_B8,empty-32-32_scen2_offset176_train_131106,train,empty-32-32,empty-32-32-random-2.scen,176,131106,8,macro_LD,LD,LD,True,51,8,0,5221656979/1000000,208866281/40000,33216533719/655400000,830413343021/16385000000,2,2,0,0,0,2,2,61b0cc6316c74d032a7a8e52cb008d0385670d354be66f8a5bcf8dcfae481e30,
empty-32-32_scen2_offset128_train_131103_B8,empty-32-32_scen2_offset128_train_131103,train,empty-32-32,empty-32-32-random-2.scen,128,131103,8,macro_LD,LD,LD,True,44,8,0,5600857503/1000000,5600857547/1000000,715339142453/16385000000,715339142497/16385000000,2,2,0,0,0,2,2,31552d0371384958f37ae22946c6b5b13156f962431e76f57b2cbdcbbcc337c1,
empty-32-32_scen2_offset256_test_131303_B16,empty-32-32_scen2_offset256_test_131303,test,empty-32-32,empty-32-32-random-2.scen,256,131303,16,no_history_prob,LD,LD,True,42,16,0,188138977/31250,3010223653/500000,341074776347/8192500000,21317173523/512031250,2,2,0,1,1179522,2,2,0ddf12430ecfbaacaa2d13230d9166781e89fb535dc221aabca5aa3eb2ed1b5b,
random-32-32-10_scen2_offset304_test_132304_B8,random-32-32-10_scen2_offset304_test_132304,test,random-32-32-10,random-32-32-10-random-2.scen,304,132304,8,alwaysLD,LD,LD,True,45,8,0,566753717/100000,1133507443/200000,146331492557/3277000000,73165746283/1638500000,2,2,0,0,0,2,2,141e8e947a6a8fa0adde4e90e3fc8dc32a8f535670531bec5853fbb375f159e7,
empty-32-32_scen2_offset256_test_131303_B16,empty-32-32_scen2_offset256_test_131303,test,empty-32-32,empty-32-32-random-2.scen,256,131303,16,alwaysLD,LD,LD,True,42,16,0,188138977/31250,3010223653/500000,341074776347/8192500000,21317173523/512031250,2,2,0,0,0,2,2,0ddf12430ecfbaacaa2d13230d9166781e89fb535dc221aabca5aa3eb2ed1b5b,
empty-32-32_scen2_offset224_test_131301_B8,empty-32-32_scen2_offset224_test_131301,test,empty-32-32,empty-32-32-random-2.scen,224,131301,8,full,LD,LD,True,46,8,0,5385281313/1000000,2692640679/500000,374162359321/8192500000,748324718687/16385000000,2,2,0,1,2193973,2,2,3edc453c9055e54936a75b9bec4137c462e67efe573b5d87d7aa1361943c2413,
random-32-32-10_scen2_offset288_test_132303_B16,random-32-32-10_scen2_offset288_test_132303,test,random-32-32-10,random-32-32-10-random-2.scen,288,132303,16,WAIT,W,W,False,45,0,16,5769679107/1000000,360604947/62500,45722207553/1024062500,731555320893/16385000000,0,0,0,0,0,0,0,ffa651f812eb45dc7aeea705ab16bf8536ad3992127df9e353ed636150fcc106,
empty-32-32_scen2_offset112_train_131102_B8,empty-32-32_scen2_offset112_train_131102,train,empty-32-32,empty-32-32-random-2.scen,112,131102,8,macro_LD,LD,LD,True,41,8,0,725120183/125000,1160192301/200000,133196807699/3277000000,83248004817/2048125000,2,2,0,0,0,2,2,8e434407537d5ec2f1431764b1d4fa04fa490335cc215215c17b86c113975fa8,
empty-32-32_scen2_offset176_train_131106_B16,empty-32-32_scen2_offset176_train_131106,train,empty-32-32,empty-32-32-random-2.scen,176,131106,16,macro_C,C,C,True,50,16,0,5195571401/1000000,5195571447/1000000,814054428553/16385000000,814054428599/16385000000,0,0,0,0,0,0,0,f9f727db03113a8e5316de90acdcedc88e2d777e6eb9fbf1fe059e0098380c15,
empty-32-32_scen2_offset128_train_131103_B16,empty-32-32_scen2_offset128_train_131103,train,empty-32-32,empty-32-32-random-2.scen,128,131103,16,macro_C,C,C,True,44,16,0,5600857503/1000000,5600857547/1000000,715339142453/16385000000,715339142497/16385000000,0,0,0,0,0,0,0,31552d0371384958f37ae22946c6b5b13156f962431e76f57b2cbdcbbcc337c1,
empty-32-32_scen2_offset240_test_131302_B8,empty-32-32_scen2_offset240_test_131302,test,empty-32-32,empty-32-32-random-2.scen,240,131302,8,WAIT,W,W,False,41,0,8,700767613/125000,1121228189/200000,4594336959/113000000,83272357387/2048125000,0,0,0,0,0,0,0,29e910cba637ee02125b6b23c98d610b571cc556508e09e9a7963f2f5f1cc5bc,
random-32-32-10_scen2_offset272_test_132302_B8,random-32-32-10_scen2_offset272_test_132302,test,random-32-32-10,random-32-32-10-random-2.scen,272,132302,8,no_history_prob,C,C,True,38,8,0,2976896837/500000,5953793711/1000000,616676206289/16385000000,308338103163/8192500000,0,0,0,1,1469774,0,0,df02db6557844b37918a36c417817ec7d1467adde280f37c14a6a4c1912ad32f,
empty-32-32_scen2_offset256_test_131303_B8,empty-32-32_scen2_offset256_test_131303,test,empty-32-32,empty-32-32-random-2.scen,256,131303,8,no_history_prob,C,C,True,42,8,0,6021095873/1000000,1204219183/200000,136429780817/3277000000,682148904127/16385000000,0,0,0,1,1271876,0,0,a4caf50c9d11ca5aa11b0b2e17e923843ac82dadb12aa576d0c6c926737f5405,
empty-32-32_scen2_offset240_test_131302_B16,empty-32-32_scen2_offset240_test_131302,test,empty-32-32,empty-32-32-random-2.scen,240,131302,16,WAIT,W,W,False,41,0,16,700767613/125000,1121228189/200000,4594336959/113000000,83272357387/2048125000,0,0,0,0,0,0,0,29e910cba637ee02125b6b23c98d610b571cc556508e09e9a7963f2f5f1cc5bc,
empty-32-32_scen2_offset272_test_131304_B16,empty-32-32_scen2_offset272_test_131304,test,empty-32-32,empty-32-32-random-2.scen,272,131304,16,condition,C,C,True,53,16,0,5081019737/1000000,2540509893/500000,431661990107/8192500000,863323980263/16385000000,0,0,0,0,0,0,0,aebe343e1725fd67ef0b3012a6fe9afc23141e5a6c3568a9a6c6b973b75ccff0,
empty-32-32_scen2_offset240_test_131302_B16,empty-32-32_scen2_offset240_test_131302,test,empty-32-32,empty-32-32-random-2.scen,240,131302,16,alwaysLD,LD,LD,True,42,16,0,1396996749/250000,2793993519/500000,341291006481/8192500000,170645503251/4096250000,2,2,0,0,0,2,2,d03202e63df56b66fc66ef84888b9d85dfe420388cdf3ef8de7f271f47d96f13,
empty-32-32_scen2_offset272_test_131304_B8,empty-32-32_scen2_offset272_test_131304,test,empty-32-32,empty-32-32-random-2.scen,272,131304,8,no_history_prob,LD,LD,True,53,8,0,5081019737/1000000,2540509893/500000,431661990107/8192500000,863323980263/16385000000,2,2,0,1,1752023,2,2,aebe343e1725fd67ef0b3012a6fe9afc23141e5a6c3568a9a6c6b973b75ccff0,
empty-32-32_scen2_offset144_train_131104_B8,empty-32-32_scen2_offset144_train_131104,train,empty-32-32,empty-32-32-random-2.scen,144,131104,8,macro_LD,LD,LD,True,44,8,0,1151410351/200000,5757051799/1000000,715182948201/16385000000,143036589649/3277000000,2,2,0,0,0,2,2,8b4b935342feb25c338993940c6dc5f617b4e2875f500d75bf5f648773b37bb5,
random-32-32-10_scen2_offset288_test_132303_B16,random-32-32-10_scen2_offset288_test_132303,test,random-32-32-10,random-32-32-10-random-2.scen,288,132303,16,alwaysLD,LD,LD,True,45,16,0,5769679107/1000000,360604947/62500,45722207553/1024062500,731555320893/16385000000,2,2,0,0,0,2,2,ffa651f812eb45dc7aeea705ab16bf8536ad3992127df9e353ed636150fcc106,
random-32-32-10_scen2_offset176_train_132104_B16,random-32-32-10_scen2_offset176_train_132104,train,random-32-32-10,random-32-32-10-random-2.scen,176,132104,16,macro_LD,LD,LD,True,43,16,0,141617949/25000,5664718003/1000000,698890281997/16385000000,17472257051/409625000,2,2,0,0,0,2,2,04eca33c664249990faf8cfb527decf2234dc033eeccfcc5ee7e09cdb33e4593,
random-32-32-10_scen2_offset288_test_132303_B8,random-32-32-10_scen2_offset288_test_132303,test,random-32-32-10,random-32-32-10-random-2.scen,288,132303,8,WAIT,W,W,False,45,0,8,5769679107/1000000,360604947/62500,45722207553/1024062500,731555320893/16385000000,0,0,0,0,0,0,0,ffa651f812eb45dc7aeea705ab16bf8536ad3992127df9e353ed636150fcc106,
empty-32-32_scen2_offset144_train_131104_B8,empty-32-32_scen2_offset144_train_131104,train,empty-32-32,empty-32-32-random-2.scen,144,131104,8,macro_C,C,C,True,44,8,0,1151410351/200000,5757051799/1000000,715182948201/16385000000,143036589649/3277000000,0,0,0,0,0,0,0,8b4b935342feb25c338993940c6dc5f617b4e2875f500d75bf5f648773b37bb5,
empty-32-32_scen2_offset176_train_131106_B8,empty-32-32_scen2_offset176_train_131106,train,empty-32-32,empty-32-32-random-2.scen,176,131106,8,macro_C,C,C,True,50,8,0,5196154843/1000000,5196154889/1000000,814053845111/16385000000,814053845157/16385000000,0,0,0,0,0,0,0,378950a015c2cf883e97e33758631828b3f3e6113c1c3d23a3c11448868844e8,
random-32-32-10_scen2_offset256_test_132301_B8,random-32-32-10_scen2_offset256_test_132301,test,random-32-32-10,random-32-32-10-random-2.scen,256,132301,8,budget_lookup,LD,LD,True,45,8,0,271522589/50000,217218073/40000,29275781927/655400000,36594727411/819250000,2,2,0,0,0,2,2,6cf31272f2f97f4d68d62f2644852e864a8c83901c66e3045106e153fb0b4e41,
empty-32-32_scen2_offset144_train_131104_B16,empty-32-32_scen2_offset144_train_131104,train,empty-32-32,empty-32-32-random-2.scen,144,131104,16,macro_C,C,C,True,44,16,0,5756432089/1000000,5756432133/1000000,715183567867/16385000000,715183567911/16385000000,0,0,0,0,0,0,0,1865ea54ff7f798364fa71c45447e53c6f8beb80697814bdb457e55cce5b3fbc,
random-32-32-10_scen2_offset144_train_132102_B8,random-32-32-10_scen2_offset144_train_132102,train,random-32-32-10,random-32-32-10-random-2.scen,144,132102,8,macro_LD,LD,LD,True,51,8,0,5322681181/1000000,532268123/100000,83031231877/1638500000,830312318819/16385000000,2,2,0,0,0,2,2,a1190585a4965c635be9a1d443779e07fe09f5db0e21e88ebe7fd0f68fddeda3,
random-32-32-10_scen2_offset272_test_132302_B16,random-32-32-10_scen2_offset272_test_132302,test,random-32-32-10,random-32-32-10-random-2.scen,272,132302,16,budget_lookup,C,C,True,38,16,0,2976896837/500000,5953793711/1000000,616676206289/16385000000,308338103163/8192500000,0,0,0,0,0,0,0,df02db6557844b37918a36c417817ec7d1467adde280f37c14a6a4c1912ad32f,
random-32-32-10_scen2_offset288_test_132303_B16,random-32-32-10_scen2_offset288_test_132303,test,random-32-32-10,random-32-32-10-random-2.scen,288,132303,16,condition,C,C,True,45,16,0,5769679107/1000000,360604947/62500,45722207553/1024062500,731555320893/16385000000,0,0,0,0,0,0,0,ffa651f812eb45dc7aeea705ab16bf8536ad3992127df9e353ed636150fcc106,
random-32-32-10_scen2_offset304_test_132304_B16,random-32-32-10_scen2_offset304_test_132304,test,random-32-32-10,random-32-32-10-random-2.scen,304,132304,16,WAIT,W,W,False,45,0,16,566753717/100000,1133507443/200000,146331492557/3277000000,73165746283/1638500000,0,0,0,0,0,0,0,141e8e947a6a8fa0adde4e90e3fc8dc32a8f535670531bec5853fbb375f159e7,
empty-32-32_scen2_offset144_train_131104_B16,empty-32-32_scen2_offset144_train_131104,train,empty-32-32,empty-32-32-random-2.scen,144,131104,16,macro_LD,LD,LD,True,44,16,0,5757015531/1000000,230280623/40000,28607319377/655400000,715182984469/16385000000,2,2,0,0,0,2,2,9421dc621cd683655ea1e3bdd8bb04691f7e13031ec6db66e7f8eceeed25f104,
random-32-32-10_scen2_offset304_test_132304_B8,random-32-32-10_scen2_offset304_test_132304,test,random-32-32-10,random-32-32-10-random-2.scen,304,132304,8,condition,C,C,True,45,8,0,566753717/100000,1133507443/200000,146331492557/3277000000,73165746283/1638500000,0,0,0,0,0,0,0,141e8e947a6a8fa0adde4e90e3fc8dc32a8f535670531bec5853fbb375f159e7,
empty-32-32_scen2_offset240_test_131302_B16,empty-32-32_scen2_offset240_test_131302,test,empty-32-32,empty-32-32-random-2.scen,240,131302,16,full,C,C,True,42,16,0,1396996749/250000,2793993519/500000,341291006481/8192500000,170645503251/4096250000,0,0,0,1,1234754,0,0,d03202e63df56b66fc66ef84888b9d85dfe420388cdf3ef8de7f271f47d96f13,
empty-32-32_scen2_offset224_test_131301_B16,empty-32-32_scen2_offset224_test_131301,test,empty-32-32,empty-32-32-random-2.scen,224,131301,16,condition,C,C,True,46,16,0,16826864/3125,215383861/40000,29933016139/655400000,2338516886/51203125,0,0,0,0,0,0,0,9695b5714ee8f3dc7c8d51fe886187310011e1764c26670d760b7a75140f58f9,
random-32-32-10_scen2_offset304_test_132304_B8,random-32-32-10_scen2_offset304_test_132304,test,random-32-32-10,random-32-32-10-random-2.scen,304,132304,8,full,LD,LD,True,45,8,0,566753717/100000,1133507443/200000,146331492557/3277000000,73165746283/1638500000,2,2,0,1,1188207,2,2,141e8e947a6a8fa0adde4e90e3fc8dc32a8f535670531bec5853fbb375f159e7,
random-32-32-10_scen2_offset240_calibration_132202_B8,random-32-32-10_scen2_offset240_calibration_132202,calibration,random-32-32-10,random-32-32-10-random-2.scen,240,132202,8,macro_C,C,C,True,42,8,0,5673424839/1000000,70917811/12500,8531207189/204812500,682496575161/16385000000,0,0,0,0,0,0,0,67d32c39f70494277d024ac4555528bc10e59fe47b61b8f3c8ec33db2d08785f,
random-32-32-10_scen2_offset128_train_132101_B8,random-32-32-10_scen2_offset128_train_132101,train,random-32-32-10,random-32-32-10-random-2.scen,128,132101,8,macro_C,C,C,True,46,8,0,2764998073/500000,172812381/31250,23380625119/512031250,374090001927/8192500000,0,0,0,0,0,0,0,b2e4c7cf0ae7db4e6fb0e7c837cb771a0e1b195149e8d1beea28061799560aab,
random-32-32-10_scen2_offset128_train_132101_B16,random-32-32-10_scen2_offset128_train_132101,train,random-32-32-10,random-32-32-10-random-2.scen,128,132101,16,macro_C,C,C,True,46,16,0,2764979961/500000,172811249/31250,23380626251/512031250,374090020039/8192500000,0,0,0,0,0,0,0,b82c973b5cfe61b16575e6f08b0c150c81e3846d6d3b4d1682f5ed452ffce0ba,
empty-32-32_scen2_offset256_test_131303_B16,empty-32-32_scen2_offset256_test_131303,test,empty-32-32,empty-32-32-random-2.scen,256,131303,16,full,LD,LD,True,42,16,0,188138977/31250,3010223653/500000,341074776347/8192500000,21317173523/512031250,2,2,0,1,1181811,2,2,0ddf12430ecfbaacaa2d13230d9166781e89fb535dc221aabca5aa3eb2ed1b5b,
random-32-32-10_scen2_offset128_train_132101_B8,random-32-32-10_scen2_offset128_train_132101,train,random-32-32-10,random-32-32-10-random-2.scen,128,132101,8,macro_LD,LD,LD,True,46,8,0,1106128951/200000,5530644801/1000000,748179355199/16385000000,149635871049/3277000000,2,2,0,0,0,2,2,6cbadfaa00f142063032f0585b676df3b4ab8143d19c0203130b76286fa4c7e5,
random-32-32-10_scen2_offset304_test_132304_B8,random-32-32-10_scen2_offset304_test_132304,test,random-32-32-10,random-32-32-10-random-2.scen,304,132304,8,no_history_prob,LD,LD,True,45,8,0,566753717/100000,1133507443/200000,146331492557/3277000000,73165746283/1638500000,2,2,0,1,1138772,2,2,141e8e947a6a8fa0adde4e90e3fc8dc32a8f535670531bec5853fbb375f159e7,
empty-32-32_scen2_offset224_test_131301_B16,empty-32-32_scen2_offset224_test_131301,test,empty-32-32,empty-32-32-random-2.scen,224,131301,16,no_history_prob,LD,LD,True,46,16,0,16826864/3125,215383861/40000,29933016139/655400000,2338516886/51203125,2,2,0,1,1131975,2,2,9695b5714ee8f3dc7c8d51fe886187310011e1764c26670d760b7a75140f58f9,
random-32-32-10_scen2_offset240_calibration_132202_B16,random-32-32-10_scen2_offset240_calibration_132202,calibration,random-32-32-10,random-32-32-10-random-2.scen,240,132202,16,macro_C,C,C,True,42,16,0,709268237/125000,5674145937/1000000,682495854063/16385000000,85311981763/2048125000,0,0,0,0,0,0,0,2574a2b258c23a0329e0ea493e3d76930e06ee423ccb0a053b861732a69f94f5,
empty-32-32_scen2_offset160_train_131105_B8,empty-32-32_scen2_offset160_train_131105,train,empty-32-32,empty-32-32-random-2.scen,160,131105,8,macro_C,C,C,True,47,8,0,5725366489/1000000,715670817/125000,95546204183/2048125000,764369633511/16385000000,0,0,0,0,0,0,0,f9673bed03dec083cda3e90086a15f67e4346f077524fec66cfe699e08d11fc4,
random-32-32-10_scen2_offset224_calibration_132201_B16,random-32-32-10_scen2_offset224_calibration_132201,calibration,random-32-32-10,random-32-32-10-random-2.scen,224,132201,16,macro_LD,LD,LD,True,40,16,0,236716251/40000,1183581263/200000,4479186853/113000000,25979283749/655400000,2,2,0,0,0,2,2,d21adbc30247f14845d1721cf2169c85cf1b8fb0f09d3c3c6de06dc6af285f25,
empty-32-32_scen2_offset96_train_131101_B16,empty-32-32_scen2_offset96_train_131101,train,empty-32-32,empty-32-32-random-2.scen,96,131101,16,macro_LD,LD,LD,True,47,11,5,2774059713/500000,5548119473/1000000,764546880527/16385000000,3382950799/72500000,2,2,0,0,0,2,2,8656924c1d5de0c0f48db8f63c21a9750cfc420776ba9664e9629035867039d2,
random-32-32-10_scen2_offset272_test_132302_B8,random-32-32-10_scen2_offset272_test_132302,test,random-32-32-10,random-32-32-10-random-2.scen,272,132302,8,alwaysLD,LD,LD,True,38,8,0,1488594279/250000,5954377153/1000000,616675622847/16385000000,154168905721/4096250000,2,2,0,0,0,2,2,796e16726493dfc90b6c5083d39f608e919f8201716ad957ffcf46250d2ef30f,
random-32-32-10_scen2_offset144_train_132102_B16,random-32-32-10_scen2_offset144_train_132102,train,random-32-32-10,random-32-32-10-random-2.scen,144,132102,16,macro_C,C,C,True,51,16,0,2652102319/500000,5304204687/1000000,830330795313/16385000000,415165397681/8192500000,0,0,0,0,0,0,0,84c3b9c9695a8a8a4a60764968c39875ca36671a5a40e5b53c93b5c48b3e4f5c,
random-32-32-10_scen2_offset160_train_132103_B8,random-32-32-10_scen2_offset160_train_132103,train,random-32-32-10,random-32-32-10-random-2.scen,160,132103,8,macro_C,C,C,True,46,8,0,2915086719/500000,1457543371/250000,186969956629/4096250000,373939913281/8192500000,0,0,0,0,0,0,0,969cb9d62524207615f54a31cb7aa4a1d233c1902c848383bbd8852423c67b5a,
empty-32-32_scen2_offset96_train_131101_B8,empty-32-32_scen2_offset96_train_131101,train,empty-32-32,empty-32-32-random-2.scen,96,131101,8,macro_LD,LD,LD,True,47,8,0,2774949347/500000,5549898741/1000000,764545101259/16385000000,382272550653/8192500000,2,2,0,0,0,2,2,e217551eddffbb5b72aa7b1deff78b202a5e0aba33df5696b7a57da32c7c405b,
random-32-32-10_scen2_offset256_test_132301_B16,random-32-32-10_scen2_offset256_test_132301,test,random-32-32-10,random-32-32-10-random-2.scen,256,132301,16,no_history_prob,LD,LD,True,46,16,0,5422921901/1000000,5422921947/1000000,748287078053/16385000000,748287078099/16385000000,2,2,0,1,1194059,2,2,6d80d3abd1c7da9cd47c2480cc5fb5eca84a30096fc644a8bfcecda9e230134f,
empty-32-32_scen2_offset272_test_131304_B16,empty-32-32_scen2_offset272_test_131304,test,empty-32-32,empty-32-32-random-2.scen,272,131304,16,budget_lookup,C,C,True,53,16,0,5081019737/1000000,2540509893/500000,431661990107/8192500000,863323980263/16385000000,0,0,0,0,0,0,0,aebe343e1725fd67ef0b3012a6fe9afc23141e5a6c3568a9a6c6b973b75ccff0,
empty-32-32_scen2_offset256_test_131303_B16,empty-32-32_scen2_offset256_test_131303,test,empty-32-32,empty-32-32-random-2.scen,256,131303,16,condition,C,C,True,42,16,0,6019863823/1000000,1203972773/200000,136430027227/3277000000,682150136177/16385000000,0,0,0,0,0,0,0,d97cdde3d56ae4c284e57a7551d76242c4bea9929056ca822f0408c5c009d962,
empty-32-32_scen2_offset176_train_131106_B16,empty-32-32_scen2_offset176_train_131106,train,empty-32-32,empty-32-32-random-2.scen,176,131106,16,macro_LD,LD,LD,True,50,16,0,5195571401/1000000,5195571447/1000000,814054428553/16385000000,814054428599/16385000000,2,2,0,0,0,2,2,f9f727db03113a8e5316de90acdcedc88e2d777e6eb9fbf1fe059e0098380c15,
random-32-32-10_scen2_offset288_test_132303_B16,random-32-32-10_scen2_offset288_test_132303,test,random-32-32-10,random-32-32-10-random-2.scen,288,132303,16,no_history_prob,C,C,True,45,16,0,5769679107/1000000,360604947/62500,45722207553/1024062500,731555320893/16385000000,0,0,0,1,1121622,0,0,ffa651f812eb45dc7aeea705ab16bf8536ad3992127df9e353ed636150fcc106,
random-32-32-10_scen2_offset288_test_132303_B8,random-32-32-10_scen2_offset288_test_132303,test,random-32-32-10,random-32-32-10-random-2.scen,288,132303,8,full,LD,LD,True,45,8,0,5769679107/1000000,360604947/62500,45722207553/1024062500,731555320893/16385000000,2,2,0,1,1322584,2,2,ffa651f812eb45dc7aeea705ab16bf8536ad3992127df9e353ed636150fcc106,
empty-32-32_scen2_offset208_calibration_131202_B16,empty-32-32_scen2_offset208_calibration_131202,calibration,empty-32-32,empty-32-32-random-2.scen,208,131202,16,macro_LD,LD,LD,True,37,16,0,3023692287/500000,6047384611/1000000,600197615389/16385000000,300098807713/8192500000,2,2,0,0,0,2,2,15bd7d6c1bf5cfe87fe07b5cc57b4e21f32fef34d33c7fea4f9edae5f3b285fd,
random-32-32-10_scen2_offset304_test_132304_B16,random-32-32-10_scen2_offset304_test_132304,test,random-32-32-10,random-32-32-10-random-2.scen,304,132304,16,full,C,C,True,45,16,0,1132313639/200000,70769603/12500,9145792897/204812500,146332686361/3277000000,0,0,0,1,1027266,0,0,ef8036dca3c2a200f22d336cea0d43d1b9d230ec72c68fdc37e10a8034da1c50,
random-32-32-10_scen2_offset240_calibration_132202_B8,random-32-32-10_scen2_offset240_calibration_132202,calibration,random-32-32-10,random-32-32-10-random-2.scen,240,132202,8,macro_LD,LD,LD,True,42,8,0,5675341723/1000000,1418835441/250000,170623664559/4096250000,682494658277/16385000000,2,2,0,0,0,2,2,73fb9316f96c14c51621a438e07a40342b1b9f87acd060a02c6ab7cfdbfa6940,
random-32-32-10_scen2_offset176_train_132104_B16,random-32-32-10_scen2_offset176_train_132104,train,random-32-32-10,random-32-32-10-random-2.scen,176,132104,16,macro_C,C,C,True,43,16,0,141617949/25000,5664718003/1000000,698890281997/16385000000,17472257051/409625000,0,0,0,0,0,0,0,04eca33c664249990faf8cfb527decf2234dc033eeccfcc5ee7e09cdb33e4593,
random-32-32-10_scen2_offset208_train_132106_B16,random-32-32-10_scen2_offset208_train_132106,train,random-32-32-10,random-32-32-10-random-2.scen,208,132106,16,macro_LD,LD,LD,True,38,16,0,6054820243/1000000,6054820281/1000000,616575179719/16385000000,616575179757/16385000000,2,2,0,0,0,2,2,e14f7cb694f565ea3d955a6287cae729413023e4b03b91cf6676219774f4a42a,
empty-32-32_scen2_offset272_test_131304_B16,empty-32-32_scen2_offset272_test_131304,test,empty-32-32,empty-32-32-random-2.scen,272,131304,16,full,LD,LD,True,53,16,0,5081603179/1000000,1270400807/250000,215830849193/4096250000,863323396821/16385000000,2,2,0,1,1224571,2,2,8a9bd63edf7f2fc50d0e726bd8394d9f0de2c97fe0773e7d18197eddcb29e312,
random-32-32-10_scen2_offset144_train_132102_B8,random-32-32-10_scen2_offset144_train_132102,train,random-32-32-10,random-32-32-10-random-2.scen,144,132102,8,macro_C,C,C,True,51,8,0,33205543/6250,5312886929/1000000,830322113071/16385000000,5189513207/102406250,0,0,0,0,0,0,0,1748d83516fcdc06422e9b67238ae574dbcd51e9b34e932df2267d2f0a5505bb,
random-32-32-10_scen2_offset192_train_132105_B8,random-32-32-10_scen2_offset192_train_132105,train,random-32-32-10,random-32-32-10-random-2.scen,192,132105,8,macro_LD,LD,LD,True,43,8,0,1184057311/200000,2960143299/500000,349317356701/8192500000,139726942689/3277000000,2,2,0,0,0,2,2,8da9e0c92bf8f1b78541337ef429085eb5785dbd82982ea44da834f7bc11cc77,
random-32-32-10_scen2_offset176_train_132104_B8,random-32-32-10_scen2_offset176_train_132104,train,random-32-32-10,random-32-32-10-random-2.scen,176,132104,8,macro_LD,LD,LD,True,43,8,0,2831817329/500000,5663634701/1000000,698891365299/16385000000,349445682671/8192500000,2,2,0,0,0,2,2,3bf33eba5c1909c4e062b49798dff5a153bc44fc555a5ba21e44aa95780e07e8,
empty-32-32_scen2_offset224_test_131301_B8,empty-32-32_scen2_offset224_test_131301,test,empty-32-32,empty-32-32-random-2.scen,224,131301,8,alwaysLD,LD,LD,True,46,8,0,5385281313/1000000,2692640679/500000,374162359321/8192500000,748324718687/16385000000,2,2,0,0,0,2,2,3edc453c9055e54936a75b9bec4137c462e67efe573b5d87d7aa1361943c2413,
random-32-32-10_scen2_offset304_test_132304_B16,random-32-32-10_scen2_offset304_test_132304,test,random-32-32-10,random-32-32-10-random-2.scen,304,132304,16,no_history_prob,C,C,True,45,16,0,1132313639/200000,70769603/12500,9145792897/204812500,146332686361/3277000000,0,0,0,1,1013258,0,0,ef8036dca3c2a200f22d336cea0d43d1b9d230ec72c68fdc37e10a8034da1c50,
empty-32-32_scen2_offset240_test_131302_B16,empty-32-32_scen2_offset240_test_131302,test,empty-32-32,empty-32-32-random-2.scen,240,131302,16,budget_lookup,C,C,True,42,16,0,1396996749/250000,2793993519/500000,341291006481/8192500000,170645503251/4096250000,0,0,0,0,0,0,0,d03202e63df56b66fc66ef84888b9d85dfe420388cdf3ef8de7f271f47d96f13,
empty-32-32_scen2_offset96_train_131101_B8,empty-32-32_scen2_offset96_train_131101,train,empty-32-32,empty-32-32-random-2.scen,96,131101,8,macro_C,C,C,True,47,8,0,2774949347/500000,5549898741/1000000,764545101259/16385000000,382272550653/8192500000,0,0,0,0,0,0,0,e217551eddffbb5b72aa7b1deff78b202a5e0aba33df5696b7a57da32c7c405b,
empty-32-32_scen2_offset224_test_131301_B8,empty-32-32_scen2_offset224_test_131301,test,empty-32-32,empty-32-32-random-2.scen,224,131301,8,budget_lookup,LD,LD,True,46,8,0,5385281313/1000000,2692640679/500000,374162359321/8192500000,748324718687/16385000000,2,2,0,0,0,2,2,3edc453c9055e54936a75b9bec4137c462e67efe573b5d87d7aa1361943c2413,
empty-32-32_scen2_offset112_train_131102_B16,empty-32-32_scen2_offset112_train_131102,train,empty-32-32,empty-32-32-random-2.scen,112,131102,16,macro_C,C,C,True,41,16,0,2900189011/500000,5800378063/1000000,665984621937/16385000000,332992310989/8192500000,0,0,0,0,0,0,0,94196c27ade1f6594dc9bf55040af904b8cbe8986bc49a13b8856eb1bc120b0c,
random-32-32-10_scen2_offset288_test_132303_B16,random-32-32-10_scen2_offset288_test_132303,test,random-32-32-10,random-32-32-10-random-2.scen,288,132303,16,full,C,C,True,45,16,0,5769679107/1000000,360604947/62500,45722207553/1024062500,731555320893/16385000000,0,0,0,1,1231780,0,0,ffa651f812eb45dc7aeea705ab16bf8536ad3992127df9e353ed636150fcc106,
random-32-32-10_scen2_offset272_test_132302_B8,random-32-32-10_scen2_offset272_test_132302,test,random-32-32-10,random-32-32-10-random-2.scen,272,132302,8,full,C,C,True,38,8,0,2976896837/500000,5953793711/1000000,616676206289/16385000000,308338103163/8192500000,0,0,0,1,1430745,0,0,df02db6557844b37918a36c417817ec7d1467adde280f37c14a6a4c1912ad32f,
random-32-32-10_scen2_offset256_test_132301_B8,random-32-32-10_scen2_offset256_test_132301,test,random-32-32-10,random-32-32-10-random-2.scen,256,132301,8,condition,C,C,True,45,8,0,271522589/50000,217218073/40000,29275781927/655400000,36594727411/819250000,0,0,0,0,0,0,0,6cf31272f2f97f4d68d62f2644852e864a8c83901c66e3045106e153fb0b4e41,
empty-32-32_scen2_offset240_test_131302_B16,empty-32-32_scen2_offset240_test_131302,test,empty-32-32,empty-32-32-random-2.scen,240,131302,16,condition,C,C,True,42,16,0,1396996749/250000,2793993519/500000,341291006481/8192500000,170645503251/4096250000,0,0,0,0,0,0,0,d03202e63df56b66fc66ef84888b9d85dfe420388cdf3ef8de7f271f47d96f13,
random-32-32-10_scen2_offset288_test_132303_B8,random-32-32-10_scen2_offset288_test_132303,test,random-32-32-10,random-32-32-10-random-2.scen,288,132303,8,no_history_prob,C,C,True,45,8,0,5769679107/1000000,360604947/62500,45722207553/1024062500,731555320893/16385000000,0,0,0,1,1252495,0,0,ffa651f812eb45dc7aeea705ab16bf8536ad3992127df9e353ed636150fcc106,
empty-32-32_scen2_offset256_test_131303_B8,empty-32-32_scen2_offset256_test_131303,test,empty-32-32,empty-32-32-random-2.scen,256,131303,8,WAIT,W,W,False,41,0,8,603776049/100000,6037760531/1000000,22956801361/565000000,66574723951/1638500000,0,0,0,0,0,0,0,59642c070219d5731a15acb785b89dfd49b8406cacc2dab77448e469eed91382,
random-32-32-10_scen2_offset208_train_132106_B8,random-32-32-10_scen2_offset208_train_132106,train,random-32-32-10,random-32-32-10-random-2.scen,208,132106,8,macro_LD,LD,LD,True,38,8,0,1513867213/250000,605546889/100000,61657453111/1638500000,154143632787/4096250000,2,2,0,0,0,2,2,da59eca59652d3952a3e162a6e8006c514500d4358b0f7d2b31585c4d1485c52,
random-32-32-10_scen2_offset128_train_132101_B16,random-32-32-10_scen2_offset128_train_132101,train,random-32-32-10,random-32-32-10-random-2.scen,128,132101,16,macro_LD,LD,LD,True,46,16,0,2764979961/500000,172811249/31250,23380626251/512031250,374090020039/8192500000,2,2,0,0,0,2,2,b82c973b5cfe61b16575e6f08b0c150c81e3846d6d3b4d1682f5ed452ffce0ba,
empty-32-32_scen2_offset272_test_131304_B8,empty-32-32_scen2_offset272_test_131304,test,empty-32-32,empty-32-32-random-2.scen,272,131304,8,WAIT,W,W,False,53,0,8,5081603179/1000000,1270400807/250000,215830849193/4096250000,863323396821/16385000000,0,0,0,0,0,0,0,8a9bd63edf7f2fc50d0e726bd8394d9f0de2c97fe0773e7d18197eddcb29e312,
random-32-32-10_scen2_offset240_calibration_132202_B16,random-32-32-10_scen2_offset240_calibration_132202,calibration,random-32-32-10,random-32-32-10-random-2.scen,240,132202,16,macro_LD,LD,LD,True,42,14,2,2836406227/500000,1134562499/200000,136499437501/3277000000,341248593773/8192500000,2,2,0,0,0,2,2,0c8361dcdb8822b8203beb3d709309d23852180e258217677f3e3ad1b06f1fa2,
empty-32-32_scen2_offset240_test_131302_B8,empty-32-32_scen2_offset240_test_131302,test,empty-32-32,empty-32-32-random-2.scen,240,131302,8,no_history_prob,LD,LD,True,42,8,0,1396996749/250000,2793993519/500000,341291006481/8192500000,170645503251/4096250000,2,2,0,1,1233577,2,2,d03202e63df56b66fc66ef84888b9d85dfe420388cdf3ef8de7f271f47d96f13,
empty-32-32_scen2_offset272_test_131304_B8,empty-32-32_scen2_offset272_test_131304,test,empty-32-32,empty-32-32-random-2.scen,272,131304,8,budget_lookup,LD,LD,True,53,8,0,5081019737/1000000,2540509893/500000,431661990107/8192500000,863323980263/16385000000,2,2,0,0,0,2,2,aebe343e1725fd67ef0b3012a6fe9afc23141e5a6c3568a9a6c6b973b75ccff0,
random-32-32-10_scen2_offset256_test_132301_B16,random-32-32-10_scen2_offset256_test_132301,test,random-32-32-10,random-32-32-10-random-2.scen,256,132301,16,WAIT,W,W,False,45,0,16,271522589/50000,217218073/40000,29275781927/655400000,36594727411/819250000,0,0,0,0,0,0,0,6cf31272f2f97f4d68d62f2644852e864a8c83901c66e3045106e153fb0b4e41,
random-32-32-10_scen2_offset192_train_132105_B16,random-32-32-10_scen2_offset192_train_132105,train,random-32-32-10,random-32-32-10-random-2.scen,192,132105,16,macro_C,C,C,True,42,16,0,5919558357/1000000,5919558399/1000000,682250441601/16385000000,682250441643/16385000000,0,0,0,0,0,0,0,21385fa3efda22a6d818d5401b0c26473784784062b540fdf8729b8a09c4a617,
empty-32-32_scen2_offset208_calibration_131202_B16,empty-32-32_scen2_offset208_calibration_131202,calibration,empty-32-32,empty-32-32-random-2.scen,208,131202,16,macro_C,C,C,True,37,16,0,120946967/20000,6047348387/1000000,600197651613/16385000000,12003953033/327700000,0,0,0,0,0,0,0,884c044cef150e116ef82fa6baddd8fdf3de8df7dfd8f2d7fd48e35f7d65c2c8,
empty-32-32_scen2_offset192_calibration_131201_B8,empty-32-32_scen2_offset192_calibration_131201,calibration,empty-32-32,empty-32-32-random-2.scen,192,131201,8,macro_LD,LD,LD,True,41,8,0,1415101603/250000,1415101613/250000,166531148387/4096250000,5742453393/141250000,2,2,0,0,0,2,2,3911489d2f85a9268b669f2a1439566c9ab0872d0621a2419353ca44623d0ca9,
empty-32-32_scen2_offset272_test_131304_B8,empty-32-32_scen2_offset272_test_131304,test,empty-32-32,empty-32-32-random-2.scen,272,131304,8,full,LD,LD,True,53,8,0,5081019737/1000000,2540509893/500000,431661990107/8192500000,863323980263/16385000000,2,2,0,1,1702510,2,2,aebe343e1725fd67ef0b3012a6fe9afc23141e5a6c3568a9a6c6b973b75ccff0,
empty-32-32_scen2_offset256_test_131303_B8,empty-32-32_scen2_offset256_test_131303,test,empty-32-32,empty-32-32-random-2.scen,256,131303,8,budget_lookup,LD,LD,True,42,8,0,6021809649/1000000,6021809691/1000000,682148190309/16385000000,682148190351/16385000000,2,2,0,0,0,2,2,9b07624821ff5bd3d105caf8c7ade574dddee376c942249e0d6a1eda81bc8aa8,
random-32-32-10_scen2_offset256_test_132301_B16,random-32-32-10_scen2_offset256_test_132301,test,random-32-32-10,random-32-32-10-random-2.scen,256,132301,16,budget_lookup,C,C,True,45,16,0,5429868339/1000000,169683387/31250,22871722863/512031250,731895131661/16385000000,0,0,0,0,0,0,0,4c0f89d84f87994713e1c89376558895d0d890757e3cf12d9f5d3282f679eafe,
random-32-32-10_scen2_offset304_test_132304_B8,random-32-32-10_scen2_offset304_test_132304,test,random-32-32-10,random-32-32-10-random-2.scen,304,132304,8,budget_lookup,LD,LD,True,45,8,0,566753717/100000,1133507443/200000,146331492557/3277000000,73165746283/1638500000,2,2,0,0,0,2,2,141e8e947a6a8fa0adde4e90e3fc8dc32a8f535670531bec5853fbb375f159e7,
random-32-32-10_scen2_offset304_test_132304_B16,random-32-32-10_scen2_offset304_test_132304,test,random-32-32-10,random-32-32-10-random-2.scen,304,132304,16,condition,C,C,True,45,16,0,1132313639/200000,70769603/12500,9145792897/204812500,146332686361/3277000000,0,0,0,0,0,0,0,ef8036dca3c2a200f22d336cea0d43d1b9d230ec72c68fdc37e10a8034da1c50,
empty-32-32_scen2_offset96_train_131101_B16,empty-32-32_scen2_offset96_train_131101,train,empty-32-32,empty-32-32-random-2.scen,96,131101,16,macro_C,C,C,True,47,13,3,2774059713/500000,5548119473/1000000,764546880527/16385000000,3382950799/72500000,0,0,0,0,0,0,0,8656924c1d5de0c0f48db8f63c21a9750cfc420776ba9664e9629035867039d2,
random-32-32-10_scen2_offset256_test_132301_B16,random-32-32-10_scen2_offset256_test_132301,test,random-32-32-10,random-32-32-10-random-2.scen,256,132301,16,alwaysLD,LD,LD,True,46,16,0,5422921901/1000000,5422921947/1000000,748287078053/16385000000,748287078099/16385000000,2,2,0,0,0,2,2,6d80d3abd1c7da9cd47c2480cc5fb5eca84a30096fc644a8bfcecda9e230134f,
empty-32-32_scen2_offset192_calibration_131201_B16,empty-32-32_scen2_offset192_calibration_131201,calibration,empty-32-32,empty-32-32-random-2.scen,192,131201,16,macro_LD,LD,LD,True,41,16,0,707409469/125000,353704737/62500,41632857763/1024062500,83265715531/2048125000,2,2,0,0,0,2,2,9a920a9971e6ee35f2053766314e168b5e7a72102c80e2edc8df6248b6ba5242,
empty-32-32_scen2_offset208_calibration_131202_B8,empty-32-32_scen2_offset208_calibration_131202,calibration,empty-32-32,empty-32-32-random-2.scen,208,131202,8,macro_C,C,C,True,37,8,0,3024311953/500000,6048623943/1000000,600196376057/16385000000,300098188047/8192500000,0,0,0,0,0,0,0,aa3aae1c60e39aa0f5e55d71eb571a6dc254103fbb2c845af1dbc9efec0a7aa7,
empty-32-32_scen2_offset224_test_131301_B8,empty-32-32_scen2_offset224_test_131301,test,empty-32-32,empty-32-32-random-2.scen,224,131301,8,WAIT,W,W,False,46,0,8,5386448197/1000000,2693224121/500000,374161775879/8192500000,25804260407/565000000,0,0,0,0,0,0,0,e4b7c2d6dabb8103df4efa74739213273d6e4ff5f50e4de0ae683d14b6b9c1ba,
empty-32-32_scen2_offset224_test_131301_B16,empty-32-32_scen2_offset224_test_131301,test,empty-32-32,empty-32-32-random-2.scen,224,131301,16,full,LD,LD,True,46,16,0,16826864/3125,215383861/40000,29933016139/655400000,2338516886/51203125,2,2,0,1,1109850,2,2,9695b5714ee8f3dc7c8d51fe886187310011e1764c26670d760b7a75140f58f9,
empty-32-32_scen2_offset240_test_131302_B8,empty-32-32_scen2_offset240_test_131302,test,empty-32-32,empty-32-32-random-2.scen,240,131302,8,alwaysLD,LD,LD,True,42,8,0,1396996749/250000,2793993519/500000,341291006481/8192500000,170645503251/4096250000,2,2,0,0,0,2,2,d03202e63df56b66fc66ef84888b9d85dfe420388cdf3ef8de7f271f47d96f13,
random-32-32-10_scen2_offset224_calibration_132201_B8,random-32-32-10_scen2_offset224_calibration_132201,calibration,random-32-32-10,random-32-32-10-random-2.scen,224,132201,8,macro_C,C,C,True,41,8,0,1183543583/200000,1479429489/250000,166466820511/4096250000,133173456417/3277000000,0,0,0,0,0,0,0,a307329a815c61a19c4c025f14c418e754c7fdca8d8ff74403f4a8448cd5ba3a,
empty-32-32_scen2_offset160_train_131105_B16,empty-32-32_scen2_offset160_train_131105,train,empty-32-32,empty-32-32-random-2.scen,160,131105,16,macro_LD,LD,LD,True,46,16,0,2859223017/500000,17870144/3125,2337473606/51203125,373995776983/8192500000,2,2,0,0,0,2,2,78f0a751f01482b30e7920fc6075af963fc49b9d7dd8a0ac1a5b8f2e2d1caff4,
empty-32-32_scen2_offset272_test_131304_B8,empty-32-32_scen2_offset272_test_131304,test,empty-32-32,empty-32-32-random-2.scen,272,131304,8,alwaysLD,LD,LD,True,53,8,0,5081019737/1000000,2540509893/500000,431661990107/8192500000,863323980263/16385000000,2,2,0,0,0,2,2,aebe343e1725fd67ef0b3012a6fe9afc23141e5a6c3568a9a6c6b973b75ccff0,
empty-32-32_scen2_offset256_test_131303_B16,empty-32-32_scen2_offset256_test_131303,test,empty-32-32,empty-32-32-random-2.scen,256,131303,16,budget_lookup,C,C,True,42,16,0,6019863823/1000000,1203972773/200000,136430027227/3277000000,682150136177/16385000000,0,0,0,0,0,0,0,d97cdde3d56ae4c284e57a7551d76242c4bea9929056ca822f0408c5c009d962,
empty-32-32_scen2_offset192_calibration_131201_B16,empty-32-32_scen2_offset192_calibration_131201,calibration,empty-32-32,empty-32-32-random-2.scen,192,131201,16,macro_C,C,C,True,41,16,0,1413332201/250000,1413332211/250000,166532917789/4096250000,166532917799/4096250000,0,0,0,0,0,0,0,ec0c0158fdd16fa016028d6918f5e90775d1692958c0e752b904e433b78cf03c,
empty-32-32_scen2_offset160_train_131105_B16,empty-32-32_scen2_offset160_train_131105,train,empty-32-32,empty-32-32-random-2.scen,160,131105,16,macro_C,C,C,True,47,16,0,5724783047/1000000,2862391547/500000,382185108453/8192500000,764370216953/16385000000,0,0,0,0,0,0,0,93527310fc42f34d297ada4107876339ff0f522d0a1cfd5da88d96466af3eae1,
random-32-32-10_scen2_offset288_test_132303_B8,random-32-32-10_scen2_offset288_test_132303,test,random-32-32-10,random-32-32-10-random-2.scen,288,132303,8,condition,C,C,True,45,8,0,5769679107/1000000,360604947/62500,45722207553/1024062500,731555320893/16385000000,0,0,0,0,0,0,0,ffa651f812eb45dc7aeea705ab16bf8536ad3992127df9e353ed636150fcc106,
random-32-32-10_scen2_offset144_train_132102_B16,random-32-32-10_scen2_offset144_train_132102,train,random-32-32-10,random-32-32-10-random-2.scen,144,132102,16,macro_LD,LD,LD,True,51,16,0,5311654829/1000000,2655827439/500000,415161672561/8192500000,830323345171/16385000000,2,2,0,0,0,2,2,2b0e448c2cdc68325ea35618151616b0c9557c99e2c4c6035ac2df20b97b15ee,
empty-32-32_scen2_offset256_test_131303_B8,empty-32-32_scen2_offset256_test_131303,test,empty-32-32,empty-32-32-random-2.scen,256,131303,8,full,LD,LD,True,42,8,0,6021809649/1000000,6021809691/1000000,682148190309/16385000000,682148190351/16385000000,2,2,0,1,1288447,2,2,9b07624821ff5bd3d105caf8c7ade574dddee376c942249e0d6a1eda81bc8aa8,
random-32-32-10_scen2_offset192_train_132105_B8,random-32-32-10_scen2_offset192_train_132105,train,random-32-32-10,random-32-32-10-random-2.scen,192,132105,8,macro_C,C,C,True,42,8,0,2968089663/500000,742022421/125000,85279227579/2048125000,341116910337/8192500000,0,0,0,0,0,0,0,3f2181578de08298338f07c6c010f8a69ddee0044bab72d1bad97f4ac59f8780,
empty-32-32_scen2_offset256_test_131303_B16,empty-32-32_scen2_offset256_test_131303,test,empty-32-32,empty-32-32-random-2.scen,256,131303,16,WAIT,W,W,False,41,0,16,603776049/100000,6037760531/1000000,22956801361/565000000,66574723951/1638500000,0,0,0,0,0,0,0,59642c070219d5731a15acb785b89dfd49b8406cacc2dab77448e469eed91382,
random-32-32-10_scen2_offset288_test_132303_B16,random-32-32-10_scen2_offset288_test_132303,test,random-32-32-10,random-32-32-10-random-2.scen,288,132303,16,budget_lookup,C,C,True,45,16,0,5769679107/1000000,360604947/62500,45722207553/1024062500,731555320893/16385000000,0,0,0,0,0,0,0,ffa651f812eb45dc7aeea705ab16bf8536ad3992127df9e353ed636150fcc106,
empty-32-32_scen2_offset240_test_131302_B8,empty-32-32_scen2_offset240_test_131302,test,empty-32-32,empty-32-32-random-2.scen,240,131302,8,full,LD,LD,True,42,8,0,1396996749/250000,2793993519/500000,341291006481/8192500000,170645503251/4096250000,2,2,0,1,1253371,2,2,d03202e63df56b66fc66ef84888b9d85dfe420388cdf3ef8de7f271f47d96f13,
random-32-32-10_scen2_offset288_test_132303_B8,random-32-32-10_scen2_offset288_test_132303,test,random-32-32-10,random-32-32-10-random-2.scen,288,132303,8,budget_lookup,LD,LD,True,45,8,0,5769679107/1000000,360604947/62500,45722207553/1024062500,731555320893/16385000000,2,2,0,0,0,2,2,ffa651f812eb45dc7aeea705ab16bf8536ad3992127df9e353ed636150fcc106,
empty-32-32_scen2_offset224_test_131301_B16,empty-32-32_scen2_offset224_test_131301,test,empty-32-32,empty-32-32-random-2.scen,224,131301,16,WAIT,W,W,False,46,0,16,5386448197/1000000,2693224121/500000,374161775879/8192500000,25804260407/565000000,0,0,0,0,0,0,0,e4b7c2d6dabb8103df4efa74739213273d6e4ff5f50e4de0ae683d14b6b9c1ba,
empty-32-32_scen2_offset160_train_131105_B8,empty-32-32_scen2_offset160_train_131105,train,empty-32-32,empty-32-32-random-2.scen,160,131105,8,macro_LD,LD,LD,True,47,8,0,5725366489/1000000,715670817/125000,95546204183/2048125000,764369633511/16385000000,2,2,0,0,0,2,2,f9673bed03dec083cda3e90086a15f67e4346f077524fec66cfe699e08d11fc4,
random-32-32-10_scen2_offset256_test_132301_B8,random-32-32-10_scen2_offset256_test_132301,test,random-32-32-10,random-32-32-10-random-2.scen,256,132301,8,WAIT,W,W,False,45,0,8,271522589/50000,217218073/40000,29275781927/655400000,36594727411/819250000,0,0,0,0,0,0,0,6cf31272f2f97f4d68d62f2644852e864a8c83901c66e3045106e153fb0b4e41,
random-32-32-10_scen2_offset272_test_132302_B8,random-32-32-10_scen2_offset272_test_132302,test,random-32-32-10,random-32-32-10-random-2.scen,272,132302,8,budget_lookup,LD,LD,True,38,8,0,1488594279/250000,5954377153/1000000,616675622847/16385000000,154168905721/4096250000,2,2,0,0,0,2,2,796e16726493dfc90b6c5083d39f608e919f8201716ad957ffcf46250d2ef30f,
random-32-32-10_scen2_offset224_calibration_132201_B16,random-32-32-10_scen2_offset224_calibration_132201,calibration,random-32-32-10,random-32-32-10-random-2.scen,224,132201,16,macro_C,C,C,True,40,16,0,2964152443/500000,2964152463/500000,324735847537/8192500000,324735847557/8192500000,0,0,0,0,0,0,0,5088783ea93f097fbfad33b0a313b6d8f3810a3a38a464c64c9d7d64b4e77eed,
empty-32-32_scen2_offset240_test_131302_B8,empty-32-32_scen2_offset240_test_131302,test,empty-32-32,empty-32-32-random-2.scen,240,131302,8,budget_lookup,LD,LD,True,42,8,0,1396996749/250000,2793993519/500000,341291006481/8192500000,170645503251/4096250000,2,2,0,0,0,2,2,d03202e63df56b66fc66ef84888b9d85dfe420388cdf3ef8de7f271f47d96f13,
