split,arm,registered_worlds,executed_worlds,successful_worlds,completed_agents,safely_completed_agents,registered_agents,restricted_sum,queries,stale_queries,solver_calls,new_author_calls,solver_failure_count,adoption_rejection_count,pending_queries,reference_solver_seconds
CAL,history_only,27,27,27,504,504,504,36304.25,0,0,404,402,1,0,0,9.61603372078389
CAL,fixed_update,27,27,27,504,504,504,36318.916666666664,504,74,403,103,2,0,0,9.639252096181735
CAL,history_rule,27,27,27,504,504,504,36320.166666666664,393,67,403,80,2,0,0,9.646621876949212
CAL,learned_query,27,27,27,504,504,504,36304.25,504,74,404,68,1,0,0,9.59979621990351
CAL,dense_position,27,27,27,504,504,504,36292.666666666664,3134,493,404,242,0,0,0,9.547288603469497
TEST,history_only,54,54,54,1008,1008,1008,67636.83333333334,0,0,807,805,1,0,0,20.7153012585768
TEST,fixed_update,54,54,54,1008,1008,1008,67636.83333333334,1008,49,807,156,1,0,0,20.717399521789048
TEST,history_rule,54,54,54,1008,1008,1008,67651.33333333334,794,52,807,176,1,0,0,20.605190469883382
TEST,learned_query,54,54,54,1008,1008,1008,67627.83333333334,1000,81,807,107,1,0,0,20.60093856760068
TEST,dense_position,54,54,54,1008,1008,1008,67645.33333333334,6009,507,807,492,1,0,0,20.54331355227623
