id,map,N,policy,condition,native_error,audit_passed,true_horizon_reached,task_services_per_800_seconds,pending_current_task_count,planner_requests,planner_wall_total_seconds,planner_wall_p50_seconds,planner_wall_p95_seconds,network_forward_calls,strict_all_ACK_points_passed,maximum_ACK_endpoint_error_m,wall_seconds
empty-32-32_n8_hm_GPIBT_nominal,empty-32-32,8,hm_GPIBT,nominal,,True,True,44,8,138,0.12704223391483538,0.000914574004127644,0.0012700679944828153,0,True,0.02897302314404672,43.77644540197798
empty-32-32_n8_hm_GPIBT_slow065,empty-32-32,8,hm_GPIBT,slow065,,True,True,38,8,117,0.1035639557230752,0.0008922439883463085,0.001199246005853638,0,True,0.029769497040161415,38.97846907802159
empty-32-32_n8_hm_GPIBT_unknown_pause,empty-32-32,8,hm_GPIBT,unknown_pause,,True,True,44,8,138,0.12042958915117197,0.0008784724923316389,0.0011702719784807414,0,True,0.02897302314404672,41.47253109401208
empty-32-32_n8_trained_nominal,empty-32-32,8,trained,nominal,,True,True,32,8,136,0.19810937717556953,0.0011699055030476302,0.0033920089772436768,9910,True,0.02907687820911289,42.170213018980576
empty-32-32_n8_trained_slow065,empty-32-32,8,trained,slow065,,True,True,30,8,119,0.18659165184362791,0.0012302040122449398,0.0036439920077100396,9216,True,0.029791219093648447,40.838459357008105
empty-32-32_n8_trained_unknown_pause,empty-32-32,8,trained,unknown_pause,,True,True,32,8,136,0.20300761619000696,0.0011843060055980459,0.003572938992874697,9910,True,0.02907687820911289,41.57758449600078
empty-32-32_n16_hm_GPIBT_nominal,empty-32-32,16,hm_GPIBT,nominal,,True,True,85,16,130,0.1518852059089113,0.0011244875058764592,0.0016537500196136534,0,True,0.029132315899463173,69.78660054100328
empty-32-32_n16_hm_GPIBT_slow065,empty-32-32,16,hm_GPIBT,slow065,,True,True,73,16,115,0.12074510907405056,0.001023963006446138,0.00152409597649239,0,True,0.029775249347945124,63.0021455459937
empty-32-32_n16_hm_GPIBT_unknown_pause,empty-32-32,16,hm_GPIBT,unknown_pause,,True,True,85,16,130,0.1093888210307341,0.0007643004937563092,0.0012587099918164313,0,True,0.029132315899463173,54.47101279301569
empty-32-32_n16_trained_nominal,empty-32-32,16,trained,nominal,,True,True,70,16,129,0.26789978169836104,0.0014942980196792632,0.004635332006728277,18091,True,0.02913332796997845,67.53085002399166
empty-32-32_n16_trained_slow065,empty-32-32,16,trained,slow065,,True,True,66,15,115,0.2120505589118693,0.0013163939875084907,0.0036317940102890134,16661,True,0.029791219094121857,60.152726852014894
empty-32-32_n16_trained_unknown_pause,empty-32-32,16,trained,unknown_pause,,True,True,70,16,129,0.25652178697055206,0.0014115970116108656,0.004407417989568785,18091,True,0.02913332796997845,65.185532419011
random-32-32-10_n8_hm_GPIBT_nominal,random-32-32-10,8,hm_GPIBT,nominal,,True,True,48,8,134,0.1141013148589991,0.0008883019909262657,0.0011595139803830534,0,True,0.028973023717079435,40.07156045900774
random-32-32-10_n8_hm_GPIBT_slow065,random-32-32-10,8,hm_GPIBT,slow065,,True,True,43,8,115,0.09048449891270138,0.0007953910098876804,0.0011488140153232962,0,True,0.02976769478907684,36.30810264800675
random-32-32-10_n8_hm_GPIBT_unknown_pause,random-32-32-10,8,hm_GPIBT,unknown_pause,,True,True,48,8,134,0.11723821895429865,0.0009073580149561167,0.0011715900036506355,0,True,0.028973023717079435,40.357616339984816
random-32-32-10_n8_trained_nominal,random-32-32-10,8,trained,nominal,,True,True,38,8,134,0.19091247313190252,0.001143693007179536,0.003581171011319384,8637,True,0.029039177925669978,41.44557093799813
random-32-32-10_n8_trained_slow065,random-32-32-10,8,trained,slow065,,True,True,33,8,116,0.16070218812092207,0.001170019997516647,0.0031133339798543602,7801,True,0.02976775973281497,38.28037584599224
random-32-32-10_n8_trained_unknown_pause,random-32-32-10,8,trained,unknown_pause,,True,True,38,8,133,0.1853499940771144,0.001158135011792183,0.0029921459790784866,8637,True,0.029039177925669978,40.22674179801834
random-32-32-10_n16_hm_GPIBT_nominal,random-32-32-10,16,hm_GPIBT,nominal,,True,True,93,16,126,0.1421525678015314,0.0011211044911760837,0.0014873709878884256,0,True,0.029140428431922837,68.24619129899656
random-32-32-10_n16_hm_GPIBT_slow065,random-32-32-10,16,hm_GPIBT,slow065,,True,True,86,16,113,0.12216330482624471,0.0010912049910984933,0.0015321910032071173,0,True,0.029767745381995007,62.90996052499395
random-32-32-10_n16_hm_GPIBT_unknown_pause,random-32-32-10,16,hm_GPIBT,unknown_pause,,True,True,93,16,126,0.1374573679349851,0.0011318450124235824,0.0014284240023698658,0,True,0.029140428431922837,67.27326972098672
random-32-32-10_n16_trained_nominal,random-32-32-10,16,trained,nominal,,True,True,82,16,126,0.24963330270838924,0.0015241989895002916,0.004313184996135533,16185,True,0.029076935145176626,67.07064898000681
random-32-32-10_n16_trained_slow065,random-32-32-10,16,trained,slow065,,True,True,75,16,115,0.22094196180114523,0.0014552460052073002,0.0047362049808725715,15110,True,0.029767814340994143,63.205856354004936
random-32-32-10_n16_trained_unknown_pause,random-32-32-10,16,trained,unknown_pause,,True,True,82,16,126,0.25399813390686177,0.0015318219957407564,0.00420512500568293,16185,True,0.029076935145176626,65.51782728900434
