H_reached,N,deadlock,error,fixed_first4_time_float,fixed_first4_time_sum,map,multi_opportunities,opportunities,policy,queries,replacement_selected,replacements,seconds,seed,served,shift,split,world
True,16,False,,5536.7977115,11073595423/2000000,empty-32-32,3,59,cf_13_8,16,m-8-35,1,65.55341097900009,91201,47,False,calibration,empty-32-32_cal_91201
True,16,False,,5536.7977115,11073595423/2000000,empty-32-32,3,60,cf_13_WAIT,16,,1,66.12118055099995,91201,47,False,calibration,empty-32-32_cal_91201
True,16,False,,5536.7977115,11073595423/2000000,empty-32-32,3,59,cf_16_3,16,m-3-45,1,65.60400223900001,91201,47,False,calibration,empty-32-32_cal_91201
True,16,False,,5536.7977115,11073595423/2000000,empty-32-32,3,56,cf_16_5,16,m-5-45,1,68.14108427000019,91201,47,False,calibration,empty-32-32_cal_91201
True,16,False,,5536.1491025,2214459641/400000,empty-32-32,3,35,cf_16_WAIT,16,,1,61.708605329999955,91201,47,False,calibration,empty-32-32_cal_91201
True,16,False,,5536.7977115,11073595423/2000000,empty-32-32,3,59,cf_1_10,16,m-10-2,1,69.49998172100004,91201,47,False,calibration,empty-32-32_cal_91201
True,16,False,,5493.77204,137344301/25000,empty-32-32,7,55,cf_1_WAIT,16,,1,77.21648658100003,91201,48,False,calibration,empty-32-32_cal_91201
True,16,False,,5536.7977115,11073595423/2000000,empty-32-32,3,59,cf_7_10,16,m-10-7,1,69.63474203700002,91201,47,False,calibration,empty-32-32_cal_91201
True,16,False,,5536.7977115,11073595423/2000000,empty-32-32,3,60,cf_7_WAIT,16,,1,69.77590434900003,91201,47,False,calibration,empty-32-32_cal_91201
True,16,False,,5536.7977115,11073595423/2000000,empty-32-32,3,59,condition,16,,0,67.00771830600002,91201,47,False,calibration,empty-32-32_cal_91201
True,16,False,,5402.097848,675262231/125000,empty-32-32,0,51,WAIT,0,,0,86.06810175300006,91301,48,False,test,empty-32-32_test_91301_IID
True,16,False,,5416.079896,677009987/125000,empty-32-32,0,13,condition,13,,0,74.01807901199982,91301,48,False,test,empty-32-32_test_91301_IID
True,16,False,,5416.079896,677009987/125000,empty-32-32,0,13,once_history,13,m-14-29,1,74.22693383000023,91301,48,False,test,empty-32-32_test_91301_IID
True,16,False,,5416.079896,677009987/125000,empty-32-32,0,14,once_nobudget,13,,1,73.23554675600008,91301,48,False,test,empty-32-32_test_91301_IID
True,16,False,,5416.079896,677009987/125000,empty-32-32,0,13,once_nohistory,13,m-14-29,1,74.0657622890003,91301,48,False,test,empty-32-32_test_91301_IID
True,16,False,,5408.547712,84508558/15625,empty-32-32,0,51,WAIT,0,,0,89.21459887400033,91301,48,True,test,empty-32-32_test_91301_SHIFT
True,16,False,,5419.2795755,10838559151/2000000,empty-32-32,0,14,condition,14,,0,77.3196877360001,91301,47,True,test,empty-32-32_test_91301_SHIFT
True,16,False,,5419.2795755,10838559151/2000000,empty-32-32,0,14,once_history,14,m-14-29,1,77.08571355599997,91301,47,True,test,empty-32-32_test_91301_SHIFT
True,16,False,,5419.2795755,10838559151/2000000,empty-32-32,0,15,once_nobudget,14,,1,77.92712882600017,91301,47,True,test,empty-32-32_test_91301_SHIFT
True,16,False,,5419.2795755,10838559151/2000000,empty-32-32,0,14,once_nohistory,14,m-14-29,1,77.68447362899997,91301,47,True,test,empty-32-32_test_91301_SHIFT
True,16,False,,5170.7592645,10341518529/2000000,empty-32-32,11,142,WAIT,0,,0,100.11282106499993,91302,50,False,test,empty-32-32_test_91302_IID
True,16,False,,5210.0669815,10420133963/2000000,empty-32-32,4,112,condition,16,,0,93.91472178000004,91302,51,False,test,empty-32-32_test_91302_IID
True,16,False,,5210.0669815,10420133963/2000000,empty-32-32,4,113,once_history,16,,1,96.5083412150002,91302,51,False,test,empty-32-32_test_91302_IID
True,16,False,,5210.0669815,10420133963/2000000,empty-32-32,4,113,once_nobudget,16,,1,92.19976696999993,91302,51,False,test,empty-32-32_test_91302_IID
True,16,False,,5210.0669815,10420133963/2000000,empty-32-32,4,113,once_nohistory,16,,1,92.89940715600005,91302,51,False,test,empty-32-32_test_91302_IID
True,16,False,,5173.958943,5173958943/1000000,empty-32-32,11,142,WAIT,0,,0,99.67677823399981,91302,49,True,test,empty-32-32_test_91302_SHIFT
True,16,False,,5210.0669815,10420133963/2000000,empty-32-32,4,102,condition,16,,0,94.91494142900001,91302,51,True,test,empty-32-32_test_91302_SHIFT
True,16,False,,5210.0669815,10420133963/2000000,empty-32-32,4,103,once_history,16,,1,94.75890516399977,91302,51,True,test,empty-32-32_test_91302_SHIFT
True,16,False,,5210.0669815,10420133963/2000000,empty-32-32,4,103,once_nobudget,16,,1,94.62920694900004,91302,51,True,test,empty-32-32_test_91302_SHIFT
True,16,False,,5210.0669815,10420133963/2000000,empty-32-32,4,103,once_nohistory,16,,1,94.50475141700008,91302,51,True,test,empty-32-32_test_91302_SHIFT
True,16,False,,5485.7966735,10971593347/2000000,empty-32-32,0,43,cf_13_1,16,m-1-30,1,104.67631426599996,91101,50,False,train,empty-32-32_train_91101
True,16,False,,5485.7966735,10971593347/2000000,empty-32-32,0,44,cf_13_WAIT,16,,1,105.62296702699996,91101,50,False,train,empty-32-32_train_91101
True,16,False,,5485.7966735,10971593347/2000000,empty-32-32,0,43,cf_1_7,16,m-7-9,1,103.00177736299997,91101,50,False,train,empty-32-32_train_91101
True,16,False,,5485.1480645,10970296129/2000000,empty-32-32,1,44,cf_1_WAIT,16,,1,100.22502025000017,91101,50,False,train,empty-32-32_train_91101
True,16,False,,5485.7966735,10971593347/2000000,empty-32-32,0,43,cf_7_6,16,m-6-20,1,106.74065099099994,91101,50,False,train,empty-32-32_train_91101
True,16,False,,5485.7966735,10971593347/2000000,empty-32-32,0,44,cf_7_WAIT,16,,1,103.67919870699984,91101,50,False,train,empty-32-32_train_91101
True,16,False,,5485.7966735,10971593347/2000000,empty-32-32,0,43,condition,16,,0,83.73133332499992,91101,50,False,train,empty-32-32_train_91101
True,16,False,,5673.1498875,453851991/80000,empty-32-32,9,50,cf_13_8,16,m-8-37,1,80.67415133999998,91102,45,False,train,empty-32-32_train_91102
True,16,False,,5673.0774395,11346154879/2000000,empty-32-32,8,46,cf_13_WAIT,16,,1,78.68197197300015,91102,45,False,train,empty-32-32_train_91102
True,16,False,,5673.1498875,453851991/80000,empty-32-32,9,50,cf_1_7,16,m-7-1,1,95.547248094,91102,45,False,train,empty-32-32_train_91102
True,16,False,,5673.1498875,453851991/80000,empty-32-32,9,51,cf_1_WAIT,16,,1,96.31915486999992,91102,45,False,train,empty-32-32_train_91102
True,16,False,,5673.1498875,453851991/80000,empty-32-32,9,50,cf_7_5,16,m-5-21,1,81.93929263999985,91102,45,False,train,empty-32-32_train_91102
True,16,False,,5673.1498875,453851991/80000,empty-32-32,9,47,cf_7_WAIT,16,,1,78.46881801299992,91102,45,False,train,empty-32-32_train_91102
True,16,False,,5673.1498875,453851991/80000,empty-32-32,9,50,condition,16,,0,77.16356667200012,91102,45,False,train,empty-32-32_train_91102
True,16,False,,5413.486812,1353371703/250000,random-32-32-10,1,51,cf_13_3,16,m-3-24,1,67.45198607900011,92201,45,False,calibration,random-32-32-10_cal_92201
True,16,False,,5413.486812,1353371703/250000,random-32-32-10,1,52,cf_13_WAIT,16,,1,72.6728887170002,92201,45,False,calibration,random-32-32-10_cal_92201
True,16,False,,5413.486812,1353371703/250000,random-32-32-10,1,51,cf_1_15,16,m-15-3,1,74.17958355399969,92201,45,False,calibration,random-32-32-10_cal_92201
True,16,False,,5413.486812,1353371703/250000,random-32-32-10,1,52,cf_1_WAIT,16,,1,75.41061413699981,92201,45,False,calibration,random-32-32-10_cal_92201
True,16,False,,5413.486812,1353371703/250000,random-32-32-10,1,51,cf_7_4,16,m-4-20,1,74.12427702800005,92201,45,False,calibration,random-32-32-10_cal_92201
True,16,False,,5413.486812,1353371703/250000,random-32-32-10,1,52,cf_7_WAIT,16,,1,74.10728344400013,92201,45,False,calibration,random-32-32-10_cal_92201
True,16,False,,5413.486812,1353371703/250000,random-32-32-10,1,51,condition,16,,0,72.14330896299998,92201,45,False,calibration,random-32-32-10_cal_92201
True,16,False,,5897.305886,2948652943/500000,random-32-32-10,4,148,WAIT,0,,0,112.43616559500015,92301,42,False,test,random-32-32-10_test_92301_IID
True,16,False,,6059.0012875,484720103/80000,random-32-32-10,1,59,condition,16,,0,67.45609713300018,92301,41,False,test,random-32-32-10_test_92301_IID
True,16,False,,6059.0012875,484720103/80000,random-32-32-10,1,59,once_history,16,m-5-8,1,63.960797146999994,92301,41,False,test,random-32-32-10_test_92301_IID
True,16,False,,6059.0012875,484720103/80000,random-32-32-10,1,59,once_nobudget,16,m-5-8,1,67.827955062,92301,41,False,test,random-32-32-10_test_92301_IID
True,16,False,,6059.0012875,484720103/80000,random-32-32-10,1,59,once_nohistory,16,m-5-8,1,64.77564303600002,92301,41,False,test,random-32-32-10_test_92301_IID
True,16,False,,5899.8569555,11799713911/2000000,random-32-32-10,4,141,WAIT,0,,0,110.22489625800017,92301,41,True,test,random-32-32-10_test_92301_SHIFT
True,16,False,,6060.3709525,2424148381/400000,random-32-32-10,1,59,condition,16,,0,72.717114648,92301,41,True,test,random-32-32-10_test_92301_SHIFT
True,16,False,,6060.3709525,2424148381/400000,random-32-32-10,1,59,once_history,16,m-5-8,1,68.2185804210003,92301,41,True,test,random-32-32-10_test_92301_SHIFT
True,16,False,,6060.3709525,2424148381/400000,random-32-32-10,1,59,once_nobudget,16,m-5-8,1,67.53921241700027,92301,41,True,test,random-32-32-10_test_92301_SHIFT
True,16,False,,6060.3709525,2424148381/400000,random-32-32-10,1,59,once_nohistory,16,m-5-8,1,67.9304085650001,92301,41,True,test,random-32-32-10_test_92301_SHIFT
True,16,False,,5481.079226,2740539613/500000,random-32-32-10,7,102,WAIT,0,,0,84.11089014200024,92302,44,False,test,random-32-32-10_test_92302_IID
True,16,False,,5477.908446,2738954223/500000,random-32-32-10,10,88,condition,16,,0,87.11145487399972,92302,44,False,test,random-32-32-10_test_92302_IID
True,16,False,,5477.908446,2738954223/500000,random-32-32-10,10,89,once_history,16,,1,87.14548766599955,92302,44,False,test,random-32-32-10_test_92302_IID
True,16,False,,5477.908446,2738954223/500000,random-32-32-10,10,89,once_nobudget,16,,1,87.18790452600024,92302,44,False,test,random-32-32-10_test_92302_IID
True,16,False,,5477.908446,2738954223/500000,random-32-32-10,10,89,once_nohistory,16,,1,88.41899868099972,92302,44,False,test,random-32-32-10_test_92302_IID
True,16,False,,5481.727836,1370431959/250000,random-32-32-10,7,102,WAIT,0,,0,86.48206105600002,92302,44,True,test,random-32-32-10_test_92302_SHIFT
True,16,False,,5478.557056,85602454/15625,random-32-32-10,10,88,condition,16,,0,86.25691137600006,92302,44,True,test,random-32-32-10_test_92302_SHIFT
True,16,False,,5478.557056,85602454/15625,random-32-32-10,10,89,once_history,16,,1,81.33476317799978,92302,44,True,test,random-32-32-10_test_92302_SHIFT
True,16,False,,5478.557056,85602454/15625,random-32-32-10,10,89,once_nobudget,16,,1,82.20753953199983,92302,44,True,test,random-32-32-10_test_92302_SHIFT
True,16,False,,5478.557056,85602454/15625,random-32-32-10,10,89,once_nohistory,16,,1,81.5999184770003,92302,44,True,test,random-32-32-10_test_92302_SHIFT
True,16,False,,5586.5124925,2234604997/400000,random-32-32-10,2,16,cf_10_14,16,m-14-45,1,67.18231176800009,92101,41,False,train,random-32-32-10_train_92101
True,16,False,,5586.5124925,2234604997/400000,random-32-32-10,2,16,cf_10_2,16,m-2-44,1,67.32813362100023,92101,41,False,train,random-32-32-10_train_92101
True,16,False,,5586.5124925,2234604997/400000,random-32-32-10,3,17,cf_10_WAIT,16,,1,74.45492582499992,92101,41,False,train,random-32-32-10_train_92101
True,16,False,,5586.5124925,2234604997/400000,random-32-32-10,2,16,cf_13_3,16,m-3-47,1,67.12085658600017,92101,41,False,train,random-32-32-10_train_92101
True,16,False,,5587.1611005,11174322201/2000000,random-32-32-10,2,17,cf_13_WAIT,16,,1,66.86858665599993,92101,41,False,train,random-32-32-10_train_92101
True,16,False,,5586.5124925,2234604997/400000,random-32-32-10,2,16,cf_1_7,16,m-7-2,1,65.93270807599993,92101,41,False,train,random-32-32-10_train_92101
True,16,False,,5586.5124925,2234604997/400000,random-32-32-10,2,17,cf_1_WAIT,16,,1,67.1579322619998,92101,41,False,train,random-32-32-10_train_92101
True,16,False,,5586.5124925,2234604997/400000,random-32-32-10,2,16,cf_4_1,16,m-1-27,1,63.574554442000135,92101,41,False,train,random-32-32-10_train_92101
True,16,False,,5557.9340505,11115868101/2000000,random-32-32-10,2,10,cf_4_10,10,m-10-26,1,54.81045914000015,92101,41,False,train,random-32-32-10_train_92101
True,16,False,,5586.5124925,2234604997/400000,random-32-32-10,2,16,cf_4_WAIT,15,,1,64.54265734000023,92101,41,False,train,random-32-32-10_train_92101
True,16,False,,5586.5124925,2234604997/400000,random-32-32-10,2,16,cf_7_13,16,m-13-29,1,63.20977622999999,92101,41,False,train,random-32-32-10_train_92101
True,16,False,,5586.5487165,11173097433/2000000,random-32-32-10,2,17,cf_7_WAIT,16,,1,66.62011223699983,92101,41,False,train,random-32-32-10_train_92101
True,16,False,,5586.5124925,2234604997/400000,random-32-32-10,2,16,condition,16,,0,64.47749260700016,92101,41,False,train,random-32-32-10_train_92101
True,16,False,,5991.7463115,11983492623/2000000,random-32-32-10,0,32,cf_13_6,16,m-6-40,1,62.90406375099974,92102,38,False,train,random-32-32-10_train_92102
True,16,False,,5989.0794275,2395631771/400000,random-32-32-10,4,37,cf_13_WAIT,16,,1,63.840694947999964,92102,38,False,train,random-32-32-10_train_92102
True,16,False,,5991.7463115,11983492623/2000000,random-32-32-10,0,32,cf_1_9,16,m-9-1,1,66.05701769799998,92102,38,False,train,random-32-32-10_train_92102
True,16,False,,5991.7100875,479336807/80000,random-32-32-10,0,31,cf_1_WAIT,16,,1,66.510487259,92102,38,False,train,random-32-32-10_train_92102
True,16,False,,5991.7463115,11983492623/2000000,random-32-32-10,0,32,cf_7_3,16,m-3-12,1,63.14668614099992,92102,38,False,train,random-32-32-10_train_92102
True,16,False,,5991.7100875,479336807/80000,random-32-32-10,0,33,cf_7_WAIT,16,,1,68.3586559219998,92102,38,False,train,random-32-32-10_train_92102
True,16,False,,5991.7463115,11983492623/2000000,random-32-32-10,0,32,condition,16,,0,61.28352741200001,92102,38,False,train,random-32-32-10_train_92102
