world_id,cohort_id,split,source,features,target_flow_gain,extra_heads,chosen_policy,prediction,prediction_error
cohort_00__IID_1001,cohort_00,train,56,"['853/958', '1/3', '3/4', '1/12', '1/3', '1/32', '0', '0', '0', '0']",0,0,forced_56,4871460971123/45984000000000,0.10593817351955027
cohort_00__IID_1001,cohort_00,train,90,"['853/958', '1/3', '7/8', '1/14', '1/3', '1/64', '0', '0', '0', '0']",291721/500000,0,forced_90,28521804703863/214592000000000,-0.45053021995292
cohort_00__IID_1002,cohort_00,train,56,"['853/958', '1/3', '3/4', '1/12', '1/3', '1/32', '0', '0', '0', '0']",291721/500000,0,forced_56,4871460971123/45984000000000,-0.4775038264804497
cohort_00__IID_1002,cohort_00,train,90,"['853/958', '1/3', '7/8', '1/14', '1/3', '1/64', '0', '0', '0', '0']",291721/500000,0,forced_90,28521804703863/214592000000000,-0.45053021995292
cohort_00__IID_1003,cohort_00,train,56,"['853/958', '1/3', '3/4', '1/12', '1/3', '1/32', '0', '0', '0', '0']",0,0,forced_56,4871460971123/45984000000000,0.10593817351955027
cohort_00__IID_1003,cohort_00,train,90,"['853/958', '1/3', '7/8', '1/14', '1/3', '1/64', '0', '0', '0', '0']",291721/500000,0,forced_90,28521804703863/214592000000000,-0.45053021995292
cohort_00__IID_1004,cohort_00,train,56,"['853/958', '1/3', '3/4', '1/12', '1/3', '1/32', '0', '0', '0', '0']",291721/500000,0,forced_56,4871460971123/45984000000000,-0.4775038264804497
cohort_00__IID_1004,cohort_00,train,90,"['853/958', '1/3', '7/8', '1/14', '1/3', '1/64', '0', '0', '0', '0']",291721/500000,0,forced_90,28521804703863/214592000000000,-0.45053021995292
cohort_00__IID_1005,cohort_00,train,56,"['853/958', '1/3', '3/4', '1/12', '1/3', '1/32', '0', '0', '0', '0']",291721/500000,0,forced_56,4871460971123/45984000000000,-0.4775038264804497
cohort_00__IID_1005,cohort_00,train,90,"['853/958', '1/3', '7/8', '1/14', '1/3', '1/64', '0', '0', '0', '0']",291721/500000,0,forced_90,28521804703863/214592000000000,-0.45053021995292
cohort_00__IID_1006,cohort_00,train,56,"['853/958', '1/3', '3/4', '1/12', '1/3', '1/32', '0', '0', '0', '0']",0,0,forced_56,4871460971123/45984000000000,0.10593817351955027
cohort_00__IID_1006,cohort_00,train,90,"['853/958', '1/3', '7/8', '1/14', '1/3', '1/64', '0', '0', '0', '0']",291721/500000,0,forced_90,28521804703863/214592000000000,-0.45053021995292
cohort_00__IID_1007,cohort_00,train,56,"['853/958', '1/3', '3/4', '1/12', '1/3', '1/32', '0', '0', '0', '0']",291721/500000,0,forced_56,4871460971123/45984000000000,-0.4775038264804497
cohort_00__IID_1007,cohort_00,train,90,"['853/958', '1/3', '7/8', '1/14', '1/3', '1/64', '0', '0', '0', '0']",291721/500000,0,forced_90,28521804703863/214592000000000,-0.45053021995292
cohort_00__IID_1008,cohort_00,train,56,"['853/958', '1/3', '3/4', '1/12', '1/3', '1/32', '0', '0', '0', '0']",291721/500000,0,forced_56,4871460971123/45984000000000,-0.4775038264804497
cohort_00__IID_1008,cohort_00,train,90,"['853/958', '1/3', '7/8', '1/14', '1/3', '1/64', '0', '0', '0', '0']",291721/500000,0,forced_90,28521804703863/214592000000000,-0.45053021995292
cohort_00__corner_-1_-1,cohort_00,train,56,"['853/958', '1/3', '3/4', '1/12', '1/3', '1/32', '0', '0', '0', '0']",0,0,forced_56,4871460971123/45984000000000,0.10593817351955027
cohort_00__corner_-1_-1,cohort_00,train,90,"['853/958', '1/3', '7/8', '1/14', '1/3', '1/64', '0', '0', '0', '0']",0,0,forced_90,28521804703863/214592000000000,0.13291178004708004
cohort_00__corner_-1_1,cohort_00,train,56,"['853/958', '1/3', '3/4', '1/12', '1/3', '1/32', '0', '0', '0', '0']",0,0,forced_56,4871460971123/45984000000000,0.10593817351955027
cohort_00__corner_-1_1,cohort_00,train,90,"['853/958', '1/3', '7/8', '1/14', '1/3', '1/64', '0', '0', '0', '0']",291721/500000,0,forced_90,28521804703863/214592000000000,-0.45053021995292
cohort_00__corner_1_-1,cohort_00,train,56,"['853/958', '1/3', '3/4', '1/12', '1/3', '1/32', '0', '0', '0', '0']",291721/500000,0,forced_56,4871460971123/45984000000000,-0.4775038264804497
cohort_00__corner_1_-1,cohort_00,train,90,"['853/958', '1/3', '7/8', '1/14', '1/3', '1/64', '0', '0', '0', '0']",0,0,forced_90,28521804703863/214592000000000,0.13291178004708004
cohort_00__corner_1_1,cohort_00,train,56,"['853/958', '1/3', '3/4', '1/12', '1/3', '1/32', '0', '0', '0', '0']",291721/500000,0,forced_56,4871460971123/45984000000000,-0.4775038264804497
cohort_00__corner_1_1,cohort_00,train,90,"['853/958', '1/3', '7/8', '1/14', '1/3', '1/64', '0', '0', '0', '0']",291721/500000,0,forced_90,28521804703863/214592000000000,-0.45053021995292
cohort_00__eta0,cohort_00,train,56,"['853/958', '1/3', '3/4', '1/12', '1/3', '1/32', '0', '0', '0', '0']",0,0,forced_56,4871460971123/45984000000000,0.10593817351955027
cohort_00__eta0,cohort_00,train,90,"['853/958', '1/3', '7/8', '1/14', '1/3', '1/64', '0', '0', '0', '0']",0,0,forced_90,28521804703863/214592000000000,0.13291178004708004
cohort_01__IID_1001,cohort_01,train,74,"['39/43', '1/3', '3/4', '1/12', '1/3', '1/32', '1/3', '3/16', '3/4', '0']",291721/500000,0,forced_74,1287734579251/4128000000000,-0.271490793786095
cohort_01__IID_1001,cohort_01,train,99,"['853/958', '1/3', '3/8', '1/6', '1/3', '3/32', '0', '0', '0', '1/3']",291721/500000,0,forced_99,382720251463/15328000000000,-0.5584732988346164
cohort_01__IID_1002,cohort_01,train,74,"['39/43', '1/3', '3/4', '1/12', '1/3', '1/32', '1/3', '3/16', '3/4', '0']",291721/500000,0,forced_74,1287734579251/4128000000000,-0.271490793786095
cohort_01__IID_1002,cohort_01,train,99,"['853/958', '1/3', '3/8', '1/6', '1/3', '3/32', '0', '0', '0', '1/3']",291721/500000,0,forced_99,382720251463/15328000000000,-0.5584732988346164
cohort_01__IID_1003,cohort_01,train,74,"['39/43', '1/3', '3/4', '1/12', '1/3', '1/32', '1/3', '3/16', '3/4', '0']",291721/500000,0,forced_74,1287734579251/4128000000000,-0.271490793786095
cohort_01__IID_1003,cohort_01,train,99,"['853/958', '1/3', '3/8', '1/6', '1/3', '3/32', '0', '0', '0', '1/3']",0,0,forced_99,382720251463/15328000000000,0.024968701165383612
cohort_01__IID_1004,cohort_01,train,74,"['39/43', '1/3', '3/4', '1/12', '1/3', '1/32', '1/3', '3/16', '3/4', '0']",291721/500000,0,forced_74,1287734579251/4128000000000,-0.271490793786095
cohort_01__IID_1004,cohort_01,train,99,"['853/958', '1/3', '3/8', '1/6', '1/3', '3/32', '0', '0', '0', '1/3']",0,0,forced_99,382720251463/15328000000000,0.024968701165383612
cohort_01__IID_1005,cohort_01,train,74,"['39/43', '1/3', '3/4', '1/12', '1/3', '1/32', '1/3', '3/16', '3/4', '0']",291721/500000,0,forced_74,1287734579251/4128000000000,-0.271490793786095
cohort_01__IID_1005,cohort_01,train,99,"['853/958', '1/3', '3/8', '1/6', '1/3', '3/32', '0', '0', '0', '1/3']",291721/500000,0,forced_99,382720251463/15328000000000,-0.5584732988346164
cohort_01__IID_1006,cohort_01,train,74,"['39/43', '1/3', '3/4', '1/12', '1/3', '1/32', '1/3', '3/16', '3/4', '0']",0,0,forced_74,1287734579251/4128000000000,0.31195120621390504
cohort_01__IID_1006,cohort_01,train,99,"['853/958', '1/3', '3/8', '1/6', '1/3', '3/32', '0', '0', '0', '1/3']",0,0,forced_99,382720251463/15328000000000,0.024968701165383612
cohort_01__IID_1007,cohort_01,train,74,"['39/43', '1/3', '3/4', '1/12', '1/3', '1/32', '1/3', '3/16', '3/4', '0']",291721/500000,0,forced_74,1287734579251/4128000000000,-0.271490793786095
cohort_01__IID_1007,cohort_01,train,99,"['853/958', '1/3', '3/8', '1/6', '1/3', '3/32', '0', '0', '0', '1/3']",0,0,forced_99,382720251463/15328000000000,0.024968701165383612
cohort_01__IID_1008,cohort_01,train,74,"['39/43', '1/3', '3/4', '1/12', '1/3', '1/32', '1/3', '3/16', '3/4', '0']",291721/500000,0,forced_74,1287734579251/4128000000000,-0.271490793786095
cohort_01__IID_1008,cohort_01,train,99,"['853/958', '1/3', '3/8', '1/6', '1/3', '3/32', '0', '0', '0', '1/3']",291721/500000,0,forced_99,382720251463/15328000000000,-0.5584732988346164
cohort_01__corner_-1_-1,cohort_01,train,74,"['39/43', '1/3', '3/4', '1/12', '1/3', '1/32', '1/3', '3/16', '3/4', '0']",0,0,forced_74,1287734579251/4128000000000,0.31195120621390504
cohort_01__corner_-1_-1,cohort_01,train,99,"['853/958', '1/3', '3/8', '1/6', '1/3', '3/32', '0', '0', '0', '1/3']",0,0,forced_99,382720251463/15328000000000,0.024968701165383612
cohort_01__corner_-1_1,cohort_01,train,74,"['39/43', '1/3', '3/4', '1/12', '1/3', '1/32', '1/3', '3/16', '3/4', '0']",0,0,forced_74,1287734579251/4128000000000,0.31195120621390504
cohort_01__corner_-1_1,cohort_01,train,99,"['853/958', '1/3', '3/8', '1/6', '1/3', '3/32', '0', '0', '0', '1/3']",0,0,forced_99,382720251463/15328000000000,0.024968701165383612
cohort_01__corner_1_-1,cohort_01,train,74,"['39/43', '1/3', '3/4', '1/12', '1/3', '1/32', '1/3', '3/16', '3/4', '0']",291721/500000,0,forced_74,1287734579251/4128000000000,-0.271490793786095
cohort_01__corner_1_-1,cohort_01,train,99,"['853/958', '1/3', '3/8', '1/6', '1/3', '3/32', '0', '0', '0', '1/3']",0,0,forced_99,382720251463/15328000000000,0.024968701165383612
cohort_01__corner_1_1,cohort_01,train,74,"['39/43', '1/3', '3/4', '1/12', '1/3', '1/32', '1/3', '3/16', '3/4', '0']",291721/500000,0,forced_74,1287734579251/4128000000000,-0.271490793786095
cohort_01__corner_1_1,cohort_01,train,99,"['853/958', '1/3', '3/8', '1/6', '1/3', '3/32', '0', '0', '0', '1/3']",0,0,forced_99,382720251463/15328000000000,0.024968701165383612
cohort_01__eta0,cohort_01,train,74,"['39/43', '1/3', '3/4', '1/12', '1/3', '1/32', '1/3', '3/16', '3/4', '0']",0,0,forced_74,1287734579251/4128000000000,0.31195120621390504
cohort_01__eta0,cohort_01,train,99,"['853/958', '1/3', '3/8', '1/6', '1/3', '3/32', '0', '0', '0', '1/3']",0,0,forced_99,382720251463/15328000000000,0.024968701165383612
cohort_02__IID_1001,cohort_02,train,18,"['39/43', '1/3', '3/16', '1/3', '1/3', '1/16', '0', '0', '0', '2/3']",0,0,forced_18,12586856921/172000000000,0.07317940070348837
cohort_02__IID_1001,cohort_02,train,19,"['53/473', '1/3', '1', '1/16', '1/3', '1/16', '1/3', '0', '3/16', '0']",0,0,forced_19,1089165504703/3784000000000,0.28783443570375267
cohort_02__IID_1002,cohort_02,train,18,"['39/43', '1/3', '3/16', '1/3', '1/3', '1/16', '0', '0', '0', '2/3']",0,0,forced_18,12586856921/172000000000,0.07317940070348837
cohort_02__IID_1002,cohort_02,train,19,"['53/473', '1/3', '1', '1/16', '1/3', '1/16', '1/3', '0', '3/16', '0']",70013/40000,0,forced_19,1089165504703/3784000000000,-1.4624905642962474
cohort_02__IID_1003,cohort_02,train,18,"['39/43', '1/3', '3/16', '1/3', '1/3', '1/16', '0', '0', '0', '2/3']",0,0,forced_18,12586856921/172000000000,0.07317940070348837
cohort_02__IID_1003,cohort_02,train,19,"['53/473', '1/3', '1', '1/16', '1/3', '1/16', '1/3', '0', '3/16', '0']",0,0,forced_19,1089165504703/3784000000000,0.28783443570375267
cohort_02__IID_1004,cohort_02,train,18,"['39/43', '1/3', '3/16', '1/3', '1/3', '1/16', '0', '0', '0', '2/3']",0,0,forced_18,12586856921/172000000000,0.07317940070348837
cohort_02__IID_1004,cohort_02,train,19,"['53/473', '1/3', '1', '1/16', '1/3', '1/16', '1/3', '0', '3/16', '0']",0,0,forced_19,1089165504703/3784000000000,0.28783443570375267
cohort_02__IID_1005,cohort_02,train,18,"['39/43', '1/3', '3/16', '1/3', '1/3', '1/16', '0', '0', '0', '2/3']",0,0,forced_18,12586856921/172000000000,0.07317940070348837
cohort_02__IID_1005,cohort_02,train,19,"['53/473', '1/3', '1', '1/16', '1/3', '1/16', '1/3', '0', '3/16', '0']",0,0,forced_19,1089165504703/3784000000000,0.28783443570375267
cohort_02__IID_1006,cohort_02,train,18,"['39/43', '1/3', '3/16', '1/3', '1/3', '1/16', '0', '0', '0', '2/3']",0,0,forced_18,12586856921/172000000000,0.07317940070348837
cohort_02__IID_1006,cohort_02,train,19,"['53/473', '1/3', '1', '1/16', '1/3', '1/16', '1/3', '0', '3/16', '0']",0,0,forced_19,1089165504703/3784000000000,0.28783443570375267
cohort_02__IID_1007,cohort_02,train,18,"['39/43', '1/3', '3/16', '1/3', '1/3', '1/16', '0', '0', '0', '2/3']",0,0,forced_18,12586856921/172000000000,0.07317940070348837
cohort_02__IID_1007,cohort_02,train,19,"['53/473', '1/3', '1', '1/16', '1/3', '1/16', '1/3', '0', '3/16', '0']",0,0,forced_19,1089165504703/3784000000000,0.28783443570375267
cohort_02__IID_1008,cohort_02,train,18,"['39/43', '1/3', '3/16', '1/3', '1/3', '1/16', '0', '0', '0', '2/3']",0,0,forced_18,12586856921/172000000000,0.07317940070348837
cohort_02__IID_1008,cohort_02,train,19,"['53/473', '1/3', '1', '1/16', '1/3', '1/16', '1/3', '0', '3/16', '0']",0,0,forced_19,1089165504703/3784000000000,0.28783443570375267
cohort_02__corner_-1_-1,cohort_02,train,18,"['39/43', '1/3', '3/16', '1/3', '1/3', '1/16', '0', '0', '0', '2/3']",0,0,forced_18,12586856921/172000000000,0.07317940070348837
cohort_02__corner_-1_-1,cohort_02,train,19,"['53/473', '1/3', '1', '1/16', '1/3', '1/16', '1/3', '0', '3/16', '0']",0,0,forced_19,1089165504703/3784000000000,0.28783443570375267
cohort_02__corner_-1_1,cohort_02,train,18,"['39/43', '1/3', '3/16', '1/3', '1/3', '1/16', '0', '0', '0', '2/3']",0,0,forced_18,12586856921/172000000000,0.07317940070348837
cohort_02__corner_-1_1,cohort_02,train,19,"['53/473', '1/3', '1', '1/16', '1/3', '1/16', '1/3', '0', '3/16', '0']",70013/40000,0,forced_19,1089165504703/3784000000000,-1.4624905642962474
cohort_02__corner_1_-1,cohort_02,train,18,"['39/43', '1/3', '3/16', '1/3', '1/3', '1/16', '0', '0', '0', '2/3']",0,0,forced_18,12586856921/172000000000,0.07317940070348837
cohort_02__corner_1_-1,cohort_02,train,19,"['53/473', '1/3', '1', '1/16', '1/3', '1/16', '1/3', '0', '3/16', '0']",0,0,forced_19,1089165504703/3784000000000,0.28783443570375267
cohort_02__corner_1_1,cohort_02,train,18,"['39/43', '1/3', '3/16', '1/3', '1/3', '1/16', '0', '0', '0', '2/3']",0,0,forced_18,12586856921/172000000000,0.07317940070348837
cohort_02__corner_1_1,cohort_02,train,19,"['53/473', '1/3', '1', '1/16', '1/3', '1/16', '1/3', '0', '3/16', '0']",70013/40000,0,forced_19,1089165504703/3784000000000,-1.4624905642962474
cohort_02__eta0,cohort_02,train,18,"['39/43', '1/3', '3/16', '1/3', '1/3', '1/16', '0', '0', '0', '2/3']",0,0,forced_18,12586856921/172000000000,0.07317940070348837
cohort_02__eta0,cohort_02,train,19,"['53/473', '1/3', '1', '1/16', '1/3', '1/16', '1/3', '0', '3/16', '0']",0,0,forced_19,1089165504703/3784000000000,0.28783443570375267
cohort_03__IID_2001,cohort_03,calibration,32,"['853/958', '1/3', '1/8', '1/2', '1/3', '1/64', '0', '0', '0', '0']",291721/500000,0,forced_32,3794212843233/30656000000000,-0.4596746186314914
cohort_03__IID_2001,cohort_03,calibration,65,"['853/958', '1/3', '7/16', '1/7', '1/3', '9/64', '0', '0', '0', '1/3']",0,0,forced_65,-13588258601759/643776000000000,-0.021107122045181864
cohort_03__IID_2002,cohort_03,calibration,32,"['853/958', '1/3', '1/8', '1/2', '1/3', '1/64', '0', '0', '0', '0']",291721/500000,0,forced_32,3794212843233/30656000000000,-0.4596746186314914
cohort_03__IID_2002,cohort_03,calibration,65,"['853/958', '1/3', '7/16', '1/7', '1/3', '9/64', '0', '0', '0', '1/3']",0,0,forced_65,-13588258601759/643776000000000,-0.021107122045181864
cohort_03__IID_2003,cohort_03,calibration,32,"['853/958', '1/3', '1/8', '1/2', '1/3', '1/64', '0', '0', '0', '0']",291721/500000,0,forced_32,3794212843233/30656000000000,-0.4596746186314914
cohort_03__IID_2003,cohort_03,calibration,65,"['853/958', '1/3', '7/16', '1/7', '1/3', '9/64', '0', '0', '0', '1/3']",0,0,forced_65,-13588258601759/643776000000000,-0.021107122045181864
cohort_03__IID_2004,cohort_03,calibration,32,"['853/958', '1/3', '1/8', '1/2', '1/3', '1/64', '0', '0', '0', '0']",291721/500000,0,forced_32,3794212843233/30656000000000,-0.4596746186314914
cohort_03__IID_2004,cohort_03,calibration,65,"['853/958', '1/3', '7/16', '1/7', '1/3', '9/64', '0', '0', '0', '1/3']",0,0,forced_65,-13588258601759/643776000000000,-0.021107122045181864
cohort_03__IID_2005,cohort_03,calibration,32,"['853/958', '1/3', '1/8', '1/2', '1/3', '1/64', '0', '0', '0', '0']",291721/500000,0,forced_32,3794212843233/30656000000000,-0.4596746186314914
cohort_03__IID_2005,cohort_03,calibration,65,"['853/958', '1/3', '7/16', '1/7', '1/3', '9/64', '0', '0', '0', '1/3']",0,0,forced_65,-13588258601759/643776000000000,-0.021107122045181864
cohort_03__IID_2006,cohort_03,calibration,32,"['853/958', '1/3', '1/8', '1/2', '1/3', '1/64', '0', '0', '0', '0']",291721/500000,0,forced_32,3794212843233/30656000000000,-0.4596746186314914
cohort_03__IID_2006,cohort_03,calibration,65,"['853/958', '1/3', '7/16', '1/7', '1/3', '9/64', '0', '0', '0', '1/3']",0,0,forced_65,-13588258601759/643776000000000,-0.021107122045181864
cohort_03__IID_2007,cohort_03,calibration,32,"['853/958', '1/3', '1/8', '1/2', '1/3', '1/64', '0', '0', '0', '0']",291721/500000,0,forced_32,3794212843233/30656000000000,-0.4596746186314914
cohort_03__IID_2007,cohort_03,calibration,65,"['853/958', '1/3', '7/16', '1/7', '1/3', '9/64', '0', '0', '0', '1/3']",0,0,forced_65,-13588258601759/643776000000000,-0.021107122045181864
cohort_03__IID_2008,cohort_03,calibration,32,"['853/958', '1/3', '1/8', '1/2', '1/3', '1/64', '0', '0', '0', '0']",291721/500000,0,forced_32,3794212843233/30656000000000,-0.4596746186314914
cohort_03__IID_2008,cohort_03,calibration,65,"['853/958', '1/3', '7/16', '1/7', '1/3', '9/64', '0', '0', '0', '1/3']",0,0,forced_65,-13588258601759/643776000000000,-0.021107122045181864
cohort_03__corner_-1_-1,cohort_03,calibration,32,"['853/958', '1/3', '1/8', '1/2', '1/3', '1/64', '0', '0', '0', '0']",0,0,forced_32,3794212843233/30656000000000,0.12376738136850861
cohort_03__corner_-1_-1,cohort_03,calibration,65,"['853/958', '1/3', '7/16', '1/7', '1/3', '9/64', '0', '0', '0', '1/3']",0,0,forced_65,-13588258601759/643776000000000,-0.021107122045181864
cohort_03__corner_-1_1,cohort_03,calibration,32,"['853/958', '1/3', '1/8', '1/2', '1/3', '1/64', '0', '0', '0', '0']",0,0,forced_32,3794212843233/30656000000000,0.12376738136850861
cohort_03__corner_-1_1,cohort_03,calibration,65,"['853/958', '1/3', '7/16', '1/7', '1/3', '9/64', '0', '0', '0', '1/3']",0,0,forced_65,-13588258601759/643776000000000,-0.021107122045181864
cohort_03__corner_1_-1,cohort_03,calibration,32,"['853/958', '1/3', '1/8', '1/2', '1/3', '1/64', '0', '0', '0', '0']",291721/500000,0,forced_32,3794212843233/30656000000000,-0.4596746186314914
cohort_03__corner_1_-1,cohort_03,calibration,65,"['853/958', '1/3', '7/16', '1/7', '1/3', '9/64', '0', '0', '0', '1/3']",0,0,forced_65,-13588258601759/643776000000000,-0.021107122045181864
cohort_03__corner_1_1,cohort_03,calibration,32,"['853/958', '1/3', '1/8', '1/2', '1/3', '1/64', '0', '0', '0', '0']",583441/1000000,0,forced_32,3794212843233/30656000000000,-0.45967361863149137
cohort_03__corner_1_1,cohort_03,calibration,65,"['853/958', '1/3', '7/16', '1/7', '1/3', '9/64', '0', '0', '0', '1/3']",0,0,forced_65,-13588258601759/643776000000000,-0.021107122045181864
cohort_03__eta0,cohort_03,calibration,32,"['853/958', '1/3', '1/8', '1/2', '1/3', '1/64', '0', '0', '0', '0']",0,0,forced_32,3794212843233/30656000000000,0.12376738136850861
cohort_03__eta0,cohort_03,calibration,65,"['853/958', '1/3', '7/16', '1/7', '1/3', '9/64', '0', '0', '0', '1/3']",0,0,forced_65,-13588258601759/643776000000000,-0.021107122045181864
cohort_04__IID_3001,cohort_04,test,33,"['5/48', '1/3', '7/8', '1/14', '1/3', '3/64', '0', '0', '0', '0']",0,0,forced_33,133819118197/1344000000000,0.09956779627752976
cohort_04__IID_3001,cohort_04,test,96,"['5/48', '1/3', '15/16', '1/15', '1/3', '3/64', '0', '0', '0', '0']",0,0,forced_96,4036812619/38400000000,0.10512532861979167
cohort_04__IID_3002,cohort_04,test,33,"['5/48', '1/3', '7/8', '1/14', '1/3', '3/64', '0', '0', '0', '0']",0,0,forced_33,133819118197/1344000000000,0.09956779627752976
cohort_04__IID_3002,cohort_04,test,96,"['5/48', '1/3', '15/16', '1/15', '1/3', '3/64', '0', '0', '0', '0']",0,0,forced_96,4036812619/38400000000,0.10512532861979167
cohort_04__IID_3003,cohort_04,test,33,"['5/48', '1/3', '7/8', '1/14', '1/3', '3/64', '0', '0', '0', '0']",0,0,forced_33,133819118197/1344000000000,0.09956779627752976
cohort_04__IID_3003,cohort_04,test,96,"['5/48', '1/3', '15/16', '1/15', '1/3', '3/64', '0', '0', '0', '0']",0,0,forced_96,4036812619/38400000000,0.10512532861979167
cohort_04__IID_3004,cohort_04,test,33,"['5/48', '1/3', '7/8', '1/14', '1/3', '3/64', '0', '0', '0', '0']",0,0,forced_33,133819118197/1344000000000,0.09956779627752976
cohort_04__IID_3004,cohort_04,test,96,"['5/48', '1/3', '15/16', '1/15', '1/3', '3/64', '0', '0', '0', '0']",0,0,forced_96,4036812619/38400000000,0.10512532861979167
cohort_04__IID_3005,cohort_04,test,33,"['5/48', '1/3', '7/8', '1/14', '1/3', '3/64', '0', '0', '0', '0']",0,0,forced_33,133819118197/1344000000000,0.09956779627752976
cohort_04__IID_3005,cohort_04,test,96,"['5/48', '1/3', '15/16', '1/15', '1/3', '3/64', '0', '0', '0', '0']",291721/500000,0,forced_96,4036812619/38400000000,-0.47831667138020834
cohort_04__IID_3006,cohort_04,test,33,"['5/48', '1/3', '7/8', '1/14', '1/3', '3/64', '0', '0', '0', '0']",0,0,forced_33,133819118197/1344000000000,0.09956779627752976
cohort_04__IID_3006,cohort_04,test,96,"['5/48', '1/3', '15/16', '1/15', '1/3', '3/64', '0', '0', '0', '0']",0,0,forced_96,4036812619/38400000000,0.10512532861979167
cohort_04__IID_3007,cohort_04,test,33,"['5/48', '1/3', '7/8', '1/14', '1/3', '3/64', '0', '0', '0', '0']",0,0,forced_33,133819118197/1344000000000,0.09956779627752976
cohort_04__IID_3007,cohort_04,test,96,"['5/48', '1/3', '15/16', '1/15', '1/3', '3/64', '0', '0', '0', '0']",0,0,forced_96,4036812619/38400000000,0.10512532861979167
cohort_04__IID_3008,cohort_04,test,33,"['5/48', '1/3', '7/8', '1/14', '1/3', '3/64', '0', '0', '0', '0']",0,0,forced_33,133819118197/1344000000000,0.09956779627752976
cohort_04__IID_3008,cohort_04,test,96,"['5/48', '1/3', '15/16', '1/15', '1/3', '3/64', '0', '0', '0', '0']",0,0,forced_96,4036812619/38400000000,0.10512532861979167
cohort_04__corner_-1_-1,cohort_04,test,33,"['5/48', '1/3', '7/8', '1/14', '1/3', '3/64', '0', '0', '0', '0']",0,0,forced_33,133819118197/1344000000000,0.09956779627752976
cohort_04__corner_-1_-1,cohort_04,test,96,"['5/48', '1/3', '15/16', '1/15', '1/3', '3/64', '0', '0', '0', '0']",0,0,forced_96,4036812619/38400000000,0.10512532861979167
cohort_04__corner_-1_1,cohort_04,test,33,"['5/48', '1/3', '7/8', '1/14', '1/3', '3/64', '0', '0', '0', '0']",0,0,forced_33,133819118197/1344000000000,0.09956779627752976
cohort_04__corner_-1_1,cohort_04,test,96,"['5/48', '1/3', '15/16', '1/15', '1/3', '3/64', '0', '0', '0', '0']",583441/1000000,0,forced_96,4036812619/38400000000,-0.4783156713802083
cohort_04__corner_1_-1,cohort_04,test,33,"['5/48', '1/3', '7/8', '1/14', '1/3', '3/64', '0', '0', '0', '0']",583441/1000000,0,forced_33,133819118197/1344000000000,-0.4838732037224702
cohort_04__corner_1_-1,cohort_04,test,96,"['5/48', '1/3', '15/16', '1/15', '1/3', '3/64', '0', '0', '0', '0']",0,0,forced_96,4036812619/38400000000,0.10512532861979167
cohort_04__corner_1_1,cohort_04,test,33,"['5/48', '1/3', '7/8', '1/14', '1/3', '3/64', '0', '0', '0', '0']",291721/500000,0,forced_33,133819118197/1344000000000,-0.48387420372247025
cohort_04__corner_1_1,cohort_04,test,96,"['5/48', '1/3', '15/16', '1/15', '1/3', '3/64', '0', '0', '0', '0']",291721/500000,0,forced_96,4036812619/38400000000,-0.47831667138020834
cohort_04__eta0,cohort_04,test,33,"['5/48', '1/3', '7/8', '1/14', '1/3', '3/64', '0', '0', '0', '0']",0,0,forced_33,133819118197/1344000000000,0.09956779627752976
cohort_04__eta0,cohort_04,test,96,"['5/48', '1/3', '15/16', '1/15', '1/3', '3/64', '0', '0', '0', '0']",0,0,forced_96,4036812619/38400000000,0.10512532861979167
cohort_05__IID_1001,cohort_05,train,12,"['53/473', '1/3', '5/8', '1/10', '1/3', '9/64', '0', '0', '0', '1/3']",0,0,forced_12,-884670863459/90816000000000,-0.00974135464520569
cohort_05__IID_1001,cohort_05,train,44,"['39/43', '1/3', '11/16', '1/11', '1/3', '3/32', '0', '0', '0', '0']",0,0,forced_44,543770489303/15136000000000,0.0359256401495111
cohort_05__IID_1002,cohort_05,train,12,"['53/473', '1/3', '5/8', '1/10', '1/3', '9/64', '0', '0', '0', '1/3']",0,0,forced_12,-884670863459/90816000000000,-0.00974135464520569
cohort_05__IID_1002,cohort_05,train,44,"['39/43', '1/3', '11/16', '1/11', '1/3', '3/32', '0', '0', '0', '0']",-3184507/1000000,0,forced_44,543770489303/15136000000000,3.220432640149511
cohort_05__IID_1003,cohort_05,train,12,"['53/473', '1/3', '5/8', '1/10', '1/3', '9/64', '0', '0', '0', '1/3']",0,0,forced_12,-884670863459/90816000000000,-0.00974135464520569
cohort_05__IID_1003,cohort_05,train,44,"['39/43', '1/3', '11/16', '1/11', '1/3', '3/32', '0', '0', '0', '0']",-1887289/1000000,0,forced_44,543770489303/15136000000000,1.9232146401495112
cohort_05__IID_1004,cohort_05,train,12,"['53/473', '1/3', '5/8', '1/10', '1/3', '9/64', '0', '0', '0', '1/3']",0,0,forced_12,-884670863459/90816000000000,-0.00974135464520569
cohort_05__IID_1004,cohort_05,train,44,"['39/43', '1/3', '11/16', '1/11', '1/3', '3/32', '0', '0', '0', '0']",0,0,forced_44,543770489303/15136000000000,0.0359256401495111
cohort_05__IID_1005,cohort_05,train,12,"['53/473', '1/3', '5/8', '1/10', '1/3', '9/64', '0', '0', '0', '1/3']",0,0,forced_12,-884670863459/90816000000000,-0.00974135464520569
cohort_05__IID_1005,cohort_05,train,44,"['39/43', '1/3', '11/16', '1/11', '1/3', '3/32', '0', '0', '0', '0']",-958279/250000,0,forced_44,543770489303/15136000000000,3.869041640149511
cohort_05__IID_1006,cohort_05,train,12,"['53/473', '1/3', '5/8', '1/10', '1/3', '9/64', '0', '0', '0', '1/3']",0,0,forced_12,-884670863459/90816000000000,-0.00974135464520569
cohort_05__IID_1006,cohort_05,train,44,"['39/43', '1/3', '11/16', '1/11', '1/3', '3/32', '0', '0', '0', '0']",-188729/100000,0,forced_44,543770489303/15136000000000,1.923215640149511
cohort_05__IID_1007,cohort_05,train,12,"['53/473', '1/3', '5/8', '1/10', '1/3', '9/64', '0', '0', '0', '1/3']",0,0,forced_12,-884670863459/90816000000000,-0.00974135464520569
cohort_05__IID_1007,cohort_05,train,44,"['39/43', '1/3', '11/16', '1/11', '1/3', '3/32', '0', '0', '0', '0']",-30967/25000,0,forced_44,543770489303/15136000000000,1.2746056401495112
cohort_05__IID_1008,cohort_05,train,12,"['53/473', '1/3', '5/8', '1/10', '1/3', '9/64', '0', '0', '0', '1/3']",0,0,forced_12,-884670863459/90816000000000,-0.00974135464520569
cohort_05__IID_1008,cohort_05,train,44,"['39/43', '1/3', '11/16', '1/11', '1/3', '3/32', '0', '0', '0', '0']",0,0,forced_44,543770489303/15136000000000,0.0359256401495111
cohort_05__corner_-1_-1,cohort_05,train,12,"['53/473', '1/3', '5/8', '1/10', '1/3', '9/64', '0', '0', '0', '1/3']",0,0,forced_12,-884670863459/90816000000000,-0.00974135464520569
cohort_05__corner_-1_-1,cohort_05,train,44,"['39/43', '1/3', '11/16', '1/11', '1/3', '3/32', '0', '0', '0', '0']",0,0,forced_44,543770489303/15136000000000,0.0359256401495111
cohort_05__corner_-1_1,cohort_05,train,12,"['53/473', '1/3', '5/8', '1/10', '1/3', '9/64', '0', '0', '0', '1/3']",0,0,forced_12,-884670863459/90816000000000,-0.00974135464520569
cohort_05__corner_-1_1,cohort_05,train,44,"['39/43', '1/3', '11/16', '1/11', '1/3', '3/32', '0', '0', '0', '0']",-1267949/500000,0,forced_44,543770489303/15136000000000,2.571823640149511
cohort_05__corner_1_-1,cohort_05,train,12,"['53/473', '1/3', '5/8', '1/10', '1/3', '9/64', '0', '0', '0', '1/3']",0,0,forced_12,-884670863459/90816000000000,-0.00974135464520569
cohort_05__corner_1_-1,cohort_05,train,44,"['39/43', '1/3', '11/16', '1/11', '1/3', '3/32', '0', '0', '0', '0']",0,0,forced_44,543770489303/15136000000000,0.0359256401495111
cohort_05__corner_1_1,cohort_05,train,12,"['53/473', '1/3', '5/8', '1/10', '1/3', '9/64', '0', '0', '0', '1/3']",0,0,forced_12,-884670863459/90816000000000,-0.00974135464520569
cohort_05__corner_1_1,cohort_05,train,44,"['39/43', '1/3', '11/16', '1/11', '1/3', '3/32', '0', '0', '0', '0']",0,0,forced_44,543770489303/15136000000000,0.0359256401495111
cohort_05__eta0,cohort_05,train,12,"['53/473', '1/3', '5/8', '1/10', '1/3', '9/64', '0', '0', '0', '1/3']",0,0,forced_12,-884670863459/90816000000000,-0.00974135464520569
cohort_05__eta0,cohort_05,train,44,"['39/43', '1/3', '11/16', '1/11', '1/3', '3/32', '0', '0', '0', '0']",0,0,forced_44,543770489303/15136000000000,0.0359256401495111
cohort_06__IID_1001,cohort_06,train,61,"['53/473', '1/3', '3/16', '1/3', '1/3', '1/32', '1/3', '1/8', '1', '0']",0,0,forced_61,11822858495603/45408000000000,0.2603695052766693
cohort_06__IID_1001,cohort_06,train,97,"['853/958', '1/3', '1', '1/16', '1/3', '3/32', '0', '0', '0', '1/3']",0,0,forced_97,3300870234509/45984000000000,0.07178301658205027
cohort_06__IID_1002,cohort_06,train,61,"['53/473', '1/3', '3/16', '1/3', '1/3', '1/32', '1/3', '1/8', '1', '0']",0,0,forced_61,11822858495603/45408000000000,0.2603695052766693
cohort_06__IID_1002,cohort_06,train,97,"['853/958', '1/3', '1', '1/16', '1/3', '3/32', '0', '0', '0', '1/3']",0,0,forced_97,3300870234509/45984000000000,0.07178301658205027
cohort_06__IID_1003,cohort_06,train,61,"['53/473', '1/3', '3/16', '1/3', '1/3', '1/32', '1/3', '1/8', '1', '0']",0,0,forced_61,11822858495603/45408000000000,0.2603695052766693
cohort_06__IID_1003,cohort_06,train,97,"['853/958', '1/3', '1', '1/16', '1/3', '3/32', '0', '0', '0', '1/3']",0,0,forced_97,3300870234509/45984000000000,0.07178301658205027
cohort_06__IID_1004,cohort_06,train,61,"['53/473', '1/3', '3/16', '1/3', '1/3', '1/32', '1/3', '1/8', '1', '0']",0,0,forced_61,11822858495603/45408000000000,0.2603695052766693
cohort_06__IID_1004,cohort_06,train,97,"['853/958', '1/3', '1', '1/16', '1/3', '3/32', '0', '0', '0', '1/3']",0,0,forced_97,3300870234509/45984000000000,0.07178301658205027
cohort_06__IID_1005,cohort_06,train,61,"['53/473', '1/3', '3/16', '1/3', '1/3', '1/32', '1/3', '1/8', '1', '0']",291721/500000,0,forced_61,11822858495603/45408000000000,-0.3230724947233307
cohort_06__IID_1005,cohort_06,train,97,"['853/958', '1/3', '1', '1/16', '1/3', '3/32', '0', '0', '0', '1/3']",0,0,forced_97,3300870234509/45984000000000,0.07178301658205027
cohort_06__IID_1006,cohort_06,train,61,"['53/473', '1/3', '3/16', '1/3', '1/3', '1/32', '1/3', '1/8', '1', '0']",0,0,forced_61,11822858495603/45408000000000,0.2603695052766693
cohort_06__IID_1006,cohort_06,train,97,"['853/958', '1/3', '1', '1/16', '1/3', '3/32', '0', '0', '0', '1/3']",0,0,forced_97,3300870234509/45984000000000,0.07178301658205027
cohort_06__IID_1007,cohort_06,train,61,"['53/473', '1/3', '3/16', '1/3', '1/3', '1/32', '1/3', '1/8', '1', '0']",0,0,forced_61,11822858495603/45408000000000,0.2603695052766693
cohort_06__IID_1007,cohort_06,train,97,"['853/958', '1/3', '1', '1/16', '1/3', '3/32', '0', '0', '0', '1/3']",0,0,forced_97,3300870234509/45984000000000,0.07178301658205027
cohort_06__IID_1008,cohort_06,train,61,"['53/473', '1/3', '3/16', '1/3', '1/3', '1/32', '1/3', '1/8', '1', '0']",0,0,forced_61,11822858495603/45408000000000,0.2603695052766693
cohort_06__IID_1008,cohort_06,train,97,"['853/958', '1/3', '1', '1/16', '1/3', '3/32', '0', '0', '0', '1/3']",0,0,forced_97,3300870234509/45984000000000,0.07178301658205027
cohort_06__corner_-1_-1,cohort_06,train,61,"['53/473', '1/3', '3/16', '1/3', '1/3', '1/32', '1/3', '1/8', '1', '0']",0,0,forced_61,11822858495603/45408000000000,0.2603695052766693
cohort_06__corner_-1_-1,cohort_06,train,97,"['853/958', '1/3', '1', '1/16', '1/3', '3/32', '0', '0', '0', '1/3']",0,0,forced_97,3300870234509/45984000000000,0.07178301658205027
cohort_06__corner_-1_1,cohort_06,train,61,"['53/473', '1/3', '3/16', '1/3', '1/3', '1/32', '1/3', '1/8', '1', '0']",0,0,forced_61,11822858495603/45408000000000,0.2603695052766693
cohort_06__corner_-1_1,cohort_06,train,97,"['853/958', '1/3', '1', '1/16', '1/3', '3/32', '0', '0', '0', '1/3']",0,0,forced_97,3300870234509/45984000000000,0.07178301658205027
cohort_06__corner_1_-1,cohort_06,train,61,"['53/473', '1/3', '3/16', '1/3', '1/3', '1/32', '1/3', '1/8', '1', '0']",291721/500000,0,forced_61,11822858495603/45408000000000,-0.3230724947233307
cohort_06__corner_1_-1,cohort_06,train,97,"['853/958', '1/3', '1', '1/16', '1/3', '3/32', '0', '0', '0', '1/3']",0,0,forced_97,3300870234509/45984000000000,0.07178301658205027
cohort_06__corner_1_1,cohort_06,train,61,"['53/473', '1/3', '3/16', '1/3', '1/3', '1/32', '1/3', '1/8', '1', '0']",291721/500000,0,forced_61,11822858495603/45408000000000,-0.3230724947233307
cohort_06__corner_1_1,cohort_06,train,97,"['853/958', '1/3', '1', '1/16', '1/3', '3/32', '0', '0', '0', '1/3']",0,0,forced_97,3300870234509/45984000000000,0.07178301658205027
cohort_06__eta0,cohort_06,train,61,"['53/473', '1/3', '3/16', '1/3', '1/3', '1/32', '1/3', '1/8', '1', '0']",0,0,forced_61,11822858495603/45408000000000,0.2603695052766693
cohort_06__eta0,cohort_06,train,97,"['853/958', '1/3', '1', '1/16', '1/3', '3/32', '0', '0', '0', '1/3']",0,0,forced_97,3300870234509/45984000000000,0.07178301658205027
cohort_07__IID_1001,cohort_07,train,24,"['53/473', '1/3', '11/16', '1/11', '1/3', '5/64', '0', '0', '0', '0']",0,0,forced_24,1551564158047/30272000000000,0.05125410141540037
cohort_07__IID_1001,cohort_07,train,69,"['5/48', '1/3', '1', '1/16', '1/3', '1/16', '0', '0', '0', '0']",0,0,forced_69,2269143737/24000000000,0.09454765570833333
cohort_07__IID_1002,cohort_07,train,24,"['53/473', '1/3', '11/16', '1/11', '1/3', '5/64', '0', '0', '0', '0']",0,0,forced_24,1551564158047/30272000000000,0.05125410141540037
cohort_07__IID_1002,cohort_07,train,69,"['5/48', '1/3', '1', '1/16', '1/3', '1/16', '0', '0', '0', '0']",0,0,forced_69,2269143737/24000000000,0.09454765570833333
cohort_07__IID_1003,cohort_07,train,24,"['53/473', '1/3', '11/16', '1/11', '1/3', '5/64', '0', '0', '0', '0']",0,0,forced_24,1551564158047/30272000000000,0.05125410141540037
cohort_07__IID_1003,cohort_07,train,69,"['5/48', '1/3', '1', '1/16', '1/3', '1/16', '0', '0', '0', '0']",0,0,forced_69,2269143737/24000000000,0.09454765570833333
cohort_07__IID_1004,cohort_07,train,24,"['53/473', '1/3', '11/16', '1/11', '1/3', '5/64', '0', '0', '0', '0']",0,0,forced_24,1551564158047/30272000000000,0.05125410141540037
cohort_07__IID_1004,cohort_07,train,69,"['5/48', '1/3', '1', '1/16', '1/3', '1/16', '0', '0', '0', '0']",0,0,forced_69,2269143737/24000000000,0.09454765570833333
cohort_07__IID_1005,cohort_07,train,24,"['53/473', '1/3', '11/16', '1/11', '1/3', '5/64', '0', '0', '0', '0']",0,0,forced_24,1551564158047/30272000000000,0.05125410141540037
cohort_07__IID_1005,cohort_07,train,69,"['5/48', '1/3', '1', '1/16', '1/3', '1/16', '0', '0', '0', '0']",0,0,forced_69,2269143737/24000000000,0.09454765570833333
cohort_07__IID_1006,cohort_07,train,24,"['53/473', '1/3', '11/16', '1/11', '1/3', '5/64', '0', '0', '0', '0']",0,0,forced_24,1551564158047/30272000000000,0.05125410141540037
cohort_07__IID_1006,cohort_07,train,69,"['5/48', '1/3', '1', '1/16', '1/3', '1/16', '0', '0', '0', '0']",0,0,forced_69,2269143737/24000000000,0.09454765570833333
cohort_07__IID_1007,cohort_07,train,24,"['53/473', '1/3', '11/16', '1/11', '1/3', '5/64', '0', '0', '0', '0']",0,0,forced_24,1551564158047/30272000000000,0.05125410141540037
cohort_07__IID_1007,cohort_07,train,69,"['5/48', '1/3', '1', '1/16', '1/3', '1/16', '0', '0', '0', '0']",0,0,forced_69,2269143737/24000000000,0.09454765570833333
cohort_07__IID_1008,cohort_07,train,24,"['53/473', '1/3', '11/16', '1/11', '1/3', '5/64', '0', '0', '0', '0']",0,0,forced_24,1551564158047/30272000000000,0.05125410141540037
cohort_07__IID_1008,cohort_07,train,69,"['5/48', '1/3', '1', '1/16', '1/3', '1/16', '0', '0', '0', '0']",291721/500000,0,forced_69,2269143737/24000000000,-0.48889434429166667
cohort_07__corner_-1_-1,cohort_07,train,24,"['53/473', '1/3', '11/16', '1/11', '1/3', '5/64', '0', '0', '0', '0']",0,0,forced_24,1551564158047/30272000000000,0.05125410141540037
cohort_07__corner_-1_-1,cohort_07,train,69,"['5/48', '1/3', '1', '1/16', '1/3', '1/16', '0', '0', '0', '0']",0,0,forced_69,2269143737/24000000000,0.09454765570833333
cohort_07__corner_-1_1,cohort_07,train,24,"['53/473', '1/3', '11/16', '1/11', '1/3', '5/64', '0', '0', '0', '0']",0,0,forced_24,1551564158047/30272000000000,0.05125410141540037
cohort_07__corner_-1_1,cohort_07,train,69,"['5/48', '1/3', '1', '1/16', '1/3', '1/16', '0', '0', '0', '0']",291721/500000,0,forced_69,2269143737/24000000000,-0.48889434429166667
cohort_07__corner_1_-1,cohort_07,train,24,"['53/473', '1/3', '11/16', '1/11', '1/3', '5/64', '0', '0', '0', '0']",0,0,forced_24,1551564158047/30272000000000,0.05125410141540037
cohort_07__corner_1_-1,cohort_07,train,69,"['5/48', '1/3', '1', '1/16', '1/3', '1/16', '0', '0', '0', '0']",0,0,forced_69,2269143737/24000000000,0.09454765570833333
cohort_07__corner_1_1,cohort_07,train,24,"['53/473', '1/3', '11/16', '1/11', '1/3', '5/64', '0', '0', '0', '0']",0,0,forced_24,1551564158047/30272000000000,0.05125410141540037
cohort_07__corner_1_1,cohort_07,train,69,"['5/48', '1/3', '1', '1/16', '1/3', '1/16', '0', '0', '0', '0']",291721/500000,0,forced_69,2269143737/24000000000,-0.48889434429166667
cohort_07__eta0,cohort_07,train,24,"['53/473', '1/3', '11/16', '1/11', '1/3', '5/64', '0', '0', '0', '0']",0,0,forced_24,1551564158047/30272000000000,0.05125410141540037
cohort_07__eta0,cohort_07,train,69,"['5/48', '1/3', '1', '1/16', '1/3', '1/16', '0', '0', '0', '0']",0,0,forced_69,2269143737/24000000000,0.09454765570833333
cohort_08__IID_2001,cohort_08,calibration,33,"['853/958', '1/3', '3/16', '1/3', '1/3', '1/32', '0', '0', '0', '0']",291721/500000,0,forced_33,809441067673/9196800000000,-0.4954286619179497
cohort_08__IID_2001,cohort_08,calibration,60,"['5/48', '1/3', '7/8', '1/14', '1/3', '1/64', '0', '0', '0', '0']",0,0,forced_60,35487688067/268800000000,0.13202264905877975
cohort_08__IID_2002,cohort_08,calibration,33,"['853/958', '1/3', '3/16', '1/3', '1/3', '1/32', '0', '0', '0', '0']",0,0,forced_33,809441067673/9196800000000,0.08801333808205028
cohort_08__IID_2002,cohort_08,calibration,60,"['5/48', '1/3', '7/8', '1/14', '1/3', '1/64', '0', '0', '0', '0']",0,0,forced_60,35487688067/268800000000,0.13202264905877975
cohort_08__IID_2003,cohort_08,calibration,33,"['853/958', '1/3', '3/16', '1/3', '1/3', '1/32', '0', '0', '0', '0']",291721/500000,0,forced_33,809441067673/9196800000000,-0.4954286619179497
cohort_08__IID_2003,cohort_08,calibration,60,"['5/48', '1/3', '7/8', '1/14', '1/3', '1/64', '0', '0', '0', '0']",0,0,forced_60,35487688067/268800000000,0.13202264905877975
cohort_08__IID_2004,cohort_08,calibration,33,"['853/958', '1/3', '3/16', '1/3', '1/3', '1/32', '0', '0', '0', '0']",0,0,forced_33,809441067673/9196800000000,0.08801333808205028
cohort_08__IID_2004,cohort_08,calibration,60,"['5/48', '1/3', '7/8', '1/14', '1/3', '1/64', '0', '0', '0', '0']",291721/500000,0,forced_60,35487688067/268800000000,-0.45141935094122027
cohort_08__IID_2005,cohort_08,calibration,33,"['853/958', '1/3', '3/16', '1/3', '1/3', '1/32', '0', '0', '0', '0']",0,0,forced_33,809441067673/9196800000000,0.08801333808205028
cohort_08__IID_2005,cohort_08,calibration,60,"['5/48', '1/3', '7/8', '1/14', '1/3', '1/64', '0', '0', '0', '0']",0,0,forced_60,35487688067/268800000000,0.13202264905877975
cohort_08__IID_2006,cohort_08,calibration,33,"['853/958', '1/3', '3/16', '1/3', '1/3', '1/32', '0', '0', '0', '0']",291721/500000,0,forced_33,809441067673/9196800000000,-0.4954286619179497
cohort_08__IID_2006,cohort_08,calibration,60,"['5/48', '1/3', '7/8', '1/14', '1/3', '1/64', '0', '0', '0', '0']",0,0,forced_60,35487688067/268800000000,0.13202264905877975
cohort_08__IID_2007,cohort_08,calibration,33,"['853/958', '1/3', '3/16', '1/3', '1/3', '1/32', '0', '0', '0', '0']",291721/500000,0,forced_33,809441067673/9196800000000,-0.4954286619179497
cohort_08__IID_2007,cohort_08,calibration,60,"['5/48', '1/3', '7/8', '1/14', '1/3', '1/64', '0', '0', '0', '0']",0,0,forced_60,35487688067/268800000000,0.13202264905877975
cohort_08__IID_2008,cohort_08,calibration,33,"['853/958', '1/3', '3/16', '1/3', '1/3', '1/32', '0', '0', '0', '0']",0,0,forced_33,809441067673/9196800000000,0.08801333808205028
cohort_08__IID_2008,cohort_08,calibration,60,"['5/48', '1/3', '7/8', '1/14', '1/3', '1/64', '0', '0', '0', '0']",0,0,forced_60,35487688067/268800000000,0.13202264905877975
cohort_08__corner_-1_-1,cohort_08,calibration,33,"['853/958', '1/3', '3/16', '1/3', '1/3', '1/32', '0', '0', '0', '0']",0,0,forced_33,809441067673/9196800000000,0.08801333808205028
cohort_08__corner_-1_-1,cohort_08,calibration,60,"['5/48', '1/3', '7/8', '1/14', '1/3', '1/64', '0', '0', '0', '0']",0,0,forced_60,35487688067/268800000000,0.13202264905877975
cohort_08__corner_-1_1,cohort_08,calibration,33,"['853/958', '1/3', '3/16', '1/3', '1/3', '1/32', '0', '0', '0', '0']",0,0,forced_33,809441067673/9196800000000,0.08801333808205028
cohort_08__corner_-1_1,cohort_08,calibration,60,"['5/48', '1/3', '7/8', '1/14', '1/3', '1/64', '0', '0', '0', '0']",291721/500000,0,forced_60,35487688067/268800000000,-0.45141935094122027
cohort_08__corner_1_-1,cohort_08,calibration,33,"['853/958', '1/3', '3/16', '1/3', '1/3', '1/32', '0', '0', '0', '0']",0,0,forced_33,809441067673/9196800000000,0.08801333808205028
cohort_08__corner_1_-1,cohort_08,calibration,60,"['5/48', '1/3', '7/8', '1/14', '1/3', '1/64', '0', '0', '0', '0']",0,0,forced_60,35487688067/268800000000,0.13202264905877975
cohort_08__corner_1_1,cohort_08,calibration,33,"['853/958', '1/3', '3/16', '1/3', '1/3', '1/32', '0', '0', '0', '0']",0,0,forced_33,809441067673/9196800000000,0.08801333808205028
cohort_08__corner_1_1,cohort_08,calibration,60,"['5/48', '1/3', '7/8', '1/14', '1/3', '1/64', '0', '0', '0', '0']",291721/500000,0,forced_60,35487688067/268800000000,-0.45141935094122027
cohort_08__eta0,cohort_08,calibration,33,"['853/958', '1/3', '3/16', '1/3', '1/3', '1/32', '0', '0', '0', '0']",0,0,forced_33,809441067673/9196800000000,0.08801333808205028
cohort_08__eta0,cohort_08,calibration,60,"['5/48', '1/3', '7/8', '1/14', '1/3', '1/64', '0', '0', '0', '0']",0,0,forced_60,35487688067/268800000000,0.13202264905877975
cohort_09__IID_3001,cohort_09,test,12,"['853/958', '1/3', '5/16', '1/5', '1/3', '1/16', '0', '0', '0', '0']",291721/500000,0,forced_12,181987633047/3832000000000,-0.5359504464908664
cohort_09__IID_3001,cohort_09,test,94,"['53/473', '1/3', '7/8', '1/14', '1/3', '1/64', '0', '0', '0', '0']",0,0,forced_94,27978016748001/211904000000000,0.13203156499169907
cohort_09__IID_3002,cohort_09,test,12,"['853/958', '1/3', '5/16', '1/5', '1/3', '1/16', '0', '0', '0', '0']",0,0,forced_12,181987633047/3832000000000,0.04749155350913361
cohort_09__IID_3002,cohort_09,test,94,"['53/473', '1/3', '7/8', '1/14', '1/3', '1/64', '0', '0', '0', '0']",0,0,forced_94,27978016748001/211904000000000,0.13203156499169907
cohort_09__IID_3003,cohort_09,test,12,"['853/958', '1/3', '5/16', '1/5', '1/3', '1/16', '0', '0', '0', '0']",291721/500000,0,forced_12,181987633047/3832000000000,-0.5359504464908664
cohort_09__IID_3003,cohort_09,test,94,"['53/473', '1/3', '7/8', '1/14', '1/3', '1/64', '0', '0', '0', '0']",0,0,forced_94,27978016748001/211904000000000,0.13203156499169907
cohort_09__IID_3004,cohort_09,test,12,"['853/958', '1/3', '5/16', '1/5', '1/3', '1/16', '0', '0', '0', '0']",291721/500000,0,forced_12,181987633047/3832000000000,-0.5359504464908664
cohort_09__IID_3004,cohort_09,test,94,"['53/473', '1/3', '7/8', '1/14', '1/3', '1/64', '0', '0', '0', '0']",0,0,forced_94,27978016748001/211904000000000,0.13203156499169907
cohort_09__IID_3005,cohort_09,test,12,"['853/958', '1/3', '5/16', '1/5', '1/3', '1/16', '0', '0', '0', '0']",291721/250000,0,forced_12,181987633047/3832000000000,-1.1193924464908664
cohort_09__IID_3005,cohort_09,test,94,"['53/473', '1/3', '7/8', '1/14', '1/3', '1/64', '0', '0', '0', '0']",0,0,forced_94,27978016748001/211904000000000,0.13203156499169907
cohort_09__IID_3006,cohort_09,test,12,"['853/958', '1/3', '5/16', '1/5', '1/3', '1/16', '0', '0', '0', '0']",291721/500000,0,forced_12,181987633047/3832000000000,-0.5359504464908664
cohort_09__IID_3006,cohort_09,test,94,"['53/473', '1/3', '7/8', '1/14', '1/3', '1/64', '0', '0', '0', '0']",0,0,forced_94,27978016748001/211904000000000,0.13203156499169907
cohort_09__IID_3007,cohort_09,test,12,"['853/958', '1/3', '5/16', '1/5', '1/3', '1/16', '0', '0', '0', '0']",291721/500000,0,forced_12,181987633047/3832000000000,-0.5359504464908664
cohort_09__IID_3007,cohort_09,test,94,"['53/473', '1/3', '7/8', '1/14', '1/3', '1/64', '0', '0', '0', '0']",0,0,forced_94,27978016748001/211904000000000,0.13203156499169907
cohort_09__IID_3008,cohort_09,test,12,"['853/958', '1/3', '5/16', '1/5', '1/3', '1/16', '0', '0', '0', '0']",291721/500000,0,forced_12,181987633047/3832000000000,-0.5359504464908664
cohort_09__IID_3008,cohort_09,test,94,"['53/473', '1/3', '7/8', '1/14', '1/3', '1/64', '0', '0', '0', '0']",0,0,forced_94,27978016748001/211904000000000,0.13203156499169907
cohort_09__corner_-1_-1,cohort_09,test,12,"['853/958', '1/3', '5/16', '1/5', '1/3', '1/16', '0', '0', '0', '0']",0,0,forced_12,181987633047/3832000000000,0.04749155350913361
cohort_09__corner_-1_-1,cohort_09,test,94,"['53/473', '1/3', '7/8', '1/14', '1/3', '1/64', '0', '0', '0', '0']",0,0,forced_94,27978016748001/211904000000000,0.13203156499169907
cohort_09__corner_-1_1,cohort_09,test,12,"['853/958', '1/3', '5/16', '1/5', '1/3', '1/16', '0', '0', '0', '0']",0,0,forced_12,181987633047/3832000000000,0.04749155350913361
cohort_09__corner_-1_1,cohort_09,test,94,"['53/473', '1/3', '7/8', '1/14', '1/3', '1/64', '0', '0', '0', '0']",291721/500000,0,forced_94,27978016748001/211904000000000,-0.4514104350083009
cohort_09__corner_1_-1,cohort_09,test,12,"['853/958', '1/3', '5/16', '1/5', '1/3', '1/16', '0', '0', '0', '0']",583441/1000000,0,forced_12,181987633047/3832000000000,-0.5359494464908664
cohort_09__corner_1_-1,cohort_09,test,94,"['53/473', '1/3', '7/8', '1/14', '1/3', '1/64', '0', '0', '0', '0']",0,0,forced_94,27978016748001/211904000000000,0.13203156499169907
cohort_09__corner_1_1,cohort_09,test,12,"['853/958', '1/3', '5/16', '1/5', '1/3', '1/16', '0', '0', '0', '0']",291721/500000,0,forced_12,181987633047/3832000000000,-0.5359504464908664
cohort_09__corner_1_1,cohort_09,test,94,"['53/473', '1/3', '7/8', '1/14', '1/3', '1/64', '0', '0', '0', '0']",291721/500000,0,forced_94,27978016748001/211904000000000,-0.4514104350083009
cohort_09__eta0,cohort_09,test,12,"['853/958', '1/3', '5/16', '1/5', '1/3', '1/16', '0', '0', '0', '0']",0,0,forced_12,181987633047/3832000000000,0.04749155350913361
cohort_09__eta0,cohort_09,test,94,"['53/473', '1/3', '7/8', '1/14', '1/3', '1/64', '0', '0', '0', '0']",0,0,forced_94,27978016748001/211904000000000,0.13203156499169907
cohort_10__IID_1001,cohort_10,train,69,"['39/43', '1/3', '1/4', '1/4', '1/3', '1/64', '0', '0', '0', '0']",583441/1000000,0,forced_69,268715893949/2752000000000,-0.4857971431871366
cohort_10__IID_1001,cohort_10,train,86,"['853/958', '1/3', '11/16', '1/11', '1/3', '1/32', '0', '0', '0', '0']",0,0,forced_86,16998484558117/168608000000000,0.10081659564265634
cohort_10__IID_1002,cohort_10,train,69,"['39/43', '1/3', '1/4', '1/4', '1/3', '1/64', '0', '0', '0', '0']",291721/500000,0,forced_69,268715893949/2752000000000,-0.48579814318713666
cohort_10__IID_1002,cohort_10,train,86,"['853/958', '1/3', '11/16', '1/11', '1/3', '1/32', '0', '0', '0', '0']",0,0,forced_86,16998484558117/168608000000000,0.10081659564265634
cohort_10__IID_1003,cohort_10,train,69,"['39/43', '1/3', '1/4', '1/4', '1/3', '1/64', '0', '0', '0', '0']",291721/500000,0,forced_69,268715893949/2752000000000,-0.48579814318713666
cohort_10__IID_1003,cohort_10,train,86,"['853/958', '1/3', '11/16', '1/11', '1/3', '1/32', '0', '0', '0', '0']",0,0,forced_86,16998484558117/168608000000000,0.10081659564265634
cohort_10__IID_1004,cohort_10,train,69,"['39/43', '1/3', '1/4', '1/4', '1/3', '1/64', '0', '0', '0', '0']",291721/500000,0,forced_69,268715893949/2752000000000,-0.48579814318713666
cohort_10__IID_1004,cohort_10,train,86,"['853/958', '1/3', '11/16', '1/11', '1/3', '1/32', '0', '0', '0', '0']",0,0,forced_86,16998484558117/168608000000000,0.10081659564265634
cohort_10__IID_1005,cohort_10,train,69,"['39/43', '1/3', '1/4', '1/4', '1/3', '1/64', '0', '0', '0', '0']",291721/500000,0,forced_69,268715893949/2752000000000,-0.48579814318713666
cohort_10__IID_1005,cohort_10,train,86,"['853/958', '1/3', '11/16', '1/11', '1/3', '1/32', '0', '0', '0', '0']",0,0,forced_86,16998484558117/168608000000000,0.10081659564265634
cohort_10__IID_1006,cohort_10,train,69,"['39/43', '1/3', '1/4', '1/4', '1/3', '1/64', '0', '0', '0', '0']",583441/1000000,0,forced_69,268715893949/2752000000000,-0.4857971431871366
cohort_10__IID_1006,cohort_10,train,86,"['853/958', '1/3', '11/16', '1/11', '1/3', '1/32', '0', '0', '0', '0']",0,0,forced_86,16998484558117/168608000000000,0.10081659564265634
cohort_10__IID_1007,cohort_10,train,69,"['39/43', '1/3', '1/4', '1/4', '1/3', '1/64', '0', '0', '0', '0']",291721/500000,0,forced_69,268715893949/2752000000000,-0.48579814318713666
cohort_10__IID_1007,cohort_10,train,86,"['853/958', '1/3', '11/16', '1/11', '1/3', '1/32', '0', '0', '0', '0']",0,0,forced_86,16998484558117/168608000000000,0.10081659564265634
cohort_10__IID_1008,cohort_10,train,69,"['39/43', '1/3', '1/4', '1/4', '1/3', '1/64', '0', '0', '0', '0']",291721/500000,0,forced_69,268715893949/2752000000000,-0.48579814318713666
cohort_10__IID_1008,cohort_10,train,86,"['853/958', '1/3', '11/16', '1/11', '1/3', '1/32', '0', '0', '0', '0']",0,0,forced_86,16998484558117/168608000000000,0.10081659564265634
cohort_10__corner_-1_-1,cohort_10,train,69,"['39/43', '1/3', '1/4', '1/4', '1/3', '1/64', '0', '0', '0', '0']",0,0,forced_69,268715893949/2752000000000,0.09764385681286337
cohort_10__corner_-1_-1,cohort_10,train,86,"['853/958', '1/3', '11/16', '1/11', '1/3', '1/32', '0', '0', '0', '0']",0,0,forced_86,16998484558117/168608000000000,0.10081659564265634
cohort_10__corner_-1_1,cohort_10,train,69,"['39/43', '1/3', '1/4', '1/4', '1/3', '1/64', '0', '0', '0', '0']",0,0,forced_69,268715893949/2752000000000,0.09764385681286337
cohort_10__corner_-1_1,cohort_10,train,86,"['853/958', '1/3', '11/16', '1/11', '1/3', '1/32', '0', '0', '0', '0']",0,0,forced_86,16998484558117/168608000000000,0.10081659564265634
cohort_10__corner_1_-1,cohort_10,train,69,"['39/43', '1/3', '1/4', '1/4', '1/3', '1/64', '0', '0', '0', '0']",291721/500000,0,forced_69,268715893949/2752000000000,-0.48579814318713666
cohort_10__corner_1_-1,cohort_10,train,86,"['853/958', '1/3', '11/16', '1/11', '1/3', '1/32', '0', '0', '0', '0']",0,0,forced_86,16998484558117/168608000000000,0.10081659564265634
cohort_10__corner_1_1,cohort_10,train,69,"['39/43', '1/3', '1/4', '1/4', '1/3', '1/64', '0', '0', '0', '0']",583441/1000000,0,forced_69,268715893949/2752000000000,-0.4857971431871366
cohort_10__corner_1_1,cohort_10,train,86,"['853/958', '1/3', '11/16', '1/11', '1/3', '1/32', '0', '0', '0', '0']",0,0,forced_86,16998484558117/168608000000000,0.10081659564265634
cohort_10__eta0,cohort_10,train,69,"['39/43', '1/3', '1/4', '1/4', '1/3', '1/64', '0', '0', '0', '0']",0,0,forced_69,268715893949/2752000000000,0.09764385681286337
cohort_10__eta0,cohort_10,train,86,"['853/958', '1/3', '11/16', '1/11', '1/3', '1/32', '0', '0', '0', '0']",0,0,forced_86,16998484558117/168608000000000,0.10081659564265634
cohort_11__IID_1001,cohort_11,train,43,"['39/43', '1/3', '13/16', '1/13', '1/3', '1/64', '0', '0', '0', '0']",291721/500000,0,forced_43,4560957049469/35776000000000,-0.45595549928809814
cohort_11__IID_1001,cohort_11,train,58,"['39/43', '1/3', '5/16', '1/5', '1/3', '1/32', '1/3', '5/16', '1/2', '1/3']",291721/500000,0,forced_58,1419948189841/4128000000000,-0.23946230284859496
cohort_11__IID_1002,cohort_11,train,43,"['39/43', '1/3', '13/16', '1/13', '1/3', '1/64', '0', '0', '0', '0']",291721/500000,0,forced_43,4560957049469/35776000000000,-0.45595549928809814
cohort_11__IID_1002,cohort_11,train,58,"['39/43', '1/3', '5/16', '1/5', '1/3', '1/32', '1/3', '5/16', '1/2', '1/3']",291721/500000,0,forced_58,1419948189841/4128000000000,-0.23946230284859496
cohort_11__IID_1003,cohort_11,train,43,"['39/43', '1/3', '13/16', '1/13', '1/3', '1/64', '0', '0', '0', '0']",291721/500000,0,forced_43,4560957049469/35776000000000,-0.45595549928809814
cohort_11__IID_1003,cohort_11,train,58,"['39/43', '1/3', '5/16', '1/5', '1/3', '1/32', '1/3', '5/16', '1/2', '1/3']",291721/500000,0,forced_58,1419948189841/4128000000000,-0.23946230284859496
cohort_11__IID_1004,cohort_11,train,43,"['39/43', '1/3', '13/16', '1/13', '1/3', '1/64', '0', '0', '0', '0']",291721/500000,0,forced_43,4560957049469/35776000000000,-0.45595549928809814
cohort_11__IID_1004,cohort_11,train,58,"['39/43', '1/3', '5/16', '1/5', '1/3', '1/32', '1/3', '5/16', '1/2', '1/3']",291721/500000,0,forced_58,1419948189841/4128000000000,-0.23946230284859496
cohort_11__IID_1005,cohort_11,train,43,"['39/43', '1/3', '13/16', '1/13', '1/3', '1/64', '0', '0', '0', '0']",583441/1000000,0,forced_43,4560957049469/35776000000000,-0.45595449928809817
cohort_11__IID_1005,cohort_11,train,58,"['39/43', '1/3', '5/16', '1/5', '1/3', '1/32', '1/3', '5/16', '1/2', '1/3']",583441/1000000,0,forced_58,1419948189841/4128000000000,-0.23946130284859496
cohort_11__IID_1006,cohort_11,train,43,"['39/43', '1/3', '13/16', '1/13', '1/3', '1/64', '0', '0', '0', '0']",291721/500000,0,forced_43,4560957049469/35776000000000,-0.45595549928809814
cohort_11__IID_1006,cohort_11,train,58,"['39/43', '1/3', '5/16', '1/5', '1/3', '1/32', '1/3', '5/16', '1/2', '1/3']",0,0,forced_58,1419948189841/4128000000000,0.34397969715140503
cohort_11__IID_1007,cohort_11,train,43,"['39/43', '1/3', '13/16', '1/13', '1/3', '1/64', '0', '0', '0', '0']",0,0,forced_43,4560957049469/35776000000000,0.12748650071190185
cohort_11__IID_1007,cohort_11,train,58,"['39/43', '1/3', '5/16', '1/5', '1/3', '1/32', '1/3', '5/16', '1/2', '1/3']",291721/500000,0,forced_58,1419948189841/4128000000000,-0.23946230284859496
cohort_11__IID_1008,cohort_11,train,43,"['39/43', '1/3', '13/16', '1/13', '1/3', '1/64', '0', '0', '0', '0']",0,0,forced_43,4560957049469/35776000000000,0.12748650071190185
cohort_11__IID_1008,cohort_11,train,58,"['39/43', '1/3', '5/16', '1/5', '1/3', '1/32', '1/3', '5/16', '1/2', '1/3']",291721/500000,0,forced_58,1419948189841/4128000000000,-0.23946230284859496
cohort_11__corner_-1_-1,cohort_11,train,43,"['39/43', '1/3', '13/16', '1/13', '1/3', '1/64', '0', '0', '0', '0']",0,0,forced_43,4560957049469/35776000000000,0.12748650071190185
cohort_11__corner_-1_-1,cohort_11,train,58,"['39/43', '1/3', '5/16', '1/5', '1/3', '1/32', '1/3', '5/16', '1/2', '1/3']",0,0,forced_58,1419948189841/4128000000000,0.34397969715140503
cohort_11__corner_-1_1,cohort_11,train,43,"['39/43', '1/3', '13/16', '1/13', '1/3', '1/64', '0', '0', '0', '0']",0,0,forced_43,4560957049469/35776000000000,0.12748650071190185
cohort_11__corner_-1_1,cohort_11,train,58,"['39/43', '1/3', '5/16', '1/5', '1/3', '1/32', '1/3', '5/16', '1/2', '1/3']",291721/500000,0,forced_58,1419948189841/4128000000000,-0.23946230284859496
cohort_11__corner_1_-1,cohort_11,train,43,"['39/43', '1/3', '13/16', '1/13', '1/3', '1/64', '0', '0', '0', '0']",291721/500000,0,forced_43,4560957049469/35776000000000,-0.45595549928809814
cohort_11__corner_1_-1,cohort_11,train,58,"['39/43', '1/3', '5/16', '1/5', '1/3', '1/32', '1/3', '5/16', '1/2', '1/3']",0,0,forced_58,1419948189841/4128000000000,0.34397969715140503
cohort_11__corner_1_1,cohort_11,train,43,"['39/43', '1/3', '13/16', '1/13', '1/3', '1/64', '0', '0', '0', '0']",291721/500000,0,forced_43,4560957049469/35776000000000,-0.45595549928809814
cohort_11__corner_1_1,cohort_11,train,58,"['39/43', '1/3', '5/16', '1/5', '1/3', '1/32', '1/3', '5/16', '1/2', '1/3']",291721/500000,0,forced_58,1419948189841/4128000000000,-0.23946230284859496
cohort_11__eta0,cohort_11,train,43,"['39/43', '1/3', '13/16', '1/13', '1/3', '1/64', '0', '0', '0', '0']",0,0,forced_43,4560957049469/35776000000000,0.12748650071190185
cohort_11__eta0,cohort_11,train,58,"['39/43', '1/3', '5/16', '1/5', '1/3', '1/32', '1/3', '5/16', '1/2', '1/3']",0,0,forced_58,1419948189841/4128000000000,0.34397969715140503
