id,split,map,seed,N,cols,condition,execution,policy,horizon_ticks,port,input_id,tasks,restricted_first10,completed_rows,censored,planner_wall,forecast_wall
test_empty-32-32_971041_nominal_local_hm,test,empty-32-32,971041,8,32,nominal,local,hm,4000,12260,empty-32-32_971041,26,279486,1364,26,0.05672605600193492,2.698000389500521e-05
test_empty-32-32_971041_nominal_local_learned,test,empty-32-32,971041,8,32,nominal,local,learned,4000,12261,empty-32-32_971041,26,278172,1400,7,0.2402783850002379,2.439280647004125
test_empty-32-32_971041_nominal_local_residual_history,test,empty-32-32,971041,8,32,nominal,local,residual_history,4000,12262,empty-32-32_971041,26,279168,1367,6,0.22936429999663233,2.439731130004475
test_empty-32-32_971041_nominal_local_residual_learned,test,empty-32-32,971041,8,32,nominal,local,residual_learned,4000,12263,empty-32-32_971041,27,277504,1403,40,0.24735299599433347,2.6214947140033473
test_empty-32-32_971041_axis_local_hm,test,empty-32-32,971041,8,32,axis,local,hm,4000,12264,empty-32-32_971041,24,281186,1339,8,0.05919135300337075,3.207699592167046e-05
test_empty-32-32_971041_axis_local_learned,test,empty-32-32,971041,8,32,axis,local,learned,4000,12265,empty-32-32_971041,25,281702,1324,1,0.23795732699636574,2.397980157998063
test_empty-32-32_971041_axis_local_residual_history,test,empty-32-32,971041,8,32,axis,local,residual_history,4000,12266,empty-32-32_971041,26,280554,1344,36,0.23284371399768133,2.358887187995606
test_empty-32-32_971041_axis_local_residual_learned,test,empty-32-32,971041,8,32,axis,local,residual_learned,4000,12267,empty-32-32_971041,26,280994,1332,0,0.2264248370011046,2.2530365909969987
test_random-32-32-10_971041_nominal_local_hm,test,random-32-32-10,971041,8,32,nominal,local,hm,4000,12268,random-32-32-10_971041,24,282388,1391,20,0.05758652400163555,2.9992000236234162e-05
test_random-32-32-10_971041_nominal_local_learned,test,random-32-32-10,971041,8,32,nominal,local,learned,4000,12269,random-32-32-10_971041,24,283664,1369,1,0.2261314909956127,2.1471245069997167
test_random-32-32-10_971041_nominal_local_residual_history,test,random-32-32-10,971041,8,32,nominal,local,residual_history,4000,12270,random-32-32-10_971041,24,282350,1394,7,0.23182906699821615,2.3440638510010103
test_random-32-32-10_971041_nominal_local_residual_learned,test,random-32-32-10,971041,8,32,nominal,local,residual_learned,4000,12271,random-32-32-10_971041,22,283922,1364,6,0.22416375799548405,2.181004727997788
test_random-32-32-10_971041_axis_local_hm,test,random-32-32-10,971041,8,32,axis,local,hm,4000,12272,random-32-32-10_971041,22,284212,1341,33,0.05404779200125631,2.763500378932804e-05
test_random-32-32-10_971041_axis_local_learned,test,random-32-32-10,971041,8,32,axis,local,learned,4000,12273,random-32-32-10_971041,20,285118,1316,14,0.2251585330004673,2.2110720980035694
test_random-32-32-10_971041_axis_local_residual_history,test,random-32-32-10,971041,8,32,axis,local,residual_history,4000,12274,random-32-32-10_971041,21,284688,1327,1,0.23240791499847546,2.2877664159932465
test_random-32-32-10_971041_axis_local_residual_learned,test,random-32-32-10,971041,8,32,axis,local,residual_learned,4000,12275,random-32-32-10_971041,20,285184,1325,6,0.2329572249946068,2.3685424539999076
test_empty-32-32_971042_nominal_local_hm,test,empty-32-32,971042,8,32,nominal,local,hm,4000,12276,empty-32-32_971042,21,288796,1437,1,0.05791003900048963,2.944899915746646e-05
test_empty-32-32_971042_nominal_local_learned,test,empty-32-32,971042,8,32,nominal,local,learned,4000,12277,empty-32-32_971042,21,291160,1390,1,0.23958935900191136,2.5376536919984574
test_empty-32-32_971042_nominal_local_residual_history,test,empty-32-32,971042,8,32,nominal,local,residual_history,4000,12278,empty-32-32_971042,21,289110,1413,1,0.2318371909987036,2.531961522995516
test_empty-32-32_971042_nominal_local_residual_learned,test,empty-32-32,971042,8,32,nominal,local,residual_learned,4000,12279,empty-32-32_971042,21,289202,1426,26,0.25039024199850246,2.7198138229996403
test_empty-32-32_971042_axis_local_hm,test,empty-32-32,971042,8,32,axis,local,hm,4000,12280,empty-32-32_971042,21,290772,1367,34,0.05714571199951024,2.9908001124567818e-05
test_empty-32-32_971042_axis_local_learned,test,empty-32-32,971042,8,32,axis,local,learned,4000,12281,empty-32-32_971042,20,292786,1345,5,0.2244642289924741,2.3275533989972246
test_empty-32-32_971042_axis_local_residual_history,test,empty-32-32,971042,8,32,axis,local,residual_history,4000,12282,empty-32-32_971042,20,291238,1339,37,0.22501652700520935,2.3875902230020074
test_empty-32-32_971042_axis_local_residual_learned,test,empty-32-32,971042,8,32,axis,local,residual_learned,4000,12283,empty-32-32_971042,20,292068,1352,31,0.22360724000191112,2.4437870640003894
test_random-32-32-10_971042_nominal_local_hm,test,random-32-32-10,971042,8,32,nominal,local,hm,4000,12284,random-32-32-10_971042,24,277168,1391,31,0.05863757999668451,3.091700091317762e-05
test_random-32-32-10_971042_nominal_local_learned,test,random-32-32-10,971042,8,32,nominal,local,learned,4000,12285,random-32-32-10_971042,24,277066,1390,28,0.25580601299770933,2.6149845809941326
test_random-32-32-10_971042_nominal_local_residual_history,test,random-32-32-10,971042,8,32,nominal,local,residual_history,4000,12286,random-32-32-10_971042,24,276514,1412,15,0.2341632460047549,2.462134533997414
test_random-32-32-10_971042_nominal_local_residual_learned,test,random-32-32-10,971042,8,32,nominal,local,residual_learned,4000,12287,random-32-32-10_971042,23,278090,1380,11,0.24324130300192337,2.451888991998203
test_random-32-32-10_971042_axis_local_hm,test,random-32-32-10,971042,8,32,axis,local,hm,4000,12288,random-32-32-10_971042,23,278828,1347,2,0.05621976199745404,3.6854999962088186e-05
test_random-32-32-10_971042_axis_local_learned,test,random-32-32-10,971042,8,32,axis,local,learned,4000,12289,random-32-32-10_971042,24,279164,1344,37,0.23266797500309622,2.1987021470013133
test_random-32-32-10_971042_axis_local_residual_history,test,random-32-32-10,971042,8,32,axis,local,residual_history,4000,12290,random-32-32-10_971042,23,278654,1343,27,0.22738224299973808,2.170552141000371
test_random-32-32-10_971042_axis_local_residual_learned,test,random-32-32-10,971042,8,32,axis,local,residual_learned,4000,12291,random-32-32-10_971042,23,279478,1346,1,0.2226233739975214,2.1138809429949106
