world,map,seed,shift,policy,served,queries,first4_restricted_time,utility,max_candidates,error
empty-32-32_test_101301_IID,empty-32-32,101301,False,once_SKIP,35,16,12727555983/2000000,1134222444017/32770000000,2,
empty-32-32_test_101301_IID,empty-32-32,101301,False,WAIT,35,0,12731375187/2000000,1134218624813/32770000000,3,
empty-32-32_test_101301_IID,empty-32-32,101301,False,once_history,35,16,12727555983/2000000,1134222444017/32770000000,2,
empty-32-32_test_101301_IID,empty-32-32,101301,False,condition,35,16,12727555983/2000000,1134222444017/32770000000,2,
empty-32-32_test_101301_IID,empty-32-32,101301,False,once_WAIT,35,16,12727555983/2000000,1134222444017/32770000000,2,
empty-32-32_test_101301_IID,empty-32-32,101301,False,once_nohistory,35,16,12727555983/2000000,1134222444017/32770000000,2,
empty-32-32_test_101301_SHIFT,empty-32-32,101301,True,once_WAIT,35,16,12728853201/2000000,1134221146799/32770000000,2,
empty-32-32_test_101301_SHIFT,empty-32-32,101301,True,once_SKIP,35,16,12728853201/2000000,1134221146799/32770000000,2,
empty-32-32_test_101301_SHIFT,empty-32-32,101301,True,once_history,35,16,12728853201/2000000,1134221146799/32770000000,2,
empty-32-32_test_101301_SHIFT,empty-32-32,101301,True,once_nohistory,35,16,12728853201/2000000,1134221146799/32770000000,2,
empty-32-32_test_101301_SHIFT,empty-32-32,101301,True,condition,35,16,12728853201/2000000,1134221146799/32770000000,2,
empty-32-32_test_101301_SHIFT,empty-32-32,101301,True,WAIT,35,0,2546534481/400000,226843465519/6554000000,3,
empty-32-32_test_101302_IID,empty-32-32,101302,False,once_WAIT,44,16,2261566283/400000,286114433717/6554000000,1,
empty-32-32_test_101302_IID,empty-32-32,101302,False,WAIT,44,0,11331016121/2000000,1430548983879/32770000000,1,
empty-32-32_test_101302_IID,empty-32-32,101302,False,once_SKIP,44,16,2261566283/400000,286114433717/6554000000,1,
empty-32-32_test_101302_IID,empty-32-32,101302,False,once_nohistory,44,16,2261566283/400000,286114433717/6554000000,1,
empty-32-32_test_101302_IID,empty-32-32,101302,False,condition,44,16,2261566283/400000,286114433717/6554000000,1,
empty-32-32_test_101302_IID,empty-32-32,101302,False,once_history,44,16,2261566283/400000,286114433717/6554000000,1,
empty-32-32_test_101302_SHIFT,empty-32-32,101302,True,once_SKIP,44,16,11309128633/2000000,1430570871367/32770000000,1,
empty-32-32_test_101302_SHIFT,empty-32-32,101302,True,WAIT,44,0,11332313339/2000000,1430547686661/32770000000,1,
empty-32-32_test_101302_SHIFT,empty-32-32,101302,True,once_nohistory,44,16,11309128633/2000000,1430570871367/32770000000,1,
empty-32-32_test_101302_SHIFT,empty-32-32,101302,True,once_WAIT,44,16,11309128633/2000000,1430570871367/32770000000,1,
empty-32-32_test_101302_SHIFT,empty-32-32,101302,True,once_history,44,16,11309128633/2000000,1430570871367/32770000000,1,
empty-32-32_test_101302_SHIFT,empty-32-32,101302,True,condition,44,16,11309128633/2000000,1430570871367/32770000000,1,
random-32-32-10_test_102301_IID,random-32-32-10,102301,False,once_SKIP,51,16,2782598803/500000,415034901197/8192500000,2,
random-32-32-10_test_102301_IID,random-32-32-10,102301,False,condition,51,16,2782598803/500000,415034901197/8192500000,2,
random-32-32-10_test_102301_IID,random-32-32-10,102301,False,once_history,51,16,2782598803/500000,415034901197/8192500000,2,
random-32-32-10_test_102301_IID,random-32-32-10,102301,False,once_WAIT,51,16,2782598803/500000,415034901197/8192500000,2,
random-32-32-10_test_102301_IID,random-32-32-10,102301,False,WAIT,53,0,11032866067/2000000,1725777133933/32770000000,2,
random-32-32-10_test_102301_IID,random-32-32-10,102301,False,once_nohistory,51,16,2782598803/500000,415034901197/8192500000,2,
random-32-32-10_test_102301_SHIFT,random-32-32-10,102301,True,once_nohistory,51,16,5567143433/1000000,830067856567/16385000000,2,
random-32-32-10_test_102301_SHIFT,random-32-32-10,102301,True,once_SKIP,51,16,5567143433/1000000,830067856567/16385000000,2,
random-32-32-10_test_102301_SHIFT,random-32-32-10,102301,True,condition,51,16,5567143433/1000000,830067856567/16385000000,2,
random-32-32-10_test_102301_SHIFT,random-32-32-10,102301,True,once_history,51,16,5567143433/1000000,830067856567/16385000000,2,
random-32-32-10_test_102301_SHIFT,random-32-32-10,102301,True,WAIT,53,0,11038054939/2000000,1725771945061/32770000000,2,
random-32-32-10_test_102301_SHIFT,random-32-32-10,102301,True,once_WAIT,51,16,5567143433/1000000,830067856567/16385000000,2,
random-32-32-10_test_102302_IID,random-32-32-10,102302,False,WAIT,42,0,11478376943/2000000,1364861623057/32770000000,2,
random-32-32-10_test_102302_IID,random-32-32-10,102302,False,once_history,42,16,11486441963/2000000,1364853558037/32770000000,1,
random-32-32-10_test_102302_IID,random-32-32-10,102302,False,condition,42,16,11486441963/2000000,1364853558037/32770000000,1,
random-32-32-10_test_102302_IID,random-32-32-10,102302,False,once_WAIT,42,16,11486441963/2000000,1364853558037/32770000000,1,
random-32-32-10_test_102302_IID,random-32-32-10,102302,False,once_nohistory,42,16,11486441963/2000000,1364853558037/32770000000,1,
random-32-32-10_test_102302_IID,random-32-32-10,102302,False,once_SKIP,42,16,2296821639/400000,272971178361/6554000000,1,
random-32-32-10_test_102302_SHIFT,random-32-32-10,102302,True,once_history,42,16,11487739181/2000000,1364852260819/32770000000,1,
random-32-32-10_test_102302_SHIFT,random-32-32-10,102302,True,once_SKIP,42,16,11485405413/2000000,1364854594587/32770000000,1,
random-32-32-10_test_102302_SHIFT,random-32-32-10,102302,True,WAIT,42,0,11478376943/2000000,1364861623057/32770000000,2,
random-32-32-10_test_102302_SHIFT,random-32-32-10,102302,True,once_nohistory,42,16,11487739181/2000000,1364852260819/32770000000,1,
random-32-32-10_test_102302_SHIFT,random-32-32-10,102302,True,condition,42,16,11487739181/2000000,1364852260819/32770000000,1,
random-32-32-10_test_102302_SHIFT,random-32-32-10,102302,True,once_WAIT,42,16,11487739181/2000000,1364852260819/32770000000,1,
