world,policy,split,served,released,uncompleted_released,fixed_first4_restricted_time,query_count,early_release_queries,deadlock,true_horizon_reached,opportunities_0,opportunities_1,opportunities_multi,max_candidates,official_plan_calls,wall_seconds
mechanical_N16,RR,mechanical,52,68,16,5135.2634725,16,9,False,True,620,119,14,2,75,77.96481206899625
mechanical_N16,WAIT,mechanical,52,68,16,5136.0207535,0,0,False,True,591,169,16,2,75,81.5303154369758
mechanical_N16,condition,mechanical,52,68,16,5135.2634725,16,9,False,True,620,119,14,2,75,88.98022717199638
mechanical_N2,RR,mechanical,22,24,2,255.985342,3,1,False,True,182,3,0,1,588,1.6612531240098178
mechanical_N2,WAIT,mechanical,20,22,2,261.217719,0,0,False,True,176,6,0,1,418,1.6495282260002568
mechanical_N2,condition,mechanical,22,24,2,255.985342,3,1,False,True,182,3,0,1,588,1.8387741969781928
mechanical_N4,RR,mechanical,50,53,3,373.588934,16,12,False,True,331,21,0,1,614,8.363789914001245
mechanical_N4,WAIT,mechanical,46,50,4,378.364959,0,0,False,True,295,34,0,1,463,7.167536588007351
mechanical_N4,condition,mechanical,50,53,3,373.588934,16,12,False,True,331,21,0,1,614,8.279162442981033
mechanical_N8,RR,mechanical,18,26,8,3117.346988,10,7,False,True,390,10,0,1,72,17.29597085400019
mechanical_N8,WAIT,mechanical,18,26,8,3118.579039,0,0,False,True,378,15,0,1,72,17.100825995992636
mechanical_N8,condition,mechanical,18,26,8,3117.346988,10,7,False,True,390,10,0,1,72,17.28303708101157
calibration_74201,WAIT,calibration,35,51,16,6228.9295155,0,0,False,True,522,59,11,3,70,70.20661457499955
calibration_74201,probe_10_1,calibration,35,51,16,6228.9295155,1,1,False,True,519,63,10,3,70,57.295043366990285
calibration_74201,probe_10_7,calibration,35,51,16,6228.9295155,1,1,False,True,522,59,11,3,70,57.1360863269947
calibration_74201,probe_11_1,calibration,35,51,16,6228.9295155,1,1,False,True,521,61,11,3,70,56.861823990999255
calibration_74201,probe_11_7,calibration,35,51,16,6228.9295155,1,1,False,True,523,58,12,3,70,56.74487306800438
calibration_74201,probe_1_5,calibration,35,51,16,6228.9295155,1,0,False,True,529,52,11,3,70,58.13979198798188
calibration_74201,probe_2_5,calibration,35,51,16,6228.9295155,1,0,False,True,528,53,11,3,70,58.23064303799765
test_74301_IID,RR,test,50,66,16,5550.373502,16,10,False,True,663,72,0,1,75,76.77226202501333
test_74301_IID,WAIT,test,51,67,16,5559.7592185,0,0,False,True,584,68,3,2,74,67.23883578000823
test_74301_IID,condition,test,50,66,16,5550.373502,16,10,False,True,663,72,0,1,75,76.89096368901664
test_74301_IID,ridge_history,test,50,66,16,5554.631435,4,2,False,True,590,115,1,2,74,75.91147046900005
test_74301_IID,ridge_nohistory,test,51,67,16,5559.7592185,0,0,False,True,584,68,3,2,74,71.24557509997976
test_74301_SHIFT,RR,test,50,66,16,5553.783104,16,10,False,True,656,74,0,1,75,87.25499290099833
test_74301_SHIFT,WAIT,test,50,66,16,5563.031346,0,0,False,True,595,64,3,2,75,75.49369004601613
test_74301_SHIFT,condition,test,50,66,16,5553.783104,16,10,False,True,656,74,0,1,75,87.47997690798366
test_74301_SHIFT,ridge_history,test,49,65,16,5558.4507795,4,2,False,True,590,104,1,2,74,99.44683429700672
test_74301_SHIFT,ridge_nohistory,test,50,66,16,5563.031346,0,0,False,True,595,64,3,2,75,92.99480954901082
test_74302_IID,RR,test,39,55,16,5760.0199265,16,7,False,True,632,32,0,1,71,85.90255290697678
test_74302_IID,WAIT,test,39,55,16,5763.8247515,0,0,False,True,583,64,5,2,71,86.15463173700846
test_74302_IID,condition,test,39,55,16,5760.0199265,16,7,False,True,632,32,0,1,71,90.38913876202423
test_74302_IID,ridge_history,test,39,55,16,5763.8247515,3,1,False,True,590,58,5,2,71,89.63015702698613
test_74302_IID,ridge_nohistory,test,39,55,16,5763.8247515,0,0,False,True,583,64,5,2,71,90.52187764301198
test_74302_SHIFT,RR,test,40,55,15,5760.639453,16,7,False,True,638,33,0,1,71,85.96794853601023
test_74302_SHIFT,WAIT,test,40,55,15,5764.444278,0,0,False,True,598,68,5,2,71,94.93627804997959
test_74302_SHIFT,condition,test,40,55,15,5760.639453,16,7,False,True,638,33,0,1,71,85.53783196600853
test_74302_SHIFT,ridge_history,test,40,55,15,5764.444278,3,1,False,True,605,62,5,2,71,85.20729989299434
test_74302_SHIFT,ridge_nohistory,test,40,55,15,5764.444278,0,0,False,True,598,68,5,2,71,83.68048668900155
train_74101,WAIT,train,41,57,16,5755.6641125,0,0,False,True,574,57,12,3,71,76.95375062298262
train_74101,probe_13_0,train,41,57,16,5755.6641125,1,0,False,True,575,58,10,3,71,65.07621090399334
train_74101,probe_13_10,train,41,57,16,5755.5192165,1,1,False,True,562,55,11,3,71,62.44498225999996
train_74101,probe_1_5,train,41,57,16,5755.6641125,1,0,False,True,578,54,11,3,71,64.47824217900052
train_74101,probe_2_5,train,41,57,16,5755.6641125,1,0,False,True,577,55,11,3,71,64.61274478799896
train_74101,probe_6_3,train,41,57,16,5755.6641125,1,0,False,True,579,52,12,3,71,64.54180007701507
train_74101,probe_6_5,train,41,57,16,5755.6641125,1,1,False,True,575,59,12,3,71,65.02462473302148
train_74102,WAIT,train,45,61,16,5739.8000475,0,0,False,True,438,57,3,2,71,55.98148174598464
train_74102,probe_1_5,train,45,61,16,5739.2166055,1,1,False,True,441,56,3,2,71,43.84245855099289
train_74102,probe_24_14,train,45,61,16,5739.8000475,1,0,False,True,441,56,1,2,71,43.13443653701688
train_74102,probe_24_15,train,45,61,16,5739.8000475,1,1,False,True,437,59,1,2,71,43.20264925798983
train_74102,probe_25_14,train,45,61,16,5739.8000475,1,0,False,True,441,55,2,2,71,43.000147039972944
train_74102,probe_25_15,train,45,61,16,5739.8000475,1,1,False,True,437,59,2,2,71,43.075021745986305
train_74102,probe_2_5,train,45,61,16,5739.7275985,1,1,False,True,438,57,3,2,71,43.5696456930018
train_74103,WAIT,train,44,59,15,5464.422469,0,0,False,True,499,61,4,2,71,66.65987989399582
train_74103,probe_1_9,train,44,59,15,5464.422469,1,0,False,True,503,57,4,2,71,53.19291709701065
train_74103,probe_2_9,train,44,59,15,5464.422469,1,0,False,True,502,58,4,2,71,53.35681912401924
train_74103,probe_38_6,train,44,59,15,5464.422469,1,0,False,True,499,63,2,2,71,53.754921721993014
train_74103,probe_38_7,train,44,59,15,5464.422469,1,0,False,True,500,62,2,2,71,53.829212463024305
train_74103,probe_39_6,train,43,59,16,5464.5240005,1,1,False,True,500,63,3,2,71,55.43230044000666
train_74103,probe_39_7,train,44,59,15,5464.422469,1,1,False,True,497,61,3,2,71,54.76107999400119
