context,target_agent,release_count,public_alpha,measured_alpha,alpha_changed,public_residual,position_residual,public_weight,position_weight,weight_changed,new_solver_call,adopted_graph_changed,position_sum_gain,position_makespan_gain,keep_sum,public_sum,keep_makespan,public_makespan
random-32-32-10__t1_2__primitive_nominal,14,5,1/2,1/2,False,1/2,1/2,1,1,False,False,False,0,0,8343/4,8171/4,309/4,159/2
random-32-32-10__t1_2__axis_slow,14,5,2/5,1/3,True,3/4,1,1,1,False,False,False,0,0,2362,2341,175/2,181/2
random-32-32-10__t1_2__midpoint_pause,14,5,1/2,1/2,False,1/2,1/2,1,1,False,False,False,0,0,2172,4267/2,159/2,333/4
random-32-32-10__t5_2__primitive_nominal,48,6,3/4,3/4,False,1/4,1/4,1,1,False,False,False,0,0,8343/4,8131/4,309/4,159/2
random-32-32-10__t5_2__axis_slow,48,6,1/4,1/4,False,3/4,3/4,1,1,False,False,False,0,0,2362,2327,175/2,181/2
random-32-32-10__t5_2__midpoint_pause,48,6,3/4,3/4,False,1/4,1/4,1,1,False,False,False,0,0,2172,8491/4,159/2,333/4
warehouse-10-20-10-2-1__t1_2__primitive_nominal,2,7,1/4,1/4,False,3/4,3/4,1,1,False,False,False,0,0,65957/4,65975/4,1241/4,1241/4
warehouse-10-20-10-2-1__t1_2__axis_slow,2,7,1/4,1/6,True,3/4,5/4,1,2,True,True,False,0,0,20832,83311/4,775/2,775/2
warehouse-10-20-10-2-1__t1_2__midpoint_pause,2,7,1/4,1/4,False,3/4,3/4,1,1,False,False,False,0,0,68875/4,34451/2,1295/4,1295/4
warehouse-10-20-10-2-1__t5_2__primitive_nominal,24,10,3/4,3/4,False,1/4,1/4,1,1,False,False,False,0,0,65957/4,65941/4,1241/4,1241/4
warehouse-10-20-10-2-1__t5_2__axis_slow,24,10,1/2,1/2,False,3/4,3/4,1,1,False,False,False,0,0,20832,41639/2,775/2,775/2
warehouse-10-20-10-2-1__t5_2__midpoint_pause,24,10,3/4,3/4,False,1/4,1/4,1,1,False,False,False,0,0,68875/4,68943/4,1295/4,1295/4
