world,family_key,split,budget,arm,reused,semantic_alias,tasks,T_lower,T_upper,queries,remaining_budget,host_seconds,raw_sha256,planner_sha256,input_sha256
empty-32-32_scen2_offset96_train_131101_B8,empty-32-32_scen2_offset96_train_131101,train,8,C,True,False,47,2774949347/500000,5549898741/1000000,8,0,89.01601827699778,2b36b9630cc46345cb3bac1397176b2072e6507eeed0da4b0ea73cb3265a3ada,9f8b6e1995658fe1d3866538df9e85ece1624e7d4d4f2912a600420a4df4f301,3789087f5c2ea3f417a3d100c3051c28446e1e1c5c0b47f4e913659fff0e1780
empty-32-32_scen2_offset96_train_131101_B8,empty-32-32_scen2_offset96_train_131101,train,8,STOP,False,False,47,2774949347/500000,5549898741/1000000,4,4,81.24198264899314,d4862df9bd9a7c0ba78ceb6dced158693b06bd2b350465df8b4d6cc8099076fb,083a00604d05f8cd986cafedcfa7fbce69a2ee5d851dd3f7baba86a08d6ea338,3789087f5c2ea3f417a3d100c3051c28446e1e1c5c0b47f4e913659fff0e1780
empty-32-32_scen2_offset96_train_131101_B16,empty-32-32_scen2_offset96_train_131101,train,16,C,True,False,47,2774059713/500000,5548119473/1000000,13,3,84.4624759119979,3d5120fbcb4c030fb8e9e8ddc2b44e8b049cd2b2b3309bebe4393db6e0e2086d,7ac29b26b2c8417cd7f648f2d96d93c9c674ece2278a5a893d6a0efdc495a8f3,3789087f5c2ea3f417a3d100c3051c28446e1e1c5c0b47f4e913659fff0e1780
empty-32-32_scen2_offset96_train_131101_B16,empty-32-32_scen2_offset96_train_131101,train,16,STOP,False,False,47,2774949347/500000,5549898741/1000000,8,8,80.3368297979905,b89b4234479a727ea5cad618f85e34ae7319a012387ca8ac92cb0e87ae3bfdd1,d29846fee38bdc3fcb93ab4d6fc6fec581ed72e4dd31954dd6c006b6f7b752ab,3789087f5c2ea3f417a3d100c3051c28446e1e1c5c0b47f4e913659fff0e1780
empty-32-32_scen2_offset112_train_131102_B8,empty-32-32_scen2_offset112_train_131102,train,8,C,True,False,41,2902499007/500000,1160999611/200000,8,0,71.91034180599672,40a5ad33593c24c9e46666c1f32fb60c6aa03cb263972aeca94c24e2b054374a,9c264ed654a256c23e34ea1d034364c35e21953eac00a7179cb39ad7302227e7,79fdc73f59c3ab6eb400ac977f3a2121ede286c5ac68c6b4d936ae3c3e830950
empty-32-32_scen2_offset112_train_131102_B8,empty-32-32_scen2_offset112_train_131102,train,8,STOP,False,False,41,2902499007/500000,1160999611/200000,4,4,66.36717145300645,c3e8582cbbd081851bc26f1a14a0e688432881cc5135c3736d66149e4ee55259,a463666539102b85aae3947e285d5a83bc049267b8d9d62d16eb0e36b6beec82,79fdc73f59c3ab6eb400ac977f3a2121ede286c5ac68c6b4d936ae3c3e830950
empty-32-32_scen2_offset112_train_131102_B16,empty-32-32_scen2_offset112_train_131102,train,16,C,True,False,41,2900189011/500000,5800378063/1000000,16,0,89.17949808199774,e7d15c43c9d3ebc9e2a4599dd6952026a522608c3fb1eeb11bf4598253f2531e,14bcbbbf07ed6505635d9c9dd99ebc938d1d012f131dff637ef71c476b2535fa,79fdc73f59c3ab6eb400ac977f3a2121ede286c5ac68c6b4d936ae3c3e830950
empty-32-32_scen2_offset112_train_131102_B16,empty-32-32_scen2_offset112_train_131102,train,16,STOP,False,False,41,2902499007/500000,1160999611/200000,8,8,65.1673552209977,25b3f077d1e0212b979cd55f9101e055a75d01f8d90d06a9a31951df8ce83679,b7e0678af215ed45b21b7153c2ef003e3da50bc9e19cea584de2a42a44c152fa,79fdc73f59c3ab6eb400ac977f3a2121ede286c5ac68c6b4d936ae3c3e830950
empty-32-32_scen2_offset128_train_131103_B8,empty-32-32_scen2_offset128_train_131103,train,8,C,True,False,44,5600857503/1000000,5600857547/1000000,8,0,84.33448436100298,924f92e8d6cd515cb05eac982848b77a93fa8dcf00be1e5ee1c52fe369eed97c,0a13b5d83ea737280845fe34a0bfbe795ac0499a3b14e0a76a8616aac0582689,1c961b4c5ddc1e521b747caee6f71faa1478d5f2fe3a3a7d9c06f072c2f6be52
empty-32-32_scen2_offset128_train_131103_B8,empty-32-32_scen2_offset128_train_131103,train,8,STOP,False,False,44,87523533/15625,1400376539/250000,4,4,61.78285636700457,f673038a78f28fb0c2fb4b1788dd50f6e7925a3c642ce76c3e4a90d5bb305f62,0e191bf206dc316a991ecb97f7a3be59e202423222de91c0d59a6224506d5468,1c961b4c5ddc1e521b747caee6f71faa1478d5f2fe3a3a7d9c06f072c2f6be52
empty-32-32_scen2_offset128_train_131103_B16,empty-32-32_scen2_offset128_train_131103,train,16,C,True,False,44,5600857503/1000000,5600857547/1000000,16,0,85.18827115699969,2ff80b215a3635c0a4e172c5d3887d37fdca09f87e5dd88ed233729f3027476c,fc02bf333b2aa37388efda88889dbfaca90f01df710e0f0e2721616d07ce62dc,1c961b4c5ddc1e521b747caee6f71faa1478d5f2fe3a3a7d9c06f072c2f6be52
empty-32-32_scen2_offset128_train_131103_B16,empty-32-32_scen2_offset128_train_131103,train,16,STOP,False,False,44,5600857503/1000000,5600857547/1000000,8,8,61.60117243300192,a7b7c017e811a7e16a6957b5a1e255e42817fc314c4f28a7f207af03448fcd80,50257e2fe6421c30da02303c02da721534179508b8f5995139f24c06052e2265,1c961b4c5ddc1e521b747caee6f71faa1478d5f2fe3a3a7d9c06f072c2f6be52
empty-32-32_scen2_offset144_train_131104_B8,empty-32-32_scen2_offset144_train_131104,train,8,C,True,False,44,1151410351/200000,5757051799/1000000,8,0,115.06131801000447,d37a4670ae261a11cc8415c52ad85c292ecc942a0a4bd1989c368ff19ef3aa10,1e6bfff31740e3f9e17b7d51198d0220e3f6ddf0305379ba8781ee1b222ceb5c,0b348b718b9f4f3d06da893450bb90d29d8bed724468d3ba85ada76562b81076
empty-32-32_scen2_offset144_train_131104_B8,empty-32-32_scen2_offset144_train_131104,train,8,STOP,False,False,43,1437945823/250000,1150356667/200000,4,4,79.16555459299707,9dd7bd3c80d2a0beb9600f6a79709b2376015bf8b6fc51fbb2ebe43d89cc5a60,9d25e055fdc0ba8d52ba0ed783718a7d9cc9583f59c20a2c0b8d996cb255d36e,0b348b718b9f4f3d06da893450bb90d29d8bed724468d3ba85ada76562b81076
empty-32-32_scen2_offset144_train_131104_B16,empty-32-32_scen2_offset144_train_131104,train,16,C,True,False,44,5756432089/1000000,5756432133/1000000,16,0,100.51066611900023,fa764c294318d9c8f6eb911b9c836348dd2d4dcbfb200733fbcac33601b35aba,d1a2fc310acf4a46d03fe236d8a659e4301663521387bb8678798d775f330375,0b348b718b9f4f3d06da893450bb90d29d8bed724468d3ba85ada76562b81076
empty-32-32_scen2_offset144_train_131104_B16,empty-32-32_scen2_offset144_train_131104,train,16,STOP,False,False,44,1151410351/200000,5757051799/1000000,8,8,72.20066110799962,17567074d7862c4f05e5ea5c068bc2c7346decf9015161158e286b85220a2918,7d64149edd532c26aa3d08af72fc1f0d9efd58e128e273bd2d3e9af94f1d9b6a,0b348b718b9f4f3d06da893450bb90d29d8bed724468d3ba85ada76562b81076
empty-32-32_scen2_offset160_train_131105_B8,empty-32-32_scen2_offset160_train_131105,train,8,C,True,False,47,5725366489/1000000,715670817/125000,8,0,133.88365522700042,f7661c67718f5230c2e1bec0e1f29198486027ed3a40cfd0cc220b8f7ecdf2e8,6b512f218909cb370b6fc54d30d7086570457f32b754cb3fab0239c16ca5108c,c3345338e20efe9281c2ad5a738decbe1bc0978718a37ab394f19e84f379645c
empty-32-32_scen2_offset160_train_131105_B8,empty-32-32_scen2_offset160_train_131105,train,8,STOP,False,False,47,5725949931/1000000,2862974989/500000,4,4,82.36741367299692,ccbff82b4b32c25e492df19512cbab61d0c4c50237b80fd4dcf9e0f689acbd7d,da0f650a34224905cf55de14d1746f7e5d099562b3f7feaa606aefddb51bf82d,c3345338e20efe9281c2ad5a738decbe1bc0978718a37ab394f19e84f379645c
empty-32-32_scen2_offset160_train_131105_B16,empty-32-32_scen2_offset160_train_131105,train,16,C,True,False,47,5724783047/1000000,2862391547/500000,16,0,121.25892410400411,746b781de0e4940d398d6e52fadb85cac8e2e4285ca53bce1738f99d1468c791,b0c2b996996ca26a51ccb684b07f870170bdc8891264cc0e3cb5845378af410a,c3345338e20efe9281c2ad5a738decbe1bc0978718a37ab394f19e84f379645c
empty-32-32_scen2_offset160_train_131105_B16,empty-32-32_scen2_offset160_train_131105,train,16,STOP,False,False,47,5725366489/1000000,715670817/125000,8,8,82.33060318299977,09a2349604c655e6c47544726dedd9ef989dd12532dfb98529f5a6b1182452ed,ca83664791f173caf41695281046c4e33ff622e2f4eb4b4e6587e8243fc58ed1,c3345338e20efe9281c2ad5a738decbe1bc0978718a37ab394f19e84f379645c
empty-32-32_scen2_offset176_train_131106_B8,empty-32-32_scen2_offset176_train_131106,train,8,C,True,False,50,5196154843/1000000,5196154889/1000000,8,0,108.13751137999498,91414ec0191fefefff8a45d4a43566dd83d37ff50653175b5d44d3451ef035a8,a0715d82acc3ce5306989d28e9005163e9f07a63575917c2db1cac04abc91635,1b91061c50cbe52049c6f717a50cb4284ee23ed0f21cb956b5580eeb752cd1c2
empty-32-32_scen2_offset176_train_131106_B8,empty-32-32_scen2_offset176_train_131106,train,8,STOP,False,False,51,1309206617/250000,2618413257/500000,4,4,65.58727704599733,2ea20f7846b53e1765d0c94d4c591b1feaf812ab6952756cd37fc6abbb9164bf,939b7cab07fe88080e3a9a926077da7551b6080438ac45318cb681d63f1c2e1a,1b91061c50cbe52049c6f717a50cb4284ee23ed0f21cb956b5580eeb752cd1c2
empty-32-32_scen2_offset176_train_131106_B16,empty-32-32_scen2_offset176_train_131106,train,16,C,True,False,50,5195571401/1000000,5195571447/1000000,16,0,99.30879301999812,982e9764df5b652625eb584a1a825495741849de2b141229bccb24a189bea45a,b543f0ef04d9f9efa1db9ca93708eac45e9f4645cf0b48e06deaa07ba324e5ff,1b91061c50cbe52049c6f717a50cb4284ee23ed0f21cb956b5580eeb752cd1c2
empty-32-32_scen2_offset176_train_131106_B16,empty-32-32_scen2_offset176_train_131106,train,16,STOP,False,False,50,5196154843/1000000,5196154889/1000000,8,8,72.11241603200324,915c2bc2328b067f8636282b8dccda0c51bac6dbaf435e83e017ce11384ba6cc,d40ac37e03881c7d14c66ac2497f4eb63c66f271b85f317820061b27b9c20834,1b91061c50cbe52049c6f717a50cb4284ee23ed0f21cb956b5580eeb752cd1c2
random-32-32-10_scen2_offset128_train_132101_B8,random-32-32-10_scen2_offset128_train_132101,train,8,C,True,False,46,2764998073/500000,172812381/31250,8,0,99.33648017700034,76014c23ceb96d59e7326bb0ba37d06c9800783fd418ca5dfc4b7c2dc616add6,d3a825c6def8c1d89e03ee2a08a6f870724c5feea2a884f0870cbeb700c4e8ea,2edb485c4543dfa1b500d8085477f55e6c6f70800e67086bb4e512ea1ff59ad8
random-32-32-10_scen2_offset128_train_132101_B8,random-32-32-10_scen2_offset128_train_132101,train,8,STOP,False,False,46,553529369/100000,691911717/125000,4,4,66.6939425879973,d0980fcefedbb7cabec47b9ece98fa0fb4c7e9c35661cfee65597c242a6ecb00,a11fe697bd21d7e59adc92c6c420a29bdb0fabccb134e4f0f17bc78a6721de77,2edb485c4543dfa1b500d8085477f55e6c6f70800e67086bb4e512ea1ff59ad8
random-32-32-10_scen2_offset128_train_132101_B16,random-32-32-10_scen2_offset128_train_132101,train,16,C,True,False,46,2764979961/500000,172811249/31250,16,0,94.03509053300513,997a7f746740a614062804ec9278b46eadb46e119fef2a6e67da4018b80c11c5,275defcdb8c0babf1a6c46f9738b6f90b18131ad44d9e9e3d43d7ee2461df1ba,2edb485c4543dfa1b500d8085477f55e6c6f70800e67086bb4e512ea1ff59ad8
random-32-32-10_scen2_offset128_train_132101_B16,random-32-32-10_scen2_offset128_train_132101,train,16,STOP,False,False,46,2764998073/500000,172812381/31250,8,8,64.26096846199653,b92d43d45397a0f2349db85481aff1756a97daa556f97be0bb75204569102267,2d024d3c541937c8ba35e7407962eb9874c995189fefa7e046b469809c0dd07d,2edb485c4543dfa1b500d8085477f55e6c6f70800e67086bb4e512ea1ff59ad8
random-32-32-10_scen2_offset144_train_132102_B8,random-32-32-10_scen2_offset144_train_132102,train,8,C,True,False,51,33205543/6250,5312886929/1000000,8,0,87.03536166199774,101987384b7f94efc1b25d3677f1d5f3405344debbf49f27ac2f256557eb39fc,ce1fa482cc8ff1cbefc89f9e7beba1f53ac6cb991a49884f6eaef11bfd405232,df3a6ab5e90779264b2ef456d6897f94c55c30604c640195d286daf8643f603b
random-32-32-10_scen2_offset144_train_132102_B8,random-32-32-10_scen2_offset144_train_132102,train,8,STOP,False,False,51,66542619/12500,5323409569/1000000,4,4,60.57903095599613,5ed22bcd1e8854027f602a21f5dadf3e9a092a1a96d4df85e165af1ad9f1cf63,65b213a009b5786cff17181c58cff923cd6344b505a61d32ea355dde2637880f,df3a6ab5e90779264b2ef456d6897f94c55c30604c640195d286daf8643f603b
random-32-32-10_scen2_offset144_train_132102_B16,random-32-32-10_scen2_offset144_train_132102,train,16,C,True,False,51,2652102319/500000,5304204687/1000000,16,0,83.38398904500355,71643f325316c5ba566c1b2ddfc1c2f8702210ae840cb9ab9fa0d4ee0259d18e,5fe20dc78d5e132c9c74dec67fbae74a062cdf021dbe583b02bd0c5368b2ccbf,df3a6ab5e90779264b2ef456d6897f94c55c30604c640195d286daf8643f603b
random-32-32-10_scen2_offset144_train_132102_B16,random-32-32-10_scen2_offset144_train_132102,train,16,STOP,False,False,51,33205543/6250,5312886929/1000000,8,8,63.98564086400438,d0d0e13d7cbdc55522bf870b2f1ae4e0ea2447ee758c6a512eac49afc24ae963,22e039ef5c68500c2e7aa0e84c1575a3c1795ea03e34c44d5649f1ace551f677,df3a6ab5e90779264b2ef456d6897f94c55c30604c640195d286daf8643f603b
random-32-32-10_scen2_offset160_train_132103_B8,random-32-32-10_scen2_offset160_train_132103,train,8,C,True,False,46,2915086719/500000,1457543371/250000,8,0,100.95502758899966,1acb923d2c50ffebf684d62a0f46bed199be0a622d59e7097485959d1ffc43a6,df83c0093c1b229c57a8158cf3f408ceb620922886ecbce346be05db901fd3ea,ea47d4925f18bcc510f920a8581a0ea39707e2f786b56c9987167435782d40e8
random-32-32-10_scen2_offset160_train_132103_B8,random-32-32-10_scen2_offset160_train_132103,train,8,STOP,False,False,45,116745441/20000,1167454419/200000,4,4,65.25593864599068,01ec1f02e8f1f9d822025e8d5300e3974fe05f0deb400548551496beeca90f4b,5cac09b4900d00eb1dedea309e8ff96937a45d7f907c57b92f2a150dae8c33a4,ea47d4925f18bcc510f920a8581a0ea39707e2f786b56c9987167435782d40e8
random-32-32-10_scen2_offset160_train_132103_B16,random-32-32-10_scen2_offset160_train_132103,train,16,C,True,False,45,2912070207/500000,5824140459/1000000,16,0,89.4592310750013,3dfa7a8db5289ab1a5e0e67152dc1e64f00aee8d542d88b41c27b9ac34c16bed,b994bea89201bc883fa3f9569f9a1ad98ca693aeeaafe4c3f8fee8649a6865d4,ea47d4925f18bcc510f920a8581a0ea39707e2f786b56c9987167435782d40e8
random-32-32-10_scen2_offset160_train_132103_B16,random-32-32-10_scen2_offset160_train_132103,train,16,STOP,False,False,46,2915086719/500000,1457543371/250000,8,8,70.22010039699671,53c48ce6283d4ede59052c26756cf03ef11779c3914422c6e890d811fadb43fa,50deb37b3ae20f4f513ad47d955a1260b6c57add4e903835064bbec823456bdd,ea47d4925f18bcc510f920a8581a0ea39707e2f786b56c9987167435782d40e8
random-32-32-10_scen2_offset176_train_132104_B8,random-32-32-10_scen2_offset176_train_132104,train,8,C,True,False,43,141617949/25000,5664718003/1000000,8,0,82.54566328600049,695edbc79b212ba9e425cbe004871a5c0cde77e3f10120c93aa085271363b95a,460cc91cfe3ae2cdb27f433a7674433edd43e7218acf969462957eb4748baba6,3720f07e3de2eacf8ae1b47928e8ab3692e648e5de72e088aca5e1b22b1513ad
random-32-32-10_scen2_offset176_train_132104_B8,random-32-32-10_scen2_offset176_train_132104,train,8,STOP,False,False,43,5664247043/1000000,2832123543/500000,4,4,68.44150667799113,7adb2a5f327bad178964dffcf95cf9c338a7a4ba3c0b30bd3751200edd1c1119,8a964ad77182886d16d94d811cb5c5fe254c02e92680fd1fe33534fe80b77b5a,3720f07e3de2eacf8ae1b47928e8ab3692e648e5de72e088aca5e1b22b1513ad
random-32-32-10_scen2_offset176_train_132104_B16,random-32-32-10_scen2_offset176_train_132104,train,16,C,True,False,43,141617949/25000,5664718003/1000000,16,0,81.80687079799827,bcf71deb2c6b0d618b569a6a6dde63941c074afd64f1d6e1c66ddda0231f7376,b3e5b0fee3954be1caa6bb8dc519971697a29a631ff77ec3800995ba7b822a7f,3720f07e3de2eacf8ae1b47928e8ab3692e648e5de72e088aca5e1b22b1513ad
random-32-32-10_scen2_offset176_train_132104_B16,random-32-32-10_scen2_offset176_train_132104,train,16,STOP,False,False,43,141617949/25000,5664718003/1000000,8,8,63.816069065011106,e3a9bde2b1cade5e8806e4cd2b0c68dc916473d6e0419ac3b6f725d801f1f31c,9bdb257c0d1c2dd2cc078cd26f50b84bd90ee9b038961c2a70c61e641b3747b1,3720f07e3de2eacf8ae1b47928e8ab3692e648e5de72e088aca5e1b22b1513ad
random-32-32-10_scen2_offset192_train_132105_B8,random-32-32-10_scen2_offset192_train_132105,train,8,C,True,False,42,2968089663/500000,742022421/125000,8,0,84.77148649100127,f027c9c7d84660ef24854d9561da18e21dfc3f72bbf1aef5dde63f5bb50cfde9,f82e71c1b501aed8a60a39c77763363afaba6b4b54acadbbdadcbdcbf8c95a59,18af57b7d8e960a797eae9395938ffd26e4b6f5a0bafb0957dd9c1667d5cd349
random-32-32-10_scen2_offset192_train_132105_B8,random-32-32-10_scen2_offset192_train_132105,train,8,STOP,False,False,42,1484819369/250000,2969638759/500000,4,4,64.83138371999667,c292578d91cb5c2aa5105eee73239a7545310a4a7ffc2434a063865e3f87c481,0f08e99fe59b2fa3d15a5e3a0d43ee98caebcb06bdb2da4897133ba00fbfcff4,18af57b7d8e960a797eae9395938ffd26e4b6f5a0bafb0957dd9c1667d5cd349
random-32-32-10_scen2_offset192_train_132105_B16,random-32-32-10_scen2_offset192_train_132105,train,16,C,True,False,42,5919558357/1000000,5919558399/1000000,16,0,75.12727133999579,d16571ced9cc5d7d9af85312b235759ba125b0da16d19c3ac800077ddd874c0d,24c220909d17a944367e73802f7a925e6ab16bc014f351ee5b92638820d4c6ee,18af57b7d8e960a797eae9395938ffd26e4b6f5a0bafb0957dd9c1667d5cd349
random-32-32-10_scen2_offset192_train_132105_B16,random-32-32-10_scen2_offset192_train_132105,train,16,STOP,False,False,42,2968089663/500000,742022421/125000,8,8,66.70953649400326,20c2cb1d25cdf8a8a7af5b52b60039628e6b8b17bd15921f7e81cda080d56415,d363ecda2593d0e6c699011102e9bb9061bd56dcd171e9dec4549776c257a6a0,18af57b7d8e960a797eae9395938ffd26e4b6f5a0bafb0957dd9c1667d5cd349
random-32-32-10_scen2_offset208_train_132106_B8,random-32-32-10_scen2_offset208_train_132106,train,8,C,True,False,38,1513867213/250000,605546889/100000,8,0,78.11755707699922,5b7b4a52c96bd4d7d3272a3a8db50d15475fef8d953cead7669ffbaa8a7d6e76,5d02cc64015910522bf7fa1c3a99eb2e0a938f9eb02ba2a448933009dd862ff1,bf5d5bf970b1097ac654c481dfee6c5512dafde4649b669603111eccb81e526f
random-32-32-10_scen2_offset208_train_132106_B8,random-32-32-10_scen2_offset208_train_132106,train,8,STOP,False,False,38,1513867213/250000,605546889/100000,4,4,60.549356504008756,a5aa222b67695256bc6d8ec71f5d12e6122dd2046628bb9a73e17d253a290c64,4344fe5d6466a62f798cf4e4904d48896a27ef4a6894674623a758feb2c37acf,bf5d5bf970b1097ac654c481dfee6c5512dafde4649b669603111eccb81e526f
random-32-32-10_scen2_offset208_train_132106_B16,random-32-32-10_scen2_offset208_train_132106,train,16,C,True,False,38,6054820243/1000000,6054820281/1000000,16,0,82.51620303199888,66e6c0a4ab82ba6cc1af256d1756747ac87a2f5f7b018c1f62c57470e0405421,6cd9024d80ffc508a9cc1e0632d52237c94bde64b878b9faf76d760aceaf982a,bf5d5bf970b1097ac654c481dfee6c5512dafde4649b669603111eccb81e526f
random-32-32-10_scen2_offset208_train_132106_B16,random-32-32-10_scen2_offset208_train_132106,train,16,STOP,False,False,38,1513867213/250000,605546889/100000,8,8,59.66059367998969,72faff3cc1df5cc77cdd658c7422df11cfbf6559489f85471fe08c3a577e91d9,f7eabd97d5ccfa95248c4f8f84e9ddb322e1c93da8f744772749861a7e9e09f5,bf5d5bf970b1097ac654c481dfee6c5512dafde4649b669603111eccb81e526f
empty-32-32_scen2_offset192_calibration_131201_B8,empty-32-32_scen2_offset192_calibration_131201,calibration,8,C,True,False,41,1415101603/250000,1415101613/250000,8,0,90.44895923999866,64f9820e6bf40b4b6bbec4bce3579547ab9e07bee6aa9d64da0159b8c5df4e2e,eca8bdbf3a60606d4d35e2f540adb5e8109065c2d4774873316c03f8a5918875,8aab7a2a5bbbe2a4b2d33c9f79d2d9cfef74b3b95886054ec41fa30fc2ea37d7
empty-32-32_scen2_offset192_calibration_131201_B8,empty-32-32_scen2_offset192_calibration_131201,calibration,8,STOP,False,False,41,1415101603/250000,1415101613/250000,4,4,64.62061823999102,028a7053226082e0d84b311a09df10c5c56f4866487c58962c0ce44bf9eb3ce1,48cea6585eb9c5bc4129d088554140ce626758d12cfc4d80b3aa2424f1503baf,8aab7a2a5bbbe2a4b2d33c9f79d2d9cfef74b3b95886054ec41fa30fc2ea37d7
empty-32-32_scen2_offset192_calibration_131201_B16,empty-32-32_scen2_offset192_calibration_131201,calibration,16,C,True,False,41,1413332201/250000,1413332211/250000,16,0,109.84269864000089,01eec864c2c60bab149f1901c467418a6264a8787c801dfe560b1789ec104477,3493dd70165b7acfd8f7332938aa07cea3e865ffffa0160fa3c9142ef51d517d,8aab7a2a5bbbe2a4b2d33c9f79d2d9cfef74b3b95886054ec41fa30fc2ea37d7
empty-32-32_scen2_offset192_calibration_131201_B16,empty-32-32_scen2_offset192_calibration_131201,calibration,16,STOP,True,True,41,1415101603/250000,1415101613/250000,8,8,90.44895923999866,64f9820e6bf40b4b6bbec4bce3579547ab9e07bee6aa9d64da0159b8c5df4e2e,eca8bdbf3a60606d4d35e2f540adb5e8109065c2d4774873316c03f8a5918875,8aab7a2a5bbbe2a4b2d33c9f79d2d9cfef74b3b95886054ec41fa30fc2ea37d7
empty-32-32_scen2_offset208_calibration_131202_B8,empty-32-32_scen2_offset208_calibration_131202,calibration,8,C,True,False,37,3024311953/500000,6048623943/1000000,8,0,115.47327398000198,88e89377e04dacab331c6252fb3ff8c1438cd467390141185df9c28214957d22,b8fef3a0049ace59b71341481f8c066f58980023902f275009bae3eb09dcad6a,1222dc6169e3faebe94cfcfa2f7c65ad647df832bbdfe908aefc3f4a59bdb169
empty-32-32_scen2_offset208_calibration_131202_B8,empty-32-32_scen2_offset208_calibration_131202,calibration,8,STOP,False,False,37,595657309/100000,5956573127/1000000,4,4,71.39634228999785,ba330d8cafa7ecead55e7a42db78f8cc1724d60e3a26fab17c510bbee7a81e43,45d403ad4524dfcdfd5c31ff7f5c2f64611c1e57e6b1a61a6eacfcde31349343,1222dc6169e3faebe94cfcfa2f7c65ad647df832bbdfe908aefc3f4a59bdb169
empty-32-32_scen2_offset208_calibration_131202_B16,empty-32-32_scen2_offset208_calibration_131202,calibration,16,C,True,False,37,120946967/20000,6047348387/1000000,16,0,100.11017815500236,213b69a1633ff4a04936fad66268e2164b7ad6d88c80cb071a20eb83139aa64b,32b196d6c0e3ce41cd608d54a6c5d314f243339ff22f831d1fc75e0764da75c0,1222dc6169e3faebe94cfcfa2f7c65ad647df832bbdfe908aefc3f4a59bdb169
empty-32-32_scen2_offset208_calibration_131202_B16,empty-32-32_scen2_offset208_calibration_131202,calibration,16,STOP,True,True,37,3024311953/500000,6048623943/1000000,8,8,115.47327398000198,88e89377e04dacab331c6252fb3ff8c1438cd467390141185df9c28214957d22,b8fef3a0049ace59b71341481f8c066f58980023902f275009bae3eb09dcad6a,1222dc6169e3faebe94cfcfa2f7c65ad647df832bbdfe908aefc3f4a59bdb169
random-32-32-10_scen2_offset224_calibration_132201_B8,random-32-32-10_scen2_offset224_calibration_132201,calibration,8,C,True,False,41,1183543583/200000,1479429489/250000,8,0,84.72490214400023,417ec7e5cdc1656826507a348d98928d2005d14d37b26a3e5e04f7cc30934ec0,3a64e00e100a3bdbc897a5556aced5e61c9ac8ba5d747276430cd9eac2ef20bf,cfcaf27bdb6788c7be69801fdefed441a0fa7acc8a241d9debea50d8fed4e444
random-32-32-10_scen2_offset224_calibration_132201_B8,random-32-32-10_scen2_offset224_calibration_132201,calibration,8,STOP,False,False,41,1183543583/200000,1479429489/250000,4,4,69.95561733000795,a94b312b7ef98a1b827f6dfed826150a236d9597376485a440fa3483e86ba81a,126245fe9329e6b9a195444eabe84d54330ae253bf2993dc47dc3778cc79f6ea,cfcaf27bdb6788c7be69801fdefed441a0fa7acc8a241d9debea50d8fed4e444
random-32-32-10_scen2_offset224_calibration_132201_B16,random-32-32-10_scen2_offset224_calibration_132201,calibration,16,C,True,False,40,2964152443/500000,2964152463/500000,16,0,101.09096688199497,73dd8e46c46e21ca29a67ac9e289ca1f0f4a13fca36bd48e7bba8aafe46c5cd0,1a4ce9bc50d12f3c6a225d032ac7725509c5570c33e9af9767bd88ca6c6a0644,cfcaf27bdb6788c7be69801fdefed441a0fa7acc8a241d9debea50d8fed4e444
random-32-32-10_scen2_offset224_calibration_132201_B16,random-32-32-10_scen2_offset224_calibration_132201,calibration,16,STOP,True,True,41,1183543583/200000,1479429489/250000,8,8,84.72490214400023,417ec7e5cdc1656826507a348d98928d2005d14d37b26a3e5e04f7cc30934ec0,3a64e00e100a3bdbc897a5556aced5e61c9ac8ba5d747276430cd9eac2ef20bf,cfcaf27bdb6788c7be69801fdefed441a0fa7acc8a241d9debea50d8fed4e444
