world,scenario,offset,seed,policy,served,queries,first4_time_lower,first4_time_upper,first4_time_midpoint,J_lower,J_upper,max_candidates,skip_installs,error,service_sequence_equal_condition,service_sequence_equal_whole_WAIT
empty-32-32_scen1_offset448_train_111101,empty-32-32-random-1.scen,448,111101,pair_9_WAIT5_SKIP_distinct,48,16,5456982637/1000000,2728491341/500000,10913965319/2000000,390511508659/8192500000,781023017363/16385000000,2,1,,True,False
empty-32-32_scen1_offset448_train_111101,empty-32-32-random-1.scen,448,111101,pair_1_WAIT6_QUERY_distinct,48,16,5457457407/1000000,1364364363/250000,10914914859/2000000,6732952953/141250000,781022542593/16385000000,1,0,,False,False
empty-32-32_scen1_offset448_train_111101,empty-32-32-random-1.scen,448,111101,pair_1_QUERY6_SKIP_successor,48,16,5456982637/1000000,2728491341/500000,10913965319/2000000,390511508659/8192500000,781023017363/16385000000,2,1,,True,False
empty-32-32_scen1_offset448_train_111101,empty-32-32-random-1.scen,448,111101,cf_9_SKIP5,48,16,5456982637/1000000,2728491341/500000,10913965319/2000000,390511508659/8192500000,781023017363/16385000000,2,1,,True,False
empty-32-32_scen1_offset448_train_111101,empty-32-32-random-1.scen,448,111101,cf_1_WAIT,48,16,5457457407/1000000,1364364363/250000,10914914859/2000000,6732952953/141250000,781022542593/16385000000,1,0,,False,False
empty-32-32_scen1_offset448_train_111101,empty-32-32-random-1.scen,448,111101,condition,48,16,5456982637/1000000,2728491341/500000,10913965319/2000000,390511508659/8192500000,781023017363/16385000000,1,0,,True,False
empty-32-32_scen1_offset448_train_111101,empty-32-32-random-1.scen,448,111101,WAIT,49,0,5416044627/1000000,5416044673/1000000,108320893/20000,797448955327/16385000000,797448955373/16385000000,2,0,,False,True
empty-32-32_scen1_offset448_train_111101,empty-32-32-random-1.scen,448,111101,pair_9_SKIP5_SKIP_distinct,48,16,5456982637/1000000,2728491341/500000,10913965319/2000000,390511508659/8192500000,781023017363/16385000000,2,2,,True,False
empty-32-32_scen1_offset448_train_111101,empty-32-32-random-1.scen,448,111101,pair_9_QUERY5_QUERY_distinct,48,16,5456982637/1000000,2728491341/500000,10913965319/2000000,390511508659/8192500000,781023017363/16385000000,1,0,,True,False
empty-32-32_scen1_offset448_train_111101,empty-32-32-random-1.scen,448,111101,cf_9_QUERY5,48,16,5456982637/1000000,2728491341/500000,10913965319/2000000,390511508659/8192500000,781023017363/16385000000,1,0,,True,False
empty-32-32_scen1_offset448_train_111101,empty-32-32-random-1.scen,448,111101,pair_1_WAIT6_SKIP_distinct,48,16,5457457407/1000000,1364364363/250000,10914914859/2000000,6732952953/141250000,781022542593/16385000000,2,1,,False,False
empty-32-32_scen1_offset448_train_111101,empty-32-32-random-1.scen,448,111101,pair_1_SKIP6_SKIP_distinct,49,16,5414776353/1000000,5414776399/1000000,676847047/125000,797450223601/16385000000,797450223647/16385000000,2,2,,False,False
empty-32-32_scen1_offset448_train_111101,empty-32-32-random-1.scen,448,111101,pair_1_WAIT6_SKIP_successor,48,16,5457457407/1000000,1364364363/250000,10914914859/2000000,6732952953/141250000,781022542593/16385000000,2,1,,False,False
empty-32-32_scen1_offset448_train_111101,empty-32-32-random-1.scen,448,111101,pair_9_SKIP5_QUERY_distinct,48,16,5456982637/1000000,2728491341/500000,10913965319/2000000,390511508659/8192500000,781023017363/16385000000,2,1,,True,False
empty-32-32_scen1_offset448_train_111101,empty-32-32-random-1.scen,448,111101,pair_1_QUERY6_SKIP_distinct,48,16,5456982637/1000000,2728491341/500000,10913965319/2000000,390511508659/8192500000,781023017363/16385000000,2,1,,True,False
empty-32-32_scen1_offset448_train_111101,empty-32-32-random-1.scen,448,111101,pair_9_WAIT5_QUERY_distinct,48,16,5456982637/1000000,2728491341/500000,10913965319/2000000,390511508659/8192500000,781023017363/16385000000,1,0,,True,False
empty-32-32_scen1_offset448_train_111101,empty-32-32-random-1.scen,448,111101,pair_1_SKIP6_QUERY_distinct,49,16,2707679897/500000,33845999/6250,5415359817/1000000,4984060251/102406250,3528538231/72500000,2,1,,False,False
empty-32-32_scen1_offset448_train_111101,empty-32-32-random-1.scen,448,111101,pair_1_SKIP6_SKIP_successor,49,16,2707679897/500000,33845999/6250,5415359817/1000000,4984060251/102406250,3528538231/72500000,2,1,,False,False
empty-32-32_scen1_offset448_train_111101,empty-32-32-random-1.scen,448,111101,cf_9_WAIT,48,16,5456982637/1000000,2728491341/500000,10913965319/2000000,390511508659/8192500000,781023017363/16385000000,1,0,,True,False
empty-32-32_scen1_offset448_train_111101,empty-32-32-random-1.scen,448,111101,cf_1_SKIP6,49,16,2707679897/500000,33845999/6250,5415359817/1000000,4984060251/102406250,3528538231/72500000,2,1,,False,False
empty-32-32_scen1_offset448_train_111101,empty-32-32-random-1.scen,448,111101,cf_1_QUERY6,48,16,5456982637/1000000,2728491341/500000,10913965319/2000000,390511508659/8192500000,781023017363/16385000000,1,0,,True,False
empty-32-32_scen1_offset448_train_111101,empty-32-32-random-1.scen,448,111101,pair_9_QUERY5_SKIP_distinct,48,16,5456982637/1000000,2728491341/500000,10913965319/2000000,390511508659/8192500000,781023017363/16385000000,2,1,,True,False
empty-32-32_scen1_offset448_train_111101,empty-32-32-random-1.scen,448,111101,pair_1_QUERY6_QUERY_distinct,48,16,5456982637/1000000,2728491341/500000,10913965319/2000000,390511508659/8192500000,781023017363/16385000000,1,0,,True,False
empty-32-32_scen1_offset464_train_111102,empty-32-32-random-1.scen,464,111102,pair_1_WAIT4_QUERY_distinct,41,16,58417441/10000,5841744141/1000000,11683488241/2000000,665943255859/16385000000,6659432559/163850000,2,0,,True,False
empty-32-32_scen1_offset464_train_111102,empty-32-32-random-1.scen,464,111102,pair_1_WAIT4_SKIP_successor,41,16,58417441/10000,5841744141/1000000,11683488241/2000000,665943255859/16385000000,6659432559/163850000,2,0,,True,False
empty-32-32_scen1_offset464_train_111102,empty-32-32-random-1.scen,464,111102,pair_9_QUERY7_QUERY_distinct,41,16,58417441/10000,5841744141/1000000,11683488241/2000000,665943255859/16385000000,6659432559/163850000,2,0,,True,False
empty-32-32_scen1_offset464_train_111102,empty-32-32-random-1.scen,464,111102,pair_1_QUERY4_SKIP_distinct,41,16,58417441/10000,5841744141/1000000,11683488241/2000000,665943255859/16385000000,6659432559/163850000,2,1,,True,False
empty-32-32_scen1_offset464_train_111102,empty-32-32-random-1.scen,464,111102,pair_9_SKIP7_QUERY_distinct,41,16,58417441/10000,5841744141/1000000,11683488241/2000000,665943255859/16385000000,6659432559/163850000,2,1,,True,False
empty-32-32_scen1_offset464_train_111102,empty-32-32-random-1.scen,464,111102,pair_9_WAIT7_SKIP_distinct,41,16,58417441/10000,5841744141/1000000,11683488241/2000000,665943255859/16385000000,6659432559/163850000,2,1,,True,False
empty-32-32_scen1_offset464_train_111102,empty-32-32-random-1.scen,464,111102,cf_1_SKIP4,41,16,58417441/10000,5841744141/1000000,11683488241/2000000,665943255859/16385000000,6659432559/163850000,2,1,,True,False
empty-32-32_scen1_offset464_train_111102,empty-32-32-random-1.scen,464,111102,pair_1_SKIP4_QUERY_distinct,41,16,58417441/10000,5841744141/1000000,11683488241/2000000,665943255859/16385000000,6659432559/163850000,2,1,,True,False
empty-32-32_scen1_offset464_train_111102,empty-32-32-random-1.scen,464,111102,WAIT,40,0,2923069803/500000,2923069823/500000,2923069813/500000,324776930177/8192500000,324776930197/8192500000,2,0,,False,True
empty-32-32_scen1_offset464_train_111102,empty-32-32-random-1.scen,464,111102,pair_9_QUERY7_SKIP_distinct,41,16,58417441/10000,5841744141/1000000,11683488241/2000000,665943255859/16385000000,6659432559/163850000,2,1,,True,False
empty-32-32_scen1_offset464_train_111102,empty-32-32-random-1.scen,464,111102,pair_1_QUERY4_SKIP_successor,41,16,58417441/10000,5841744141/1000000,11683488241/2000000,665943255859/16385000000,6659432559/163850000,2,0,,True,False
empty-32-32_scen1_offset464_train_111102,empty-32-32-random-1.scen,464,111102,cf_9_QUERY7,41,16,58417441/10000,5841744141/1000000,11683488241/2000000,665943255859/16385000000,6659432559/163850000,2,0,,True,False
empty-32-32_scen1_offset464_train_111102,empty-32-32-random-1.scen,464,111102,pair_9_WAIT7_QUERY_distinct,41,16,58417441/10000,5841744141/1000000,11683488241/2000000,665943255859/16385000000,6659432559/163850000,2,0,,True,False
empty-32-32_scen1_offset464_train_111102,empty-32-32-random-1.scen,464,111102,cf_9_SKIP7,41,16,58417441/10000,5841744141/1000000,11683488241/2000000,665943255859/16385000000,6659432559/163850000,2,1,,True,False
empty-32-32_scen1_offset464_train_111102,empty-32-32-random-1.scen,464,111102,condition,41,16,58417441/10000,5841744141/1000000,11683488241/2000000,665943255859/16385000000,6659432559/163850000,2,0,,True,False
empty-32-32_scen1_offset464_train_111102,empty-32-32-random-1.scen,464,111102,pair_9_SKIP7_SKIP_distinct,41,16,58417441/10000,5841744141/1000000,11683488241/2000000,665943255859/16385000000,6659432559/163850000,2,2,,True,False
empty-32-32_scen1_offset464_train_111102,empty-32-32-random-1.scen,464,111102,pair_1_SKIP4_SKIP_distinct,41,16,58417441/10000,5841744141/1000000,11683488241/2000000,665943255859/16385000000,6659432559/163850000,2,2,,True,False
empty-32-32_scen1_offset464_train_111102,empty-32-32-random-1.scen,464,111102,pair_1_SKIP4_SKIP_successor,41,16,58417441/10000,5841744141/1000000,11683488241/2000000,665943255859/16385000000,6659432559/163850000,2,1,,True,False
empty-32-32_scen1_offset464_train_111102,empty-32-32-random-1.scen,464,111102,cf_9_WAIT,41,16,58417441/10000,5841744141/1000000,11683488241/2000000,665943255859/16385000000,6659432559/163850000,2,0,,True,False
empty-32-32_scen1_offset464_train_111102,empty-32-32-random-1.scen,464,111102,pair_1_WAIT4_SKIP_distinct,41,16,58417441/10000,5841744141/1000000,11683488241/2000000,665943255859/16385000000,6659432559/163850000,2,1,,True,False
empty-32-32_scen1_offset464_train_111102,empty-32-32-random-1.scen,464,111102,cf_1_WAIT,41,16,58417441/10000,5841744141/1000000,11683488241/2000000,665943255859/16385000000,6659432559/163850000,2,0,,True,False
empty-32-32_scen1_offset464_train_111102,empty-32-32-random-1.scen,464,111102,cf_1_QUERY4,41,16,58417441/10000,5841744141/1000000,11683488241/2000000,665943255859/16385000000,6659432559/163850000,2,0,,True,False
empty-32-32_scen1_offset464_train_111102,empty-32-32-random-1.scen,464,111102,pair_1_QUERY4_QUERY_distinct,41,16,58417441/10000,5841744141/1000000,11683488241/2000000,665943255859/16385000000,6659432559/163850000,2,0,,True,False
random-32-32-10_scen2_offset0_train_112101,random-32-32-10-random-2.scen,0,112101,pair_1_WAIT2_SKIP_successor,48,16,5602899967/1000000,5602900013/1000000,560289999/100000,780877099987/16385000000,780877100033/16385000000,2,1,,False,False
random-32-32-10_scen2_offset0_train_112101,random-32-32-10-random-2.scen,0,112101,WAIT,48,0,1403996259/250000,2807992541/500000,5615985059/1000000,13463172671/282500000,195216003741/4096250000,1,0,,False,True
random-32-32-10_scen2_offset0_train_112101,random-32-32-10-random-2.scen,0,112101,pair_9_WAIT5_SKIP_distinct,48,16,2800240083/500000,1400120053/250000,5600480189/1000000,195219879947/4096250000,390439759917/8192500000,2,1,,False,False
random-32-32-10_scen2_offset0_train_112101,random-32-32-10-random-2.scen,0,112101,pair_9_QUERY5_SKIP_distinct,46,16,701100849/125000,5608806837/1000000,11217613629/2000000,748101193163/16385000000,93512649151/2048125000,2,1,,False,False
random-32-32-10_scen2_offset0_train_112101,random-32-32-10-random-2.scen,0,112101,cf_1_WAIT,48,16,5602899967/1000000,5602900013/1000000,560289999/100000,780877099987/16385000000,780877100033/16385000000,2,0,,False,False
random-32-32-10_scen2_offset0_train_112101,random-32-32-10-random-2.scen,0,112101,pair_1_QUERY2_SKIP_successor,48,16,5602352749/1000000,1120470559/200000,1400588193/250000,156175529441/3277000000,780877647251/16385000000,2,1,,True,False
random-32-32-10_scen2_offset0_train_112101,random-32-32-10-random-2.scen,0,112101,cf_9_QUERY5,48,16,5602352749/1000000,1120470559/200000,1400588193/250000,156175529441/3277000000,780877647251/16385000000,2,0,,True,False
random-32-32-10_scen2_offset0_train_112101,random-32-32-10-random-2.scen,0,112101,cf_9_WAIT,48,16,5598146399/1000000,1119629289/200000,2799073211/500000,156176370711/3277000000,26926960469/565000000,2,0,,False,False
random-32-32-10_scen2_offset0_train_112101,random-32-32-10-random-2.scen,0,112101,pair_9_QUERY5_QUERY_distinct,48,16,5602352749/1000000,1120470559/200000,1400588193/250000,156175529441/3277000000,780877647251/16385000000,2,0,,True,False
random-32-32-10_scen2_offset0_train_112101,random-32-32-10-random-2.scen,0,112101,pair_1_SKIP2_SKIP_successor,48,16,5602936191/1000000,5602936237/1000000,2801468107/500000,780877063763/16385000000,780877063809/16385000000,2,2,,False,False
random-32-32-10_scen2_offset0_train_112101,random-32-32-10-random-2.scen,0,112101,cf_9_SKIP13,48,16,174951131/31250,2799218119/500000,1119687243/200000,390440781881/8192500000,24402548869/512031250,2,1,,False,False
random-32-32-10_scen2_offset0_train_112101,random-32-32-10-random-2.scen,0,112101,cf_1_SKIP2,48,16,5602936191/1000000,5602936237/1000000,2801468107/500000,780877063763/16385000000,780877063809/16385000000,2,1,,False,False
random-32-32-10_scen2_offset0_train_112101,random-32-32-10-random-2.scen,0,112101,pair_1_QUERY2_QUERY_distinct,48,16,5602352749/1000000,1120470559/200000,1400588193/250000,156175529441/3277000000,780877647251/16385000000,2,0,,True,False
random-32-32-10_scen2_offset0_train_112101,random-32-32-10-random-2.scen,0,112101,pair_9_WAIT5_QUERY_distinct,48,16,1120996033/200000,5604980211/1000000,1401245047/250000,780875019789/16385000000,156175003967/3277000000,2,0,,False,False
random-32-32-10_scen2_offset0_train_112101,random-32-32-10-random-2.scen,0,112101,pair_9_SKIP5_SKIP_distinct,48,16,5595363743/1000000,5595363789/1000000,2797681883/500000,780884636211/16385000000,780884636257/16385000000,2,2,,False,False
random-32-32-10_scen2_offset0_train_112101,random-32-32-10-random-2.scen,0,112101,pair_1_WAIT2_QUERY_distinct,48,16,5602899967/1000000,5602900013/1000000,560289999/100000,780877099987/16385000000,780877100033/16385000000,2,0,,False,False
random-32-32-10_scen2_offset0_train_112101,random-32-32-10-random-2.scen,0,112101,cf_9_QUERY13,48,16,1400561019/250000,2801122061/500000,5602244099/1000000,390438877939/8192500000,195219438981/4096250000,2,0,,False,False
random-32-32-10_scen2_offset0_train_112101,random-32-32-10-random-2.scen,0,112101,pair_1_SKIP2_SKIP_distinct,48,16,5602936191/1000000,5602936237/1000000,2801468107/500000,780877063763/16385000000,780877063809/16385000000,2,2,,False,False
random-32-32-10_scen2_offset0_train_112101,random-32-32-10-random-2.scen,0,112101,cf_1_QUERY2,48,16,5602352749/1000000,1120470559/200000,1400588193/250000,156175529441/3277000000,780877647251/16385000000,2,0,,True,False
random-32-32-10_scen2_offset0_train_112101,random-32-32-10-random-2.scen,0,112101,pair_9_SKIP5_QUERY_distinct,48,16,5599251357/1000000,5599251403/1000000,279962569/50000,780880748597/16385000000,26926922367/565000000,2,1,,False,False
random-32-32-10_scen2_offset0_train_112101,random-32-32-10-random-2.scen,0,112101,pair_1_WAIT2_SKIP_distinct,48,16,5602899967/1000000,5602900013/1000000,560289999/100000,780877099987/16385000000,780877100033/16385000000,2,1,,False,False
random-32-32-10_scen2_offset0_train_112101,random-32-32-10-random-2.scen,0,112101,cf_9_SKIP5,48,16,5599251357/1000000,5599251403/1000000,279962569/50000,780880748597/16385000000,26926922367/565000000,2,1,,False,False
random-32-32-10_scen2_offset0_train_112101,random-32-32-10-random-2.scen,0,112101,pair_1_QUERY2_SKIP_distinct,48,16,5602352749/1000000,1120470559/200000,1400588193/250000,156175529441/3277000000,780877647251/16385000000,2,1,,True,False
random-32-32-10_scen2_offset0_train_112101,random-32-32-10-random-2.scen,0,112101,condition,48,16,5602352749/1000000,1120470559/200000,1400588193/250000,156175529441/3277000000,780877647251/16385000000,2,0,,True,False
random-32-32-10_scen2_offset0_train_112101,random-32-32-10-random-2.scen,0,112101,pair_1_SKIP2_QUERY_distinct,48,16,5602936191/1000000,5602936237/1000000,2801468107/500000,780877063763/16385000000,780877063809/16385000000,2,1,,False,False
random-32-32-10_scen2_offset16_train_112102,random-32-32-10-random-2.scen,16,112102,cf_9_QUERY3,51,16,1040580607/200000,2601451543/500000,10405806121/2000000,415216048457/8192500000,166086419393/3277000000,2,0,,True,False
random-32-32-10_scen2_offset16_train_112102,random-32-32-10-random-2.scen,16,112102,pair_1_QUERY14_SKIP_distinct,51,16,1040580607/200000,2601451543/500000,10405806121/2000000,415216048457/8192500000,166086419393/3277000000,2,1,,True,False
random-32-32-10_scen2_offset16_train_112102,random-32-32-10-random-2.scen,16,112102,pair_1_SKIP14_SKIP_successor,51,16,1040580607/200000,2601451543/500000,10405806121/2000000,415216048457/8192500000,166086419393/3277000000,2,1,,True,False
random-32-32-10_scen2_offset16_train_112102,random-32-32-10-random-2.scen,16,112102,pair_1_QUERY14_SKIP_successor,51,16,1040580607/200000,2601451543/500000,10405806121/2000000,415216048457/8192500000,166086419393/3277000000,2,0,,True,False
random-32-32-10_scen2_offset16_train_112102,random-32-32-10-random-2.scen,16,112102,pair_1_WAIT14_SKIP_distinct,51,16,5202319593/1000000,1300579911/250000,10404639237/2000000,207608170089/4096250000,830432680407/16385000000,2,1,,False,False
random-32-32-10_scen2_offset16_train_112102,random-32-32-10-random-2.scen,16,112102,pair_9_SKIP3_QUERY_distinct,51,16,1040580607/200000,2601451543/500000,10405806121/2000000,415216048457/8192500000,166086419393/3277000000,2,1,,True,False
random-32-32-10_scen2_offset16_train_112102,random-32-32-10-random-2.scen,16,112102,pair_1_WAIT14_SKIP_successor,51,16,1040580607/200000,2601451543/500000,10405806121/2000000,415216048457/8192500000,166086419393/3277000000,2,0,,True,False
random-32-32-10_scen2_offset16_train_112102,random-32-32-10-random-2.scen,16,112102,pair_9_SKIP3_SKIP_distinct,51,16,5202319593/1000000,1300579911/250000,10404639237/2000000,207608170089/4096250000,830432680407/16385000000,2,2,,False,False
random-32-32-10_scen2_offset16_train_112102,random-32-32-10-random-2.scen,16,112102,pair_9_WAIT3_QUERY_distinct,51,16,1040580607/200000,2601451543/500000,10405806121/2000000,415216048457/8192500000,166086419393/3277000000,2,0,,True,False
random-32-32-10_scen2_offset16_train_112102,random-32-32-10-random-2.scen,16,112102,pair_1_QUERY14_QUERY_distinct,51,16,1040580607/200000,2601451543/500000,10405806121/2000000,415216048457/8192500000,166086419393/3277000000,2,0,,True,False
random-32-32-10_scen2_offset16_train_112102,random-32-32-10-random-2.scen,16,112102,pair_9_QUERY3_SKIP_distinct,51,16,1040580607/200000,2601451543/500000,10405806121/2000000,415216048457/8192500000,166086419393/3277000000,2,1,,True,False
random-32-32-10_scen2_offset16_train_112102,random-32-32-10-random-2.scen,16,112102,pair_1_SKIP14_QUERY_distinct,51,16,1040580607/200000,2601451543/500000,10405806121/2000000,415216048457/8192500000,166086419393/3277000000,2,1,,True,False
random-32-32-10_scen2_offset16_train_112102,random-32-32-10-random-2.scen,16,112102,cf_1_QUERY14,51,16,1040580607/200000,2601451543/500000,10405806121/2000000,415216048457/8192500000,166086419393/3277000000,2,0,,True,False
random-32-32-10_scen2_offset16_train_112102,random-32-32-10-random-2.scen,16,112102,cf_9_SKIP3,51,16,1040580607/200000,2601451543/500000,10405806121/2000000,415216048457/8192500000,166086419393/3277000000,2,1,,True,False
random-32-32-10_scen2_offset16_train_112102,random-32-32-10-random-2.scen,16,112102,condition,51,16,1040580607/200000,2601451543/500000,10405806121/2000000,415216048457/8192500000,166086419393/3277000000,2,0,,True,False
random-32-32-10_scen2_offset16_train_112102,random-32-32-10-random-2.scen,16,112102,cf_1_WAIT,51,16,1040580607/200000,2601451543/500000,10405806121/2000000,415216048457/8192500000,166086419393/3277000000,2,0,,True,False
random-32-32-10_scen2_offset16_train_112102,random-32-32-10-random-2.scen,16,112102,cf_1_SKIP14,51,16,1040580607/200000,2601451543/500000,10405806121/2000000,415216048457/8192500000,166086419393/3277000000,2,1,,True,False
random-32-32-10_scen2_offset16_train_112102,random-32-32-10-random-2.scen,16,112102,pair_9_QUERY3_QUERY_distinct,51,16,1040580607/200000,2601451543/500000,10405806121/2000000,415216048457/8192500000,166086419393/3277000000,2,0,,True,False
random-32-32-10_scen2_offset16_train_112102,random-32-32-10-random-2.scen,16,112102,pair_1_WAIT14_QUERY_distinct,51,16,1040580607/200000,2601451543/500000,10405806121/2000000,415216048457/8192500000,166086419393/3277000000,2,0,,True,False
random-32-32-10_scen2_offset16_train_112102,random-32-32-10-random-2.scen,16,112102,cf_9_WAIT,51,16,1040580607/200000,2601451543/500000,10405806121/2000000,415216048457/8192500000,166086419393/3277000000,2,0,,True,False
random-32-32-10_scen2_offset16_train_112102,random-32-32-10-random-2.scen,16,112102,pair_9_WAIT3_SKIP_distinct,51,16,1040580607/200000,2601451543/500000,10405806121/2000000,415216048457/8192500000,166086419393/3277000000,2,1,,True,False
random-32-32-10_scen2_offset16_train_112102,random-32-32-10-random-2.scen,16,112102,WAIT,51,0,519758383/100000,5197583881/1000000,10395167711/2000000,830437416119/16385000000,83043741617/1638500000,2,0,,False,True
random-32-32-10_scen2_offset16_train_112102,random-32-32-10-random-2.scen,16,112102,pair_1_SKIP14_SKIP_distinct,51,16,5202319593/1000000,1300579911/250000,10404639237/2000000,207608170089/4096250000,830432680407/16385000000,2,2,,False,False
