condition,policy,capacity,served,queries,deadlock,restricted_flow_sum,extra_heads_vs_WAIT,restricted_flow_gain_vs_WAIT
first7_-1_first49_-1,WAIT,0,3,0,True,56.99640495440079920977642848978367382583456419761182362804904185538824,0,0E-68
first7_-1_first49_-1,RR,1,3,1,True,56.99640495440079920977642848978367382583456419761182362804904185538824,0,0E-68
first7_-1_first49_-1,RR,2,3,2,True,56.99640495440079920977642848978367382583456419761182362804904185538824,0,0E-68
first7_-1_first49_-1,task_rank,1,3,1,True,56.99640495440079920977642848978367382583456419761182362804904185538824,0,0E-68
first7_-1_first49_-1,task_rank,2,3,2,True,56.99640495440079920977642848978367382583456419761182362804904185538824,0,0E-68
first7_-1_first49_-1,global_task,1,3,1,True,56.99640495440079920977642848978367382583456419761182362804904185538824,0,0E-68
first7_-1_first49_-1,global_task,2,3,2,True,56.99640495440079920977642848978367382583456419761182362804904185538824,0,0E-68
first7_-1_first49_-1,task_trigger,1,3,1,True,56.99640495440079920977642848978367382583456419761182362804904185538824,0,0E-68
first7_-1_first49_-1,task_trigger,2,3,1,True,56.99640495440079920977642848978367382583456419761182362804904185538824,0,0E-68
first7_-1_first49_1,WAIT,0,3,0,True,55.69918713276847000705530882261180729303330616081934779751749475549520,0,0E-68
first7_-1_first49_1,RR,1,3,1,True,55.69918713276847000705530882261180729303330616081934779751749475549520,0,0E-68
first7_-1_first49_1,RR,2,3,2,True,55.11574523601575731488842231469186819249112992540520508472746132598978,0,0.5834418967527126921668865079
first7_-1_first49_1,task_rank,1,3,1,True,55.11574523601575731488842231469186819249112992540520508472746132598978,0,0.5834418967527126921668865079
first7_-1_first49_1,task_rank,2,3,2,True,55.11574523601575731488842231469186819249112992540520508472746132598978,0,0.5834418967527126921668865079
first7_-1_first49_1,global_task,1,3,1,True,55.11574523601575731488842231469186819249112992540520508472746132598978,0,0.5834418967527126921668865079
first7_-1_first49_1,global_task,2,3,2,True,55.11574523601575731488842231469186819249112992540520508472746132598978,0,0.5834418967527126921668865079
first7_-1_first49_1,task_trigger,1,3,1,True,55.69918713276847000705530882261180729303330616081934779751749475549520,0,0E-68
first7_-1_first49_1,task_trigger,2,3,1,True,55.69918713276847000705530882261180729303330616081934779751749475549520,0,0E-68
first7_1_first49_-1,WAIT,0,4,0,False,37.38313409290951735761037426106385984358777926859485399807077001906547,0,0E-68
first7_1_first49_-1,RR,1,4,1,False,36.21625029940409197327660124522398164250342679776656857249070316005463,0,1.166883793505425384333773016
first7_1_first49_-1,RR,2,4,2,False,36.21625029940409197327660124522398164250342679776656857249070316005463,0,1.166883793505425384333773016
first7_1_first49_-1,task_rank,1,4,1,False,37.38313409290951735761037426106385984358777926859485399807077001906547,0,0E-68
first7_1_first49_-1,task_rank,2,4,2,False,36.21625029940409197327660124522398164250342679776656857249070316005463,0,1.166883793505425384333773016
first7_1_first49_-1,global_task,1,4,1,False,37.38313409290951735761037426106385984358777926859485399807077001906547,0,0E-68
first7_1_first49_-1,global_task,2,4,2,False,36.21625029940409197327660124522398164250342679776656857249070316005463,0,1.166883793505425384333773016
first7_1_first49_-1,task_trigger,1,4,1,False,37.38313409290951735761037426106385984358777926859485399807077001906547,0,0E-68
first7_1_first49_-1,task_trigger,2,4,1,False,37.38313409290951735761037426106385984358777926859485399807077001906547,0,0E-68
first7_1_first49_1,WAIT,0,3,0,True,55.05057822195230540569474898902587402663267714242310988225172120554868,0,0E-68
first7_1_first49_1,RR,1,4,1,False,35.56764138858792737191604141163804837610279777937033065722492961010811,1,19.48293683336437803377870758
first7_1_first49_1,RR,2,4,2,False,34.98419949183521467974915490371810927556062154395618794443489618060270,1,20.06637873011709072594559409
first7_1_first49_1,task_rank,1,3,1,True,54.46713632519959271352786248110593492609050090700896716946168777604327,0,0.5834418967527126921668865079
first7_1_first49_1,task_rank,2,4,2,False,34.98419949183521467974915490371810927556062154395618794443489618060270,1,20.06637873011709072594559409
first7_1_first49_1,global_task,1,3,1,True,54.46713632519959271352786248110593492609050090700896716946168777604327,0,0.5834418967527126921668865079
first7_1_first49_1,global_task,2,4,2,False,34.98419949183521467974915490371810927556062154395618794443489618060270,1,20.06637873011709072594559409
first7_1_first49_1,task_trigger,1,3,1,True,55.05057822195230540569474898902587402663267714242310988225172120554868,0,0E-68
first7_1_first49_1,task_trigger,2,3,1,True,55.05057822195230540569474898902587402663267714242310988225172120554868,0,0E-68
all_eta0,WAIT,0,3,0,True,55.67893218813452475599155637895150960715164062311525963411660131004634,0,0E-68
all_eta0,RR,1,3,1,True,55.67893218813452475599155637895150960715164062311525963411660131004634,0,0E-68
all_eta0,RR,2,3,2,True,55.67893218813452475599155637895150960715164062311525963411660131004634,0,0E-68
all_eta0,task_rank,1,3,1,True,55.67893218813452475599155637895150960715164062311525963411660131004634,0,0E-68
all_eta0,task_rank,2,3,2,True,55.67893218813452475599155637895150960715164062311525963411660131004634,0,0E-68
all_eta0,global_task,1,3,1,True,55.67893218813452475599155637895150960715164062311525963411660131004634,0,0E-68
all_eta0,global_task,2,3,2,True,55.67893218813452475599155637895150960715164062311525963411660131004634,0,0E-68
all_eta0,task_trigger,1,3,1,True,55.67893218813452475599155637895150960715164062311525963411660131004634,0,0E-68
all_eta0,task_trigger,2,3,1,True,55.67893218813452475599155637895150960715164062311525963411660131004634,0,0E-68
direction_IID,WAIT,0,3,0,True,56.17885461079178532711110441354312407102427842772637878896342849484022,0,0E-68
direction_IID,RR,1,3,1,True,56.17885461079178532711110441354312407102427842772637878896342849484022,0,0E-68
direction_IID,RR,2,3,2,True,56.17885461079178532711110441354312407102427842772637878896342849484022,0,0E-68
direction_IID,task_rank,1,3,1,True,56.17885461079178532711110441354312407102427842772637878896342849484022,0,0E-68
direction_IID,task_rank,2,3,2,True,56.17885461079178532711110441354312407102427842772637878896342849484022,0,0E-68
direction_IID,global_task,1,3,1,True,56.17885461079178532711110441354312407102427842772637878896342849484022,0,0E-68
direction_IID,global_task,2,3,2,True,56.17885461079178532711110441354312407102427842772637878896342849484022,0,0E-68
direction_IID,task_trigger,1,3,1,True,56.17885461079178532711110441354312407102427842772637878896342849484022,0,0E-68
direction_IID,task_trigger,2,3,1,True,56.17885461079178532711110441354312407102427842772637878896342849484022,0,0E-68
direction_reverse,WAIT,0,4,0,False,40.11935434861179252049888070102967671036195410610842280294011833699356,0,0E-68
direction_reverse,RR,1,4,1,False,38.95247055510636713616510768518979850927760163528013737736005147798273,0,1.166883793505425384333773016
direction_reverse,RR,2,4,2,False,38.95247055510636713616510768518979850927760163528013737736005147798273,0,1.166883793505425384333773016
direction_reverse,task_rank,1,4,1,False,40.11935434861179252049888070102967671036195410610842280294011833699356,0,0E-68
direction_reverse,task_rank,2,4,2,False,38.95247055510636713616510768518979850927760163528013737736005147798273,0,1.166883793505425384333773016
direction_reverse,global_task,1,4,1,False,40.11935434861179252049888070102967671036195410610842280294011833699356,0,0E-68
direction_reverse,global_task,2,4,2,False,38.95247055510636713616510768518979850927760163528013737736005147798273,0,1.166883793505425384333773016
direction_reverse,task_trigger,1,4,1,False,40.11935434861179252049888070102967671036195410610842280294011833699356,0,0E-68
direction_reverse,task_trigger,2,4,1,False,40.11935434861179252049888070102967671036195410610842280294011833699356,0,0E-68
