cohort_id,policy,served,tasks,queries,opportunities,max_candidates,deadlock,restricted_flow_sum
cohort_00,WAIT,8,8,0,1,1,False,287.7935520920044594098785381002615703404711610436465298043446596266525
cohort_01,WAIT,6,8,0,2,1,True,300.7515125007924129958199467856849161742928914542843211739514752511547
cohort_02,WAIT,8,8,0,35,1,False,289.4536620453568996600586452224337971539346584791405307342012705997015
cohort_03,WAIT,8,8,0,7,1,False,286.7614038387510902820973336069125053289191988143034851642133542571487
cohort_05,WAIT,5,8,0,7,1,True,405.9628410550957055272129152163369225584956608175961727414163094040148
cohort_06,WAIT,8,8,0,2,1,False,246.6362527207607268569467655834946291358159757915880622806600808997422
cohort_07,WAIT,5,8,0,4,1,True,442.9329726336493029349363273893065786583293995319501250698757060541247
cohort_08,WAIT,8,8,0,3,1,False,286.5196620457028195812971725340221082034221685472920081413648876614810
cohort_00,RR,8,8,1,1,1,False,287.7935520920044594098785381002615703404711610436465298043446596266525
cohort_01,RR,6,8,1,1,1,True,300.1680706040397003036530602777649770737507152188701784611614418216493
cohort_02,RR,8,8,4,31,1,False,289.4536620453568996600586452224337971539346584791405307342012705997015
cohort_03,RR,8,8,3,3,1,False,286.7614038387510902820973336069125053289191988143034851642133542571487
cohort_05,RR,5,8,3,3,1,True,405.9628410550957055272129152163369225584956608175961727414163094040148
cohort_06,RR,8,8,1,1,1,False,246.0528108240080141647798790755746900352737995561739195678700474702368
cohort_07,RR,5,8,2,2,1,True,442.9329726336493029349363273893065786583293995319501250698757060541247
cohort_08,RR,8,8,4,4,1,False,284.0555604305650649942422798510103634695365580396712468852532737025772
cohort_00,condition,8,8,1,1,1,False,287.7935520920044594098785381002615703404711610436465298043446596266525
cohort_01,condition,6,8,1,1,1,True,300.1680706040397003036530602777649770737507152188701784611614418216493
cohort_02,condition,8,8,4,31,1,False,289.4536620453568996600586452224337971539346584791405307342012705997015
cohort_03,condition,8,8,3,3,1,False,286.7614038387510902820973336069125053289191988143034851642133542571487
cohort_05,condition,5,8,3,3,1,True,405.9628410550957055272129152163369225584956608175961727414163094040148
cohort_06,condition,8,8,1,1,1,False,246.0528108240080141647798790755746900352737995561739195678700474702368
cohort_07,condition,5,8,2,2,1,True,442.9329726336493029349363273893065786583293995319501250698757060541247
cohort_08,condition,8,8,4,4,1,False,284.0555604305650649942422798510103634695365580396712468852532737025772
