error_half_width,requester_eta_offline_label,observation_at,native_END,plan,completed_tasks,task1_completed_at,task2_completed_at,movement,owner_evidence_wait,task2_flow_time_from_activation,sum_task_completion_times,motion_selected,analytic_selected,censored
0,-1,2.5,False,UU,2,6.9282035,12.8417945,12.8417945,0.0,5.9135915,19.7699975,True,True,False
0,-1,2.5,False,UL,2,6.9282035,14.2766725,14.2766725,0.0,7.3484695,21.2048755,False,False,False
0,-1,2.5,False,LU,2,8.3630815,14.2766725,14.2766725,0.0,5.9135915,22.6397535,False,False,False
0,-1,2.5,False,LL,2,8.3630815,15.7115505,15.7115505,0.0,7.3484695,24.0746315,False,False,False
0,-1,2.5,True,UU,2,6.9282035,12.8417945,12.8417945,0.0,5.9135915,19.7699975,True,True,False
0,-1,2.5,True,UL,2,6.9282035,14.2766725,14.2766725,0.0,7.3484695,21.2048755,False,False,False
0,-1,2.5,True,LU,2,8.3630815,14.2766725,14.2766725,0.0,5.9135915,22.6397535,False,False,False
0,-1,2.5,True,LL,2,8.3630815,15.7115505,15.7115505,0.0,7.3484695,24.0746315,False,False,False
0,-1,4,False,UU,2,6.9282035,12.8417945,12.8417945,0.0,5.9135915,19.7699975,True,True,False
0,-1,4,False,UL,2,6.9282035,14.2766725,14.2766725,0.0,7.3484695,21.2048755,False,False,False
0,-1,4,False,LU,2,8.3630815,14.2766725,14.2766725,0.0,5.9135915,22.6397535,False,False,False
0,-1,4,False,LL,2,8.3630815,15.7115505,15.7115505,0.0,7.3484695,24.0746315,False,False,False
0,-1,4,True,UU,2,6.9282035,12.8417945,12.8417945,0.0,5.9135915,19.7699975,True,True,False
0,-1,4,True,UL,2,6.9282035,14.2766725,14.2766725,0.0,7.3484695,21.2048755,False,False,False
0,-1,4,True,LU,2,8.3630815,14.2766725,14.2766725,0.0,5.9135915,22.6397535,False,False,False
0,-1,4,True,LL,2,8.3630815,15.7115505,15.7115505,0.0,7.3484695,24.0746315,False,False,False
0,1,2.5,False,UU,2,4.3337675,8.0328695,8.0328695,0.0,3.6991025,12.3666375,True,True,False
0,1,2.5,False,UL,2,4.3337675,8.9304225,8.9304225,0.0,4.5966545,13.2641895,False,False,False
0,1,2.5,False,LU,2,5.2313205,8.9304225,8.9304225,0.0,3.6991025,14.1617425,False,False,False
0,1,2.5,False,LL,2,5.2313205,9.8279745,9.8279745,0.0,4.5966545,15.0592955,False,False,False
0,1,2.5,True,UU,2,4.3337675,8.0328695,8.0328695,0.0,3.6991025,12.3666375,True,True,False
0,1,2.5,True,UL,2,4.3337675,8.9304225,8.9304225,0.0,4.5966545,13.2641895,False,False,False
0,1,2.5,True,LU,2,5.2313205,8.9304225,8.9304225,0.0,3.6991025,14.1617425,False,False,False
0,1,2.5,True,LL,2,5.2313205,9.8279745,9.8279745,0.0,4.5966545,15.0592955,False,False,False
0,1,4,False,UU,2,4.3337675,8.0328695,8.0328695,0.0,3.6991025,12.3666375,True,True,False
0,1,4,False,UL,2,4.3337675,8.9304225,8.9304225,0.0,4.5966545,13.2641895,False,False,False
0,1,4,False,LU,2,5.2313205,8.9304225,8.9304225,0.0,3.6991025,14.1617425,False,False,False
0,1,4,False,LL,2,5.2313205,9.8279745,9.8279745,0.0,4.5966545,15.0592955,False,False,False
0,1,4,True,UU,2,4.3337675,8.0328695,8.0328695,0.0,3.6991025,12.3666375,True,True,False
0,1,4,True,UL,2,4.3337675,8.9304225,8.9304225,0.0,4.5966545,13.2641895,False,False,False
0,1,4,True,LU,2,5.2313205,8.9304225,8.9304225,0.0,3.6991025,14.1617425,False,False,False
0,1,4,True,LL,2,5.2313205,9.8279745,9.8279745,0.0,4.5966545,15.0592955,False,False,False
0.2,-1,2.5,False,UL,2,7.6961525,15.0446215,14.2766725,0.7679495,7.3484695,22.7407745,False,True,False
0.2,-1,2.5,False,UU,1,7.6961525,,8.6602545,15.3397455,,,True,False,True
0.2,-1,2.5,False,LU,1,8.3630815,,10.0951315,13.9048685,,,False,False,True
0.2,-1,2.5,False,LL,2,8.3630815,15.7115505,15.7115505,0.0,7.3484695,24.0746315,False,False,False
0.2,-1,2.5,True,UU,2,7.6961525,13.6097435,12.8417945,0.7679495,5.9135915,21.3058965,True,True,False
0.2,-1,2.5,True,UL,2,7.6961525,15.0446215,14.2766725,0.7679495,7.3484695,22.7407745,False,False,False
0.2,-1,2.5,True,LU,2,8.3630815,14.2766725,14.2766725,0.0,5.9135915,22.6397535,False,False,False
0.2,-1,2.5,True,LL,2,8.3630815,15.7115505,15.7115505,0.0,7.3484695,24.0746315,False,False,False
0.2,-1,4,False,LU,2,8.3630815,14.2766725,14.2766725,0.0,5.9135915,22.6397535,False,True,False
0.2,-1,4,False,UU,2,9.1961525,15.1097435,12.8417945,2.2679495,5.9135915,24.3058965,True,False,False
0.2,-1,4,False,UL,2,9.1961525,16.5446215,14.2766725,2.2679495,7.3484695,25.7407745,False,False,False
0.2,-1,4,False,LL,2,8.3630815,15.7115505,15.7115505,0.0,7.3484695,24.0746315,False,False,False
0.2,-1,4,True,LU,2,8.3630815,14.2766725,14.2766725,0.0,5.9135915,22.6397535,False,True,False
0.2,-1,4,True,UU,2,9.1961525,15.1097435,12.8417945,2.2679495,5.9135915,24.3058965,True,False,False
0.2,-1,4,True,UL,2,9.1961525,16.5446215,14.2766725,2.2679495,7.3484695,25.7407745,False,False,False
0.2,-1,4,True,LL,2,8.3630815,15.7115505,15.7115505,0.0,7.3484695,24.0746315,False,False,False
0.2,1,2.5,False,LL,2,5.2313205,9.8279745,9.8279745,0.0,4.5966545,15.0592955,False,True,False
0.2,1,2.5,False,UU,1,5.7503255,,5.4172095,18.5827905,,,True,False,True
0.2,1,2.5,False,UL,2,5.7503255,10.3469805,8.9304225,1.4165585,4.5966545,16.0973065,False,False,False
0.2,1,2.5,False,LU,1,5.2313205,,6.3147625,17.6852375,,,False,False,True
0.2,1,2.5,True,LU,2,5.2313205,8.9304225,8.9304225,0.0,3.6991025,14.1617425,False,True,False
0.2,1,2.5,True,UU,2,5.7503255,9.4494275,8.0328695,1.4165585,3.6991025,15.1997535,True,False,False
0.2,1,2.5,True,UL,2,5.7503255,10.3469805,8.9304225,1.4165585,4.5966545,16.0973065,False,False,False
0.2,1,2.5,True,LL,2,5.2313205,9.8279745,9.8279745,0.0,4.5966545,15.0592955,False,False,False
0.2,1,4,False,LU,2,5.2313205,8.9304225,8.9304225,0.0,3.6991025,14.1617425,False,True,False
0.2,1,4,False,UU,2,7.2503255,10.9494275,8.0328695,2.9165585,3.6991025,18.1997535,True,False,False
0.2,1,4,False,UL,2,7.2503255,11.8469805,8.9304225,2.9165585,4.5966545,19.0973065,False,False,False
0.2,1,4,False,LL,2,5.2313205,9.8279745,9.8279745,0.0,4.5966545,15.0592955,False,False,False
0.2,1,4,True,LU,2,5.2313205,8.9304225,8.9304225,0.0,3.6991025,14.1617425,False,True,False
0.2,1,4,True,UU,2,7.2503255,10.9494275,8.0328695,2.9165585,3.6991025,18.1997535,True,False,False
0.2,1,4,True,UL,2,7.2503255,11.8469805,8.9304225,2.9165585,4.5966545,19.0973065,False,False,False
0.2,1,4,True,LL,2,5.2313205,9.8279745,9.8279745,0.0,4.5966545,15.0592955,False,False,False
