id,split,map,seed,N,cols,condition,execution,policy,horizon_ticks,port,input_id,tasks,restricted_first10,rows,censored,nonzero_edge_calls,planner_wall,forecast_wall
test_empty-32-32_951921_nominal_local_hm,test,empty-32-32,951921,8,32,nominal,local,hm,4000,10866,empty-32-32_951921,25,275050,1370,17,0,0.04643572299983134,2.6699001409724588e-05
test_empty-32-32_951921_nominal_local_history,test,empty-32-32,951921,8,32,nominal,local,history,4000,10867,empty-32-32_951921,26,274668,1394,1,61,0.17257566500052235,1.6296985200010567
test_empty-32-32_951921_nominal_local_learned,test,empty-32-32,951921,8,32,nominal,local,learned,4000,10868,empty-32-32_951921,26,274668,1394,1,61,0.1859400430007554,1.8589672069999779
test_empty-32-32_951921_axis_local_hm,test,empty-32-32,951921,8,32,axis,local,hm,4000,10869,empty-32-32_951921,25,277520,1316,36,0,0.05038297400005831,2.402500103926286e-05
test_empty-32-32_951921_axis_local_history,test,empty-32-32,951921,8,32,axis,local,history,4000,10870,empty-32-32_951921,25,277126,1332,28,61,0.2068589559994507,2.0251190619985664
test_empty-32-32_951921_axis_local_learned,test,empty-32-32,951921,8,32,axis,local,learned,4000,10871,empty-32-32_951921,25,277126,1332,28,61,0.20278053699962584,1.9606586699999298
test_random-32-32-10_951921_nominal_local_hm,test,random-32-32-10,951921,8,32,nominal,local,hm,4000,10872,random-32-32-10_951921,22,282657,1373,25,0,0.056540941001003375,2.6981999781128252e-05
test_random-32-32-10_951921_nominal_local_history,test,random-32-32-10,951921,8,32,nominal,local,history,4000,10873,random-32-32-10_951921,23,282980,1390,6,127,0.208095144000481,1.9864716920003502
test_random-32-32-10_951921_nominal_local_learned,test,random-32-32-10,951921,8,32,nominal,local,learned,4000,10874,random-32-32-10_951921,23,281216,1407,31,155,0.22116671900062101,2.194013158000871
test_random-32-32-10_951921_axis_local_hm,test,random-32-32-10,951921,8,32,axis,local,hm,4000,10875,random-32-32-10_951921,22,283403,1354,3,0,0.052784633001238035,2.6413998966745567e-05
test_random-32-32-10_951921_axis_local_history,test,random-32-32-10,951921,8,32,axis,local,history,4000,10876,random-32-32-10_951921,22,284352,1354,5,127,0.24232582299964633,2.482142843999327
test_random-32-32-10_951921_axis_local_learned,test,random-32-32-10,951921,8,32,axis,local,learned,4000,10877,random-32-32-10_951921,22,283136,1366,31,138,0.2527933569997458,2.5287065949999032
test_empty-32-32_951922_nominal_local_hm,test,empty-32-32,951922,8,32,nominal,local,hm,4000,10878,empty-32-32_951922,23,277798,1362,1,0,0.05179034100001445,2.7486000135468203e-05
test_empty-32-32_951922_nominal_local_history,test,empty-32-32,951922,8,32,nominal,local,history,4000,10879,empty-32-32_951922,23,278228,1402,35,118,0.22744465200094055,2.205363980998982
test_empty-32-32_951922_nominal_local_learned,test,empty-32-32,951922,8,32,nominal,local,learned,4000,10880,empty-32-32_951922,23,278228,1393,10,120,0.24213631799989344,2.6053567390001717
test_empty-32-32_951922_axis_local_hm,test,empty-32-32,951922,8,32,axis,local,hm,4000,10881,empty-32-32_951922,23,278482,1344,19,0,0.05626383599951623,3.183999888278777e-05
test_empty-32-32_951922_axis_local_history,test,empty-32-32,951922,8,32,axis,local,history,4000,10882,empty-32-32_951922,23,279416,1347,22,121,0.21512936700014507,2.1072570670000914
test_empty-32-32_951922_axis_local_learned,test,empty-32-32,951922,8,32,axis,local,learned,4000,10883,empty-32-32_951922,23,279416,1347,22,120,0.21616038400111393,2.157168404999311
test_random-32-32-10_951922_nominal_local_hm,test,random-32-32-10,951922,8,32,nominal,local,hm,4000,10884,random-32-32-10_951922,22,278190,1386,6,0,0.056681058999629386,2.7672999749484006e-05
test_random-32-32-10_951922_nominal_local_history,test,random-32-32-10,951922,8,32,nominal,local,history,4000,10885,random-32-32-10_951922,22,279333,1361,30,127,0.21425433099898328,2.0276943630005917
test_random-32-32-10_951922_nominal_local_learned,test,random-32-32-10,951922,8,32,nominal,local,learned,4000,10886,random-32-32-10_951922,24,277577,1417,6,107,0.236257290000367,2.395856137000237
test_random-32-32-10_951922_axis_local_hm,test,random-32-32-10,951922,8,32,axis,local,hm,4000,10887,random-32-32-10_951922,22,280112,1342,9,0,0.05296226399855186,2.744300013546308e-05
test_random-32-32-10_951922_axis_local_history,test,random-32-32-10,951922,8,32,axis,local,history,4000,10888,random-32-32-10_951922,22,281127,1315,36,129,0.208647049000092,1.9343797099995754
test_random-32-32-10_951922_axis_local_learned,test,random-32-32-10,951922,8,32,axis,local,learned,4000,10889,random-32-32-10_951922,22,280833,1323,34,103,0.21017415300048015,2.0073550360007175
