scene,arm,name,A_true_progress,A_predicted_progress,progress_absolute_error,A_true_remaining,A_predicted_remaining,remaining_absolute_error,direction,objective,solver_status,new_author_calls,new_solver_work_seconds,model_reused_from,graph_key,guard_pass,sum_completion_time,makespan,execution_key,suffix_reused_R16,query_count,measurement_age,production_cost,sum_gain_vs_public,makespan_gain_vs_public,graph_differs_from_public
stable,public_history,stable_public_history,0.75,0.75,0.0,0.25,0.25,0.0,A_first,12.739999999999998,OPTIMAL,0,0,sadg_preflight_20261004_r16/cases/mini_public_elapsed,620338df5d43bd73228499870ea0dbc2975cad0a7cc23c1b617e8acab96493f0,True,12.5,7.25,abf0307e29855e4b50f94faa1bb789e949afd44e9d39b51b69547ff01062377d,False,0,,,0.0,0.0,False
stable,position_age0,stable_position_age0,0.75,0.75,0.0,0.25,0.25,0.0,A_first,12.739999999999998,OPTIMAL,0,0,sadg_preflight_20261004_r16/cases/mini_public_elapsed,620338df5d43bd73228499870ea0dbc2975cad0a7cc23c1b617e8acab96493f0,True,12.5,7.25,abf0307e29855e4b50f94faa1bb789e949afd44e9d39b51b69547ff01062377d,False,1,0.0,,0.0,0.0,False
stable,position_age025,stable_position_age025,0.75,0.75,0.0,0.25,0.25,0.0,A_first,12.739999999999998,OPTIMAL,0,0,sadg_preflight_20261004_r16/cases/mini_public_elapsed,620338df5d43bd73228499870ea0dbc2975cad0a7cc23c1b617e8acab96493f0,True,12.5,7.25,abf0307e29855e4b50f94faa1bb789e949afd44e9d39b51b69547ff01062377d,False,1,0.25,,0.0,0.0,False
short_stop,public_history,short_stop_public_history,0.25,0.75,0.5,0.75,0.25,0.5,A_first,12.739999999999998,OPTIMAL,0,0,sadg_preflight_20261004_r16/cases/mini_public_elapsed,620338df5d43bd73228499870ea0dbc2975cad0a7cc23c1b617e8acab96493f0,True,13.5,7.75,a71a0c0e5b7b99d411e9a7d943ea13b4c26a37cae0e212dbeb342b63a5ab991c,True,0,,,0.0,0.0,False
short_stop,position_age0,short_stop_position_age0,0.25,0.25,0.0,0.75,0.75,0.0,B_first,13.240000000037252,OPTIMAL,0,0,sadg_preflight_20261004_r16/cases/mini_measured,81565d805b18db2ea654de38730539f9a61cac190218775aecb7307343b81f36,True,13.0,7.5,4e6f841b0e57ada9535a0abe1763e0b1cd6b07c37f1b66685317fa0fb560ba7a,True,1,0.0,,0.5,0.25,True
short_stop,position_age025,short_stop_position_age025,0.25,0.25,0.0,0.75,0.75,0.0,B_first,13.240000000037252,OPTIMAL,0,0,sadg_preflight_20261004_r16/cases/mini_measured,81565d805b18db2ea654de38730539f9a61cac190218775aecb7307343b81f36,True,13.0,7.5,4e6f841b0e57ada9535a0abe1763e0b1cd6b07c37f1b66685317fa0fb560ba7a,True,1,0.25,,0.5,0.25,True
speed_shift,public_history,speed_shift_public_history,0.375,0.75,0.375,1.25,0.25,1.0,A_first,12.739999999999998,OPTIMAL,0,0,sadg_preflight_20261004_r16/cases/mini_public_elapsed,620338df5d43bd73228499870ea0dbc2975cad0a7cc23c1b617e8acab96493f0,True,22.5,11.25,ed67462929c853c49d38a06d477447e9e4a92b22387d607e627acf658d4e1a28,False,0,,,0.0,0.0,False
speed_shift,position_age0,speed_shift_position_age0,0.375,0.375,0.0,1.25,0.625,0.625,B_first,13.240000000037252,OPTIMAL,1,0.01149104100477416,,81565d805b18db2ea654de38730539f9a61cac190218775aecb7307343b81f36,True,17.0,11.5,a8ee5836caf2128bb3e0cba70b58534b0922cf0b363879068a894c6401fb693a,False,1,0.0,,5.5,-0.25,True
speed_shift,position_age025,speed_shift_position_age025,0.375,0.5,0.125,1.25,0.5,0.75,A_first,13.239999999999998,OPTIMAL,0,0,sadg_preflight_20261004_r16/cases/mini_stub,620338df5d43bd73228499870ea0dbc2975cad0a7cc23c1b617e8acab96493f0,True,22.5,11.25,ed67462929c853c49d38a06d477447e9e4a92b22387d607e627acf658d4e1a28,False,1,0.25,,0.0,0.0,False
