world_id,cohort_id,split,opportunity,source,move,features,END_only_known,at,target_flow_gain,extra_tasks,chosen_policy,verified_identical_public_physical_prefix
cohort_00__IID_5101,cohort_00,train,1,17,m-17-1,"['1/2', '1/3', '5/8', '1/10', '1/3', '7/64', '0', '0', '0', '0', '2/3', '2/3', '1', '2/3', '1/8', '3/64', '1/15', '1/15']",5,"{'lower': 4065492, 'upper': 4065493, 'denominator': 1000000}",1166883/1000000,0,probe_1_17,True
cohort_00__IID_5102,cohort_00,train,1,17,m-17-1,"['1/2', '1/3', '5/8', '1/10', '1/3', '7/64', '0', '0', '0', '0', '2/3', '2/3', '1', '2/3', '1/8', '3/64', '1/15', '1/15']",5,"{'lower': 4065492, 'upper': 4065493, 'denominator': 1000000}",291721/250000,0,probe_1_17,True
cohort_00__IID_5103,cohort_00,train,1,17,m-17-1,"['1/2', '1/3', '5/8', '1/10', '1/3', '7/64', '0', '0', '0', '0', '1/3', '1/3', '0', '1/3', '1/8', '3/64', '1/30', '1/30']",5,"{'lower': 4714101, 'upper': 4714102, 'denominator': 1000000}",0,0,probe_1_17,True
cohort_00__IID_5104,cohort_00,train,1,17,m-17-1,"['1/2', '1/3', '5/8', '1/10', '1/3', '7/64', '0', '0', '0', '0', '2/3', '2/3', '1', '2/3', '1/8', '3/64', '1/15', '1/15']",7,"{'lower': 4065492, 'upper': 4065493, 'denominator': 1000000}",291721/250000,0,probe_1_17,True
cohort_00__eta0,cohort_00,train,1,17,m-17-1,"['1/2', '1/3', '5/8', '1/10', '1/3', '7/64', '0', '0', '0', '0', '1/3', '1/3', '0', '1/3', '1/8', '3/64', '1/30', '1/30']",5,"{'lower': 3835786, 'upper': 3835787, 'denominator': 1000000}",0,0,probe_1_17,True
cohort_01__IID_5101,cohort_01,train,1,11,m-11-12,"['1/2', '1/3', '3/4', '1/12', '1/3', '1/64', '0', '0', '0', '0', '1/14', '1/5', '0', '9/16', '1', '3/64', '1/168', '1/60']",54,"{'lower': 24534609, 'upper': 24534610, 'denominator': 1000000}",0,0,probe_1_11,True
cohort_01__IID_5102,cohort_01,train,1,76,m-76-17,"['1/2', '1/3', '1/16', '1', '1/3', '1/64', '0', '0', '0', '1/3', '4/19', '2/5', '1', '1/12', '1', '3/64', '4/19', '2/5']",62,"{'lower': 32499036, 'upper': 32499037, 'denominator': 1000000}",0,0,probe_1_76,True
cohort_01__IID_5103,cohort_01,train,1,76,m-76-17,"['1/2', '1/3', '1/16', '1', '1/3', '1/64', '0', '0', '0', '1/3', '16/19', '4/5', '1', '1/2', '1', '3/64', '16/19', '4/5']",60,"{'lower': 24715730, 'upper': 24715731, 'denominator': 1000000}",0,0,probe_1_76,True
cohort_01__IID_5104,cohort_01,train,1,11,m-11-12,"['1/2', '1/3', '3/4', '1/12', '1/3', '1/64', '0', '0', '0', '0', '1/14', '1/5', '0', '1/2', '1', '3/64', '1/168', '1/60']",54,"{'lower': 24534609, 'upper': 24534610, 'denominator': 1000000}",0,0,probe_1_11,True
cohort_01__eta0,cohort_01,train,1,76,m-76-17,"['1/2', '1/3', '1/16', '1', '1/3', '1/64', '0', '0', '0', '1/3', '1/19', '1/5', '0', '1/24', '1', '3/64', '1/19', '1/5']",62,"{'lower': 26979184, 'upper': 26979185, 'denominator': 1000000}",0,0,probe_1_76,True
cohort_02__IID_5101,cohort_02,train,1,6,m-6-8,"['1/2', '1/3', '3/8', '1/6', '1/3', '1/16', '0', '0', '0', '0', '3/5', '3/5', '0', '5/8', '3/8', '15/64', '1/10', '1/10']",18,"{'lower': 11732376, 'upper': 11732377, 'denominator': 1000000}",0,0,probe_1_6,True
cohort_02__IID_5102,cohort_02,train,1,6,m-6-8,"['1/2', '1/3', '3/8', '1/6', '1/3', '1/16', '0', '0', '0', '0', '1/5', '1/5', '0', '1/4', '3/8', '15/64', '1/30', '1/30']",19,"{'lower': 13678203, 'upper': 13678204, 'denominator': 1000000}",0,0,probe_1_6,True
cohort_02__IID_5103,cohort_02,train,1,6,m-6-8,"['1/2', '1/3', '3/8', '1/6', '1/3', '1/16', '0', '0', '0', '0', '4/5', '4/5', '1', '3/4', '3/8', '15/64', '2/15', '2/15']",19,"{'lower': 11083767, 'upper': 11083768, 'denominator': 1000000}",0,0,probe_1_6,True
cohort_02__IID_5104,cohort_02,train,1,6,m-6-8,"['1/2', '1/3', '3/8', '1/6', '1/3', '1/16', '0', '0', '0', '0', '1/5', '1/5', '0', '1/4', '3/8', '15/64', '1/30', '1/30']",23,"{'lower': 13678203, 'upper': 13678204, 'denominator': 1000000}",0,0,probe_1_6,True
cohort_02__eta0,cohort_02,train,1,6,m-6-8,"['1/2', '1/3', '3/8', '1/6', '1/3', '1/16', '0', '0', '0', '0', '1/5', '1/5', '0', '1/8', '3/8', '15/64', '1/30', '1/30']",19,"{'lower': 11921572, 'upper': 11921573, 'denominator': 1000000}",0,0,probe_1_6,True
cohort_03__IID_6102,cohort_03,calibration,1,24,m-24-16,"['1/2', '1/3', '3/8', '1/6', '1/3', '1/64', '0', '0', '0', '0', '8/9', '4/5', '1', '6/7', '1', '3/64', '4/27', '2/15']",63,"{'lower': 27310165, 'upper': 27310166, 'denominator': 1000000}",291721/500000,0,probe_1_24,True
cohort_03__IID_6103,cohort_03,calibration,1,24,m-24-16,"['1/2', '1/3', '3/8', '1/6', '1/3', '1/64', '0', '0', '0', '0', '8/9', '4/5', '1', '8/13', '1', '3/64', '4/27', '2/15']",58,"{'lower': 27310165, 'upper': 27310166, 'denominator': 1000000}",291721/500000,0,probe_1_24,True
cohort_03__IID_6104,cohort_03,calibration,1,24,m-24-16,"['1/2', '1/3', '3/8', '1/6', '1/3', '1/64', '0', '0', '0', '0', '1/18', '1/5', '0', '9/19', '1', '3/64', '1/108', '1/30']",72,"{'lower': 34444863, 'upper': 34444864, 'denominator': 1000000}",0,0,probe_1_24,True
cohort_03__eta0,cohort_03,calibration,1,32,m-32-16,"['1/2', '1/3', '3/2', '1/24', '1/3', '5/64', '0', '0', '0', '0', '1/18', '1/5', '0', '1/19', '1', '3/64', '1/432', '1/120']",62,"{'lower': 26979184, 'upper': 26979185, 'denominator': 1000000}",0,0,probe_1_32,True
cohort_03__eta0,cohort_03,calibration,2,32,m-32-28,"['1/2', '1/3', '7/8', '1/14', '1/3', '1/64', '0', '0', '0', '0', '1/23', '1/5', '0', '1/27', '1', '3/64', '1/322', '1/70']",91,"{'lower': 41693650, 'upper': 41693651, 'denominator': 1000000}",0,0,probe_2_32,True
cohort_05__IID_5103,cohort_05,train,1,16,m-16-11,"['1/2', '1/3', '13/16', '1/13', '1/3', '11/64', '1/3', '7/16', '5/16', '0', '3/13', '1/5', '0', '23/28', '1', '3/64', '3/169', '1/65']",54,"{'lower': 22588782, 'upper': 22588783, 'denominator': 1000000}",0,0,probe_1_16,True
cohort_05__IID_5104,cohort_05,train,1,89,m-89-15,"['1/2', '1/3', '3/8', '1/6', '1/3', '5/32', '0', '0', '0', '2/3', '15/17', '4/5', '1', '13/27', '1', '3/64', '5/34', '2/15']",49,"{'lower': 22588782, 'upper': 22588783, 'denominator': 1000000}",445827/500000,0,probe_1_89,True
cohort_06__IID_5101,cohort_06,train,1,43,m-43-4,"['1/2', '1/3', '29/16', '1/29', '1/3', '3/64', '0', '0', '0', '0', '1/3', '2/5', '0', '3/4', '1/2', '3/64', '1/87', '2/145']",17,"{'lower': 8029594, 'upper': 8029595, 'denominator': 1000000}",291721/500000,0,probe_1_43,True
cohort_06__IID_5102,cohort_06,train,1,43,m-43-4,"['1/2', '1/3', '29/16', '1/29', '1/3', '1/32', '0', '0', '0', '0', '5/6', '4/5', '1', '5/6', '1/2', '3/64', '5/174', '4/145']",12,"{'lower': 6083767, 'upper': 6083768, 'denominator': 1000000}",0,0,probe_1_43,True
cohort_06__IID_5103,cohort_06,train,1,43,m-43-4,"['1/2', '1/3', '29/16', '1/29', '1/3', '1/32', '0', '0', '0', '0', '2/3', '4/5', '1', '2/3', '1/2', '3/64', '2/87', '4/145']",12,"{'lower': 6732376, 'upper': 6732377, 'denominator': 1000000}",291721/500000,0,probe_1_43,True
cohort_06__IID_5104,cohort_06,train,1,43,m-43-4,"['1/2', '1/3', '29/16', '1/29', '1/3', '1/32', '0', '0', '0', '0', '2/3', '3/5', '1', '2/5', '1/2', '3/64', '2/87', '3/145']",11,"{'lower': 6732376, 'upper': 6732377, 'denominator': 1000000}",291721/500000,0,probe_1_43,True
cohort_06__eta0,cohort_06,train,1,43,m-43-4,"['1/2', '1/3', '29/16', '1/29', '1/3', '1/32', '0', '0', '0', '0', '1/6', '1/5', '0', '1/6', '1/2', '3/64', '1/174', '1/145']",13,"{'lower': 6921572, 'upper': 6921573, 'denominator': 1000000}",0,0,probe_1_43,True
cohort_08__IID_6101,cohort_08,calibration,1,41,m-41-2,"['1/2', '1/3', '3/16', '1/3', '1/3', '3/64', '0', '0', '0', '1/3', '1/4', '1/4', '0', '2/3', '1/4', '3/64', '1/12', '1/12']",6,"{'lower': 4714101, 'upper': 4714102, 'denominator': 1000000}",0,0,probe_1_41,True
cohort_08__IID_6102,cohort_08,calibration,1,41,m-41-2,"['1/2', '1/3', '3/16', '1/3', '1/3', '3/64', '0', '0', '0', '1/3', '1/4', '1/4', '0', '1/3', '1/4', '3/64', '1/12', '1/12']",6,"{'lower': 4714101, 'upper': 4714102, 'denominator': 1000000}",0,0,probe_1_41,True
cohort_08__IID_6103,cohort_08,calibration,1,41,m-41-2,"['1/2', '1/3', '3/16', '1/3', '1/3', '3/64', '0', '0', '0', '1/3', '3/4', '3/4', '1', '2/3', '1/4', '3/64', '1/4', '1/4']",4,"{'lower': 3416883, 'upper': 3416884, 'denominator': 1000000}",0,0,probe_1_41,True
cohort_08__IID_6104,cohort_08,calibration,1,41,m-41-2,"['1/2', '1/3', '3/16', '1/3', '1/3', '3/64', '0', '0', '0', '1/3', '3/4', '3/4', '1', '1/3', '1/4', '3/64', '1/4', '1/4']",5,"{'lower': 3416883, 'upper': 3416884, 'denominator': 1000000}",291721/250000,0,probe_1_41,True
cohort_08__eta0,cohort_08,calibration,1,41,m-41-2,"['1/2', '1/3', '3/16', '1/3', '1/3', '3/64', '0', '0', '0', '1/3', '1/4', '1/4', '0', '1/3', '1/4', '3/64', '1/12', '1/12']",5,"{'lower': 3835786, 'upper': 3835787, 'denominator': 1000000}",0,0,probe_1_41,True
