family,world,budget,ridge,train_constant,budget_lookup,public_threshold,selected_tasks,selected_T_mid,selected_queries
empty-32-32_scen2_offset112_train_131102,empty-32-32_scen2_offset112_train_131102_B8,8,LD,LD,LD,LD,41,5800.9614845,8
empty-32-32_scen2_offset112_train_131102,empty-32-32_scen2_offset112_train_131102_B16,16,STOP,LD,STOP,LD,41,5804.9980345,8
empty-32-32_scen2_offset128_train_131103,empty-32-32_scen2_offset128_train_131103_B8,8,LD,LD,LD,LD,44,5600.857525,8
empty-32-32_scen2_offset128_train_131103,empty-32-32_scen2_offset128_train_131103_B16,16,STOP,LD,STOP,LD,44,5600.857525,8
empty-32-32_scen2_offset144_train_131104,empty-32-32_scen2_offset144_train_131104_B8,8,LD,LD,LD,C,44,5757.051777,8
empty-32-32_scen2_offset144_train_131104,empty-32-32_scen2_offset144_train_131104_B16,16,STOP,LD,STOP,LD,44,5757.051777,8
empty-32-32_scen2_offset160_train_131105,empty-32-32_scen2_offset160_train_131105_B8,8,LD,LD,LD,C,47,5725.3665125,8
empty-32-32_scen2_offset160_train_131105,empty-32-32_scen2_offset160_train_131105_B16,16,STOP,LD,LD,LD,47,5725.3665125,8
empty-32-32_scen2_offset176_train_131106,empty-32-32_scen2_offset176_train_131106_B8,8,LD,C,LD,C,51,5221.657002,8
empty-32-32_scen2_offset176_train_131106,empty-32-32_scen2_offset176_train_131106_B16,16,STOP,C,STOP,C,50,5196.154866,8
empty-32-32_scen2_offset96_train_131101,empty-32-32_scen2_offset96_train_131101_B8,8,LD,LD,LD,C,47,5549.8987175,8
empty-32-32_scen2_offset96_train_131101,empty-32-32_scen2_offset96_train_131101_B16,16,LD,LD,STOP,LD,47,5548.1194495,11
random-32-32-10_scen2_offset128_train_132101,random-32-32-10_scen2_offset128_train_132101_B8,8,STOP,LD,LD,C,46,5535.293713,4
random-32-32-10_scen2_offset128_train_132101,random-32-32-10_scen2_offset128_train_132101_B16,16,C,LD,STOP,C,46,5529.959945,16
random-32-32-10_scen2_offset144_train_132102,random-32-32-10_scen2_offset144_train_132102_B8,8,STOP,LD,LD,C,51,5323.4095445,4
random-32-32-10_scen2_offset144_train_132102,random-32-32-10_scen2_offset144_train_132102_B16,16,LD,LD,STOP,LD,51,5311.6548535,16
random-32-32-10_scen2_offset160_train_132103,random-32-32-10_scen2_offset160_train_132103_B8,8,LD,LD,LD,LD,45,5833.5832005,8
random-32-32-10_scen2_offset160_train_132103,random-32-32-10_scen2_offset160_train_132103_B16,16,C,LD,C,C,45,5824.1404365,16
random-32-32-10_scen2_offset176_train_132104,random-32-32-10_scen2_offset176_train_132104_B8,8,STOP,LD,LD,C,43,5664.2470645,4
random-32-32-10_scen2_offset176_train_132104,random-32-32-10_scen2_offset176_train_132104_B16,16,C,LD,STOP,LD,43,5664.7179815,16
random-32-32-10_scen2_offset192_train_132105,random-32-32-10_scen2_offset192_train_132105_B8,8,C,C,C,C,42,5936.179347,8
random-32-32-10_scen2_offset192_train_132105,random-32-32-10_scen2_offset192_train_132105_B16,16,C,C,STOP,C,42,5919.558378,16
random-32-32-10_scen2_offset208_train_132106,random-32-32-10_scen2_offset208_train_132106_B8,8,LD,LD,LD,LD,38,6055.468871,8
random-32-32-10_scen2_offset208_train_132106,random-32-32-10_scen2_offset208_train_132106_B16,16,STOP,LD,STOP,LD,38,6055.468871,8
