world,family_key,split,map,scenario,offset,seed,budget,policy,selected_option,tasks,queries,remaining,T_lower,T_upper,J_lower,J_upper,requested_interventions,actual_interventions,unreached_interventions,inference_calls,selector_scoring_ns,skip_installs,skip_clears,service_sha256,error
random-32-32-10_scen2_offset64_train_122103_B8,random-32-32-10_scen2_offset64_train_122103,train,random-32-32-10,random-32-32-10-random-2.scen,64,122103,8,macro_L,L,44,8,0,1442226103/250000,721113057/125000,89396386943/2048125000,178792773897/4096250000,1,1,0,0,0,1,1,fb114835e44d2a06a37a74b96df43f5ff54576967f46a7d2a6cc00a08b59591e,
empty-32-32_scen2_offset64_test_121301_B16,empty-32-32_scen2_offset64_test_121301,test,empty-32-32,empty-32-32-random-2.scen,64,121301,16,tasks_only,C,42,12,4,5555361297/1000000,5555361339/1000000,682614638661/16385000000,682614638703/16385000000,0,0,0,1,34098,0,0,6f112ff88a49d736a5b453e5cc79509aa389c0355cc79aa9eed1cd3062b36af8,
random-32-32-10_scen2_offset80_calibration_122201_B16,random-32-32-10_scen2_offset80_calibration_122201,calibration,random-32-32-10,random-32-32-10-random-2.scen,80,122201,16,macro_L,L,37,16,0,1532010689/250000,6128042793/1000000,600116957207/16385000000,150029239311/4096250000,1,1,0,0,0,1,1,3f9db394a461e4ab9b0a2115b9737ba2984a3053efbef5c70e56f8cf1aa3add9,
empty-32-32_scen2_offset16_train_121102_B8,empty-32-32_scen2_offset16_train_121102,train,empty-32-32,empty-32-32-random-2.scen,16,121102,8,macro_ED,ED,45,8,0,5598603211/1000000,1119720651/200000,146345279349/3277000000,731726396789/16385000000,2,2,0,0,0,2,2,e816b34de7b1398a3a6b2217725677035ed08f4248f5fd6bbd86ccf6a24c3546,
empty-32-32_scen2_offset80_test_121302_B16,empty-32-32_scen2_offset80_test_121302,test,empty-32-32,empty-32-32-random-2.scen,80,121302,16,condition,C,43,12,4,5502030333/1000000,687753797/125000,87381621203/2048125000,699052969667/16385000000,0,0,0,0,0,0,0,6cabda3719d4fd84f754ff4d808c76462694d20a38bf08e55ec056e5f02cbd97,
empty-32-32_scen2_offset0_train_121101_B16,empty-32-32_scen2_offset0_train_121101,train,empty-32-32,empty-32-32-random-2.scen,0,121101,16,macro_E,E,38,16,0,6217254119/1000000,6217254157/1000000,616412745843/16385000000,616412745881/16385000000,1,1,0,0,0,1,1,584df7489f58e4b7cb6de25353fbbb055da49af1180cc459b21c250366ab5509,
empty-32-32_scen2_offset16_train_121102_B16,empty-32-32_scen2_offset16_train_121102,train,empty-32-32,empty-32-32-random-2.scen,16,121102,16,macro_C,C,45,16,0,5585068093/1000000,5585068137/1000000,731739931863/16385000000,731739931907/16385000000,0,0,0,0,0,0,0,9da5b0b6a3847219c3e2289245ebd3aafea0c337a819c10c14bd0aebb57c37bc,
empty-32-32_scen2_offset64_test_121301_B8,empty-32-32_scen2_offset64_test_121301,test,empty-32-32,empty-32-32-random-2.scen,64,121301,8,budget_lookup,W,42,0,8,2784621467/500000,174038843/31250,21331273657/512031250,341300378533/8192500000,0,0,0,0,0,0,0,21f233e180edb5028720df3c13fa2ec6947b2e79ed4828a339b4bf1695c735f1,
random-32-32-10_scen2_offset80_calibration_122201_B8,random-32-32-10_scen2_offset80_calibration_122201,calibration,random-32-32-10,random-32-32-10-random-2.scen,80,122201,8,macro_E,E,37,8,0,384977537/62500,6159640629/1000000,20692598599/565000000,37505334963/1024062500,1,1,0,0,0,1,1,18e4a087bd9e0af8d71782d6f540374151d9fb72fa712c934d4f33c9eb4139da,
empty-32-32_scen2_offset64_test_121301_B16,empty-32-32_scen2_offset64_test_121301,test,empty-32-32,empty-32-32-random-2.scen,64,121301,16,nobudget,C,42,12,4,5555361297/1000000,5555361339/1000000,682614638661/16385000000,682614638703/16385000000,0,0,0,1,85827,0,0,6f112ff88a49d736a5b453e5cc79509aa389c0355cc79aa9eed1cd3062b36af8,
empty-32-32_scen2_offset0_train_121101_B8,empty-32-32_scen2_offset0_train_121101,train,empty-32-32,empty-32-32-random-2.scen,0,121101,8,macro_E,E,38,8,0,3109844639/500000,1554922329/250000,154102577671/4096250000,308205155361/8192500000,1,1,0,0,0,1,1,a8aa39d89bd53ae55d05153b83ffd08d1dd4a6ca1cc2cbf69bac0ef2d06c6176,
empty-32-32_scen2_offset0_train_121101_B8,empty-32-32_scen2_offset0_train_121101,train,empty-32-32,empty-32-32-random-2.scen,0,121101,8,macro_C,C,38,8,0,3109844639/500000,1554922329/250000,154102577671/4096250000,308205155361/8192500000,0,0,0,0,0,0,0,a8aa39d89bd53ae55d05153b83ffd08d1dd4a6ca1cc2cbf69bac0ef2d06c6176,
random-32-32-10_scen2_offset96_test_122301_B8,random-32-32-10_scen2_offset96_test_122301,test,random-32-32-10,random-32-32-10-random-2.scen,96,122301,8,nohistory,C,45,8,0,5618478613/1000000,5618478657/1000000,731706521343/16385000000,731706521387/16385000000,0,0,0,1,65681,0,0,c3510ef1debe586044c623c5fa8f51543a9d8a9187c593b685f485f87c0107e1,
random-32-32-10_scen2_offset48_train_122102_B16,random-32-32-10_scen2_offset48_train_122102,train,random-32-32-10,random-32-32-10-random-2.scen,48,122102,16,macro_ED,ED,54,16,0,5281322541/1000000,165041331/31250,27484646169/512031250,879508677459/16385000000,2,2,0,0,0,2,2,524e171bab5f64278c59ff627b80401c6c0495aad7f70bf8b86718f1c5e663e5,
empty-32-32_scen2_offset48_calibration_121201_B8,empty-32-32_scen2_offset48_calibration_121201,calibration,empty-32-32,empty-32-32-random-2.scen,48,121201,8,macro_L,L,46,8,0,5388265253/1000000,336766581/62500,46770108419/1024062500,748321734747/16385000000,1,1,0,0,0,1,1,ec1ae75ac3ac78b628493e4b1a9162a3b611a7e94b20829eb0e4855d6f22cbd2,
random-32-32-10_scen2_offset48_train_122102_B16,random-32-32-10_scen2_offset48_train_122102,train,random-32-32-10,random-32-32-10-random-2.scen,48,122102,16,macro_W,W,54,0,16,5283174257/1000000,1320793577/250000,219876706423/4096250000,879506825743/16385000000,0,0,0,0,0,0,0,6c5776269d4c4f422903ea3acc7b7aa9459c049e0dce882b31b77c4c25b55e09,
random-32-32-10_scen2_offset96_test_122301_B16,random-32-32-10_scen2_offset96_test_122301,test,random-32-32-10,random-32-32-10-random-2.scen,96,122301,16,tasks_only,C,45,16,0,5617895171/1000000,1123579043/200000,146341420957/3277000000,731707104829/16385000000,0,0,0,1,31408,0,0,809814e0e2cb20b769ada99d1430f4921e1d4a7ee82c08ec12683a45e16cdd81,
empty-32-32_scen2_offset80_test_121302_B8,empty-32-32_scen2_offset80_test_121302,test,empty-32-32,empty-32-32-random-2.scen,80,121302,8,condition,C,43,8,0,5502030333/1000000,687753797/125000,87381621203/2048125000,699052969667/16385000000,0,0,0,0,0,0,0,6cabda3719d4fd84f754ff4d808c76462694d20a38bf08e55ec056e5f02cbd97,
random-32-32-10_scen2_offset80_calibration_122201_B8,random-32-32-10_scen2_offset80_calibration_122201,calibration,random-32-32-10,random-32-32-10-random-2.scen,80,122201,8,macro_W,W,37,0,8,6124438449/1000000,3062219243/500000,10346906233/282500000,600120561551/16385000000,0,0,0,0,0,0,0,bb3bb698084938de3b1e2cbcf6077acb38f558dd20599fb87c9f597f02fb3636,
empty-32-32_scen2_offset16_train_121102_B16,empty-32-32_scen2_offset16_train_121102,train,empty-32-32,empty-32-32-random-2.scen,16,121102,16,macro_LD,LD,45,16,0,1396104871/250000,698052441/125000,91467572559/2048125000,182935145129/4096250000,2,2,0,0,0,2,2,449ed9f61e755c42c54ef2fb0823270d39baa3f5acceda2ba4e38a32bcbc14b2,
random-32-32-10_scen2_offset112_test_122302_B16,random-32-32-10_scen2_offset112_test_122302,test,random-32-32-10,random-32-32-10-random-2.scen,112,122302,16,nobudget,C,40,16,0,1464231619/250000,1171385303/200000,129908614697/3277000000,162385768381/4096250000,0,0,0,1,80974,0,0,f88aea466ca4c50e49f3bc1359b8243201c0dde1d5536335209be37065878830,
empty-32-32_scen2_offset48_calibration_121201_B16,empty-32-32_scen2_offset48_calibration_121201,calibration,empty-32-32,empty-32-32-random-2.scen,48,121201,16,macro_ED,ED,46,14,2,5407518837/1000000,33796993/6250,4676890507/102406250,6622145851/145000000,2,2,0,0,0,2,2,5be08cd0883ff95ba02b9427c50c9f378936dd5c122fd5026b67eee125cdd305,
empty-32-32_scen2_offset80_test_121302_B16,empty-32-32_scen2_offset80_test_121302,test,empty-32-32,empty-32-32-random-2.scen,80,121302,16,nohistory,C,43,12,4,5502030333/1000000,687753797/125000,87381621203/2048125000,699052969667/16385000000,0,0,0,1,66007,0,0,6cabda3719d4fd84f754ff4d808c76462694d20a38bf08e55ec056e5f02cbd97,
random-32-32-10_scen2_offset96_test_122301_B16,random-32-32-10_scen2_offset96_test_122301,test,random-32-32-10,random-32-32-10-random-2.scen,96,122301,16,nobudget,C,45,16,0,5617895171/1000000,1123579043/200000,146341420957/3277000000,731707104829/16385000000,0,0,0,1,86473,0,0,809814e0e2cb20b769ada99d1430f4921e1d4a7ee82c08ec12683a45e16cdd81,
empty-32-32_scen2_offset48_calibration_121201_B16,empty-32-32_scen2_offset48_calibration_121201,calibration,empty-32-32,empty-32-32-random-2.scen,48,121201,16,macro_L,L,46,15,1,5388265253/1000000,336766581/62500,46770108419/1024062500,748321734747/16385000000,1,1,0,0,0,1,1,de1b54c35ebdb24c2cb5bfd3712637468de2b6f7258baeb9b8e72aa7ca59d97e,
random-32-32-10_scen2_offset64_train_122103_B16,random-32-32-10_scen2_offset64_train_122103,train,random-32-32-10,random-32-32-10-random-2.scen,64,122103,16,macro_C,C,44,16,0,1442226103/250000,721113057/125000,89396386943/2048125000,178792773897/4096250000,0,0,0,0,0,0,0,fb114835e44d2a06a37a74b96df43f5ff54576967f46a7d2a6cc00a08b59591e,
random-32-32-10_scen2_offset64_train_122103_B16,random-32-32-10_scen2_offset64_train_122103,train,random-32-32-10,random-32-32-10-random-2.scen,64,122103,16,macro_W,W,44,0,16,1442226103/250000,721113057/125000,89396386943/2048125000,178792773897/4096250000,0,0,0,0,0,0,0,fb114835e44d2a06a37a74b96df43f5ff54576967f46a7d2a6cc00a08b59591e,
random-32-32-10_scen2_offset112_test_122302_B8,random-32-32-10_scen2_offset112_test_122302,test,random-32-32-10,random-32-32-10-random-2.scen,112,122302,8,condition,C,40,8,0,5867463677/1000000,1466865929/250000,162383134071/4096250000,649532536323/16385000000,0,0,0,0,0,0,0,88b3ae43b47314b435b19a8856dfc4ddf860cd1f01e4a6fa5f797640c89d5e8d,
random-32-32-10_scen2_offset48_train_122102_B16,random-32-32-10_scen2_offset48_train_122102,train,random-32-32-10,random-32-32-10-random-2.scen,48,122102,16,macro_E,E,54,16,0,5281322541/1000000,165041331/31250,27484646169/512031250,879508677459/16385000000,1,1,0,0,0,1,1,524e171bab5f64278c59ff627b80401c6c0495aad7f70bf8b86718f1c5e663e5,
random-32-32-10_scen2_offset32_train_122101_B8,random-32-32-10_scen2_offset32_train_122101,train,random-32-32-10,random-32-32-10-random-2.scen,32,122101,8,macro_ED,ED,40,8,0,2955556081/500000,2955556101/500000,324744443899/8192500000,324744443919/8192500000,2,2,0,0,0,2,2,15f471e1fcfda961be5e324bbbc3b920f080469595eb779147548808d2cf7ae1,
empty-32-32_scen2_offset0_train_121101_B16,empty-32-32_scen2_offset0_train_121101,train,empty-32-32,empty-32-32-random-2.scen,0,121101,16,macro_LD,LD,38,16,0,3107054213/500000,388381779/62500,38525993221/1024062500,308207945787/8192500000,2,2,0,0,0,2,2,9ad54dc9fe62e69e671987444db522edf4db14b4e2907c4c4a52d20f438172fc,
empty-32-32_scen2_offset48_calibration_121201_B8,empty-32-32_scen2_offset48_calibration_121201,calibration,empty-32-32,empty-32-32-random-2.scen,48,121201,8,macro_ED,ED,46,8,0,5407518837/1000000,33796993/6250,4676890507/102406250,6622145851/145000000,2,2,0,0,0,2,2,71cf6317ec5264f878a4164f4c64459706316c7390c42ddad77e0046aeb83167,
empty-32-32_scen2_offset80_test_121302_B8,empty-32-32_scen2_offset80_test_121302,test,empty-32-32,empty-32-32-random-2.scen,80,121302,8,tasks_only,C,43,8,0,5502030333/1000000,687753797/125000,87381621203/2048125000,699052969667/16385000000,0,0,0,1,30785,0,0,6cabda3719d4fd84f754ff4d808c76462694d20a38bf08e55ec056e5f02cbd97,
empty-32-32_scen2_offset32_train_121103_B8,empty-32-32_scen2_offset32_train_121103,train,empty-32-32,empty-32-32-random-2.scen,32,121103,8,macro_LD,LD,40,8,0,1409497011/250000,1409497021/250000,162440502979/4096250000,162440502989/4096250000,2,2,0,0,0,2,2,bd0e453ffedc016b0a38d970644a0c94455d441eb21d7ba6b010c3fcc97a09c2,
empty-32-32_scen2_offset16_train_121102_B16,empty-32-32_scen2_offset16_train_121102,train,empty-32-32,empty-32-32-random-2.scen,16,121102,16,macro_E,E,45,16,0,1396104871/250000,698052441/125000,91467572559/2048125000,182935145129/4096250000,1,1,0,0,0,1,1,449ed9f61e755c42c54ef2fb0823270d39baa3f5acceda2ba4e38a32bcbc14b2,
empty-32-32_scen2_offset0_train_121101_B8,empty-32-32_scen2_offset0_train_121101,train,empty-32-32,empty-32-32-random-2.scen,0,121101,8,macro_W,W,38,0,8,3109844639/500000,1554922329/250000,154102577671/4096250000,308205155361/8192500000,0,0,0,0,0,0,0,a8aa39d89bd53ae55d05153b83ffd08d1dd4a6ca1cc2cbf69bac0ef2d06c6176,
empty-32-32_scen2_offset16_train_121102_B8,empty-32-32_scen2_offset16_train_121102,train,empty-32-32,empty-32-32-random-2.scen,16,121102,8,macro_E,E,45,8,0,5598603211/1000000,1119720651/200000,146345279349/3277000000,731726396789/16385000000,1,1,0,0,0,1,1,e816b34de7b1398a3a6b2217725677035ed08f4248f5fd6bbd86ccf6a24c3546,
random-32-32-10_scen2_offset32_train_122101_B16,random-32-32-10_scen2_offset32_train_122101,train,random-32-32-10,random-32-32-10-random-2.scen,32,122101,16,macro_ED,ED,40,16,0,5906209661/1000000,5906209701/1000000,649493790299/16385000000,649493790339/16385000000,2,2,0,0,0,2,2,38f1b62901aa84ebeea707f318b6baf20d872411c71a8db504eec7095ce4437b,
random-32-32-10_scen2_offset112_test_122302_B16,random-32-32-10_scen2_offset112_test_122302,test,random-32-32-10,random-32-32-10-random-2.scen,112,122302,16,condition,C,40,16,0,1464231619/250000,1171385303/200000,129908614697/3277000000,162385768381/4096250000,0,0,0,0,0,0,0,f88aea466ca4c50e49f3bc1359b8243201c0dde1d5536335209be37065878830,
random-32-32-10_scen2_offset32_train_122101_B8,random-32-32-10_scen2_offset32_train_122101,train,random-32-32-10,random-32-32-10-random-2.scen,32,122101,8,macro_W,W,40,0,8,2951756917/500000,2951756937/500000,324748243063/8192500000,324748243083/8192500000,0,0,0,0,0,0,0,9390679572ce06101a124976aeee9fdb46d2886699a37e63ead8bfa02ba27e89,
random-32-32-10_scen2_offset112_test_122302_B16,random-32-32-10_scen2_offset112_test_122302,test,random-32-32-10,random-32-32-10-random-2.scen,112,122302,16,nohistory,C,40,16,0,1464231619/250000,1171385303/200000,129908614697/3277000000,162385768381/4096250000,0,0,0,1,58118,0,0,f88aea466ca4c50e49f3bc1359b8243201c0dde1d5536335209be37065878830,
random-32-32-10_scen2_offset80_calibration_122201_B16,random-32-32-10_scen2_offset80_calibration_122201,calibration,random-32-32-10,random-32-32-10-random-2.scen,80,122201,16,macro_W,W,37,0,16,6124438449/1000000,3062219243/500000,10346906233/282500000,600120561551/16385000000,0,0,0,0,0,0,0,bb3bb698084938de3b1e2cbcf6077acb38f558dd20599fb87c9f597f02fb3636,
empty-32-32_scen2_offset0_train_121101_B16,empty-32-32_scen2_offset0_train_121101,train,empty-32-32,empty-32-32-random-2.scen,0,121101,16,macro_W,W,38,0,16,3109844639/500000,1554922329/250000,154102577671/4096250000,308205155361/8192500000,0,0,0,0,0,0,0,a8aa39d89bd53ae55d05153b83ffd08d1dd4a6ca1cc2cbf69bac0ef2d06c6176,
empty-32-32_scen2_offset16_train_121102_B8,empty-32-32_scen2_offset16_train_121102,train,empty-32-32,empty-32-32-random-2.scen,16,121102,8,macro_W,W,45,0,8,5598603211/1000000,1119720651/200000,146345279349/3277000000,731726396789/16385000000,0,0,0,0,0,0,0,e816b34de7b1398a3a6b2217725677035ed08f4248f5fd6bbd86ccf6a24c3546,
random-32-32-10_scen2_offset64_train_122103_B8,random-32-32-10_scen2_offset64_train_122103,train,random-32-32-10,random-32-32-10-random-2.scen,64,122103,8,macro_W,W,44,0,8,1442226103/250000,721113057/125000,89396386943/2048125000,178792773897/4096250000,0,0,0,0,0,0,0,fb114835e44d2a06a37a74b96df43f5ff54576967f46a7d2a6cc00a08b59591e,
empty-32-32_scen2_offset80_test_121302_B16,empty-32-32_scen2_offset80_test_121302,test,empty-32-32,empty-32-32-random-2.scen,80,121302,16,nobudget,C,43,12,4,5502030333/1000000,687753797/125000,87381621203/2048125000,699052969667/16385000000,0,0,0,1,85532,0,0,6cabda3719d4fd84f754ff4d808c76462694d20a38bf08e55ec056e5f02cbd97,
empty-32-32_scen2_offset64_test_121301_B16,empty-32-32_scen2_offset64_test_121301,test,empty-32-32,empty-32-32-random-2.scen,64,121301,16,WAIT,W,42,0,16,2784621467/500000,174038843/31250,21331273657/512031250,341300378533/8192500000,0,0,0,0,0,0,0,21f233e180edb5028720df3c13fa2ec6947b2e79ed4828a339b4bf1695c735f1,
empty-32-32_scen2_offset0_train_121101_B8,empty-32-32_scen2_offset0_train_121101,train,empty-32-32,empty-32-32-random-2.scen,0,121101,8,macro_LD,LD,38,8,0,3109844639/500000,1554922329/250000,154102577671/4096250000,308205155361/8192500000,2,2,0,0,0,2,2,a8aa39d89bd53ae55d05153b83ffd08d1dd4a6ca1cc2cbf69bac0ef2d06c6176,
random-32-32-10_scen2_offset112_test_122302_B8,random-32-32-10_scen2_offset112_test_122302,test,random-32-32-10,random-32-32-10-random-2.scen,112,122302,8,full,C,40,8,0,5867463677/1000000,1466865929/250000,162383134071/4096250000,649532536323/16385000000,0,0,0,1,95627,0,0,88b3ae43b47314b435b19a8856dfc4ddf860cd1f01e4a6fa5f797640c89d5e8d,
empty-32-32_scen2_offset64_test_121301_B16,empty-32-32_scen2_offset64_test_121301,test,empty-32-32,empty-32-32-random-2.scen,64,121301,16,budget_lookup,LD,42,10,6,5555361297/1000000,5555361339/1000000,682614638661/16385000000,682614638703/16385000000,2,2,0,0,0,2,2,6f112ff88a49d736a5b453e5cc79509aa389c0355cc79aa9eed1cd3062b36af8,
empty-32-32_scen2_offset64_test_121301_B8,empty-32-32_scen2_offset64_test_121301,test,empty-32-32,empty-32-32-random-2.scen,64,121301,8,condition,C,42,8,0,5555361297/1000000,5555361339/1000000,682614638661/16385000000,682614638703/16385000000,0,0,0,0,0,0,0,6f112ff88a49d736a5b453e5cc79509aa389c0355cc79aa9eed1cd3062b36af8,
random-32-32-10_scen2_offset96_test_122301_B16,random-32-32-10_scen2_offset96_test_122301,test,random-32-32-10,random-32-32-10-random-2.scen,96,122301,16,full,C,45,16,0,5617895171/1000000,1123579043/200000,146341420957/3277000000,731707104829/16385000000,0,0,0,1,92397,0,0,809814e0e2cb20b769ada99d1430f4921e1d4a7ee82c08ec12683a45e16cdd81,
empty-32-32_scen2_offset32_train_121103_B16,empty-32-32_scen2_offset32_train_121103,train,empty-32-32,empty-32-32-random-2.scen,32,121103,16,macro_E,E,40,16,0,2818702301/500000,2818702321/500000,324881297679/8192500000,324881297699/8192500000,1,1,0,0,0,1,1,ff3bdc81baea637f8d3fb576c991834c8bf07e08b8ed1c03fa45961a7d2c2db5,
empty-32-32_scen2_offset0_train_121101_B16,empty-32-32_scen2_offset0_train_121101,train,empty-32-32,empty-32-32-random-2.scen,0,121101,16,macro_C,C,38,16,0,6217254119/1000000,6217254157/1000000,616412745843/16385000000,616412745881/16385000000,0,0,0,0,0,0,0,584df7489f58e4b7cb6de25353fbbb055da49af1180cc459b21c250366ab5509,
empty-32-32_scen2_offset0_train_121101_B16,empty-32-32_scen2_offset0_train_121101,train,empty-32-32,empty-32-32-random-2.scen,0,121101,16,macro_ED,ED,38,16,0,6217254119/1000000,6217254157/1000000,616412745843/16385000000,616412745881/16385000000,2,2,0,0,0,2,2,584df7489f58e4b7cb6de25353fbbb055da49af1180cc459b21c250366ab5509,
random-32-32-10_scen2_offset112_test_122302_B8,random-32-32-10_scen2_offset112_test_122302,test,random-32-32-10,random-32-32-10-random-2.scen,112,122302,8,nohistory,C,40,8,0,5867463677/1000000,1466865929/250000,162383134071/4096250000,649532536323/16385000000,0,0,0,1,63378,0,0,88b3ae43b47314b435b19a8856dfc4ddf860cd1f01e4a6fa5f797640c89d5e8d,
empty-32-32_scen2_offset64_test_121301_B8,empty-32-32_scen2_offset64_test_121301,test,empty-32-32,empty-32-32-random-2.scen,64,121301,8,WAIT,W,42,0,8,2784621467/500000,174038843/31250,21331273657/512031250,341300378533/8192500000,0,0,0,0,0,0,0,21f233e180edb5028720df3c13fa2ec6947b2e79ed4828a339b4bf1695c735f1,
empty-32-32_scen2_offset80_test_121302_B16,empty-32-32_scen2_offset80_test_121302,test,empty-32-32,empty-32-32-random-2.scen,80,121302,16,tasks_only,C,43,12,4,5502030333/1000000,687753797/125000,87381621203/2048125000,699052969667/16385000000,0,0,0,1,30576,0,0,6cabda3719d4fd84f754ff4d808c76462694d20a38bf08e55ec056e5f02cbd97,
random-32-32-10_scen2_offset32_train_122101_B8,random-32-32-10_scen2_offset32_train_122101,train,random-32-32-10,random-32-32-10-random-2.scen,32,122101,8,macro_L,L,40,8,0,1182193453/200000,1182193461/200000,129897806539/3277000000,129897806547/3277000000,1,1,0,0,0,1,1,e985ca0d9762a47595b0c06a9426f7b6c3151af164136781f04d297ea8ebf2bd,
random-32-32-10_scen2_offset112_test_122302_B8,random-32-32-10_scen2_offset112_test_122302,test,random-32-32-10,random-32-32-10-random-2.scen,112,122302,8,tasks_only,C,40,8,0,5867463677/1000000,1466865929/250000,162383134071/4096250000,649532536323/16385000000,0,0,0,1,32275,0,0,88b3ae43b47314b435b19a8856dfc4ddf860cd1f01e4a6fa5f797640c89d5e8d,
empty-32-32_scen2_offset16_train_121102_B16,empty-32-32_scen2_offset16_train_121102,train,empty-32-32,empty-32-32-random-2.scen,16,121102,16,macro_ED,ED,45,16,0,1396104871/250000,698052441/125000,91467572559/2048125000,182935145129/4096250000,2,2,0,0,0,2,2,449ed9f61e755c42c54ef2fb0823270d39baa3f5acceda2ba4e38a32bcbc14b2,
random-32-32-10_scen2_offset64_train_122103_B8,random-32-32-10_scen2_offset64_train_122103,train,random-32-32-10,random-32-32-10-random-2.scen,64,122103,8,macro_LD,LD,44,8,0,1442226103/250000,721113057/125000,89396386943/2048125000,178792773897/4096250000,2,2,0,0,0,2,2,fb114835e44d2a06a37a74b96df43f5ff54576967f46a7d2a6cc00a08b59591e,
random-32-32-10_scen2_offset48_train_122102_B16,random-32-32-10_scen2_offset48_train_122102,train,random-32-32-10,random-32-32-10-random-2.scen,48,122102,16,macro_LD,LD,54,16,0,5281322541/1000000,165041331/31250,27484646169/512031250,879508677459/16385000000,2,2,0,0,0,2,2,524e171bab5f64278c59ff627b80401c6c0495aad7f70bf8b86718f1c5e663e5,
empty-32-32_scen2_offset32_train_121103_B8,empty-32-32_scen2_offset32_train_121103,train,empty-32-32,empty-32-32-random-2.scen,32,121103,8,macro_ED,ED,40,8,0,1409497011/250000,1409497021/250000,162440502979/4096250000,162440502989/4096250000,2,2,0,0,0,2,2,bd0e453ffedc016b0a38d970644a0c94455d441eb21d7ba6b010c3fcc97a09c2,
empty-32-32_scen2_offset80_test_121302_B8,empty-32-32_scen2_offset80_test_121302,test,empty-32-32,empty-32-32-random-2.scen,80,121302,8,full,C,43,8,0,5502030333/1000000,687753797/125000,87381621203/2048125000,699052969667/16385000000,0,0,0,1,89162,0,0,6cabda3719d4fd84f754ff4d808c76462694d20a38bf08e55ec056e5f02cbd97,
empty-32-32_scen2_offset16_train_121102_B16,empty-32-32_scen2_offset16_train_121102,train,empty-32-32,empty-32-32-random-2.scen,16,121102,16,macro_L,L,45,16,0,5585068093/1000000,5585068137/1000000,731739931863/16385000000,731739931907/16385000000,1,1,0,0,0,1,1,9da5b0b6a3847219c3e2289245ebd3aafea0c337a819c10c14bd0aebb57c37bc,
empty-32-32_scen2_offset16_train_121102_B8,empty-32-32_scen2_offset16_train_121102,train,empty-32-32,empty-32-32-random-2.scen,16,121102,8,macro_L,L,45,8,0,5598603211/1000000,1119720651/200000,146345279349/3277000000,731726396789/16385000000,1,1,0,0,0,1,1,e816b34de7b1398a3a6b2217725677035ed08f4248f5fd6bbd86ccf6a24c3546,
random-32-32-10_scen2_offset64_train_122103_B8,random-32-32-10_scen2_offset64_train_122103,train,random-32-32-10,random-32-32-10-random-2.scen,64,122103,8,macro_ED,ED,44,8,0,1442226103/250000,721113057/125000,89396386943/2048125000,178792773897/4096250000,2,2,0,0,0,2,2,fb114835e44d2a06a37a74b96df43f5ff54576967f46a7d2a6cc00a08b59591e,
random-32-32-10_scen2_offset64_train_122103_B8,random-32-32-10_scen2_offset64_train_122103,train,random-32-32-10,random-32-32-10-random-2.scen,64,122103,8,macro_C,C,44,8,0,1442226103/250000,721113057/125000,89396386943/2048125000,178792773897/4096250000,0,0,0,0,0,0,0,fb114835e44d2a06a37a74b96df43f5ff54576967f46a7d2a6cc00a08b59591e,
random-32-32-10_scen2_offset64_train_122103_B16,random-32-32-10_scen2_offset64_train_122103,train,random-32-32-10,random-32-32-10-random-2.scen,64,122103,16,macro_E,E,44,16,0,1442226103/250000,721113057/125000,89396386943/2048125000,178792773897/4096250000,1,1,0,0,0,1,1,fb114835e44d2a06a37a74b96df43f5ff54576967f46a7d2a6cc00a08b59591e,
empty-32-32_scen2_offset48_calibration_121201_B8,empty-32-32_scen2_offset48_calibration_121201,calibration,empty-32-32,empty-32-32-random-2.scen,48,121201,8,macro_LD,LD,46,8,0,5388265253/1000000,336766581/62500,46770108419/1024062500,748321734747/16385000000,2,2,0,0,0,2,2,ec1ae75ac3ac78b628493e4b1a9162a3b611a7e94b20829eb0e4855d6f22cbd2,
empty-32-32_scen2_offset32_train_121103_B8,empty-32-32_scen2_offset32_train_121103,train,empty-32-32,empty-32-32-random-2.scen,32,121103,8,macro_C,C,40,8,0,5638636653/1000000,5638636693/1000000,649761363307/16385000000,649761363347/16385000000,0,0,0,0,0,0,0,24cd8cbc2969fdc9e36afed2a4d5e49cd25613fee7544a4b701e680e2d39f077,
random-32-32-10_scen2_offset48_train_122102_B8,random-32-32-10_scen2_offset48_train_122102,train,random-32-32-10,random-32-32-10-random-2.scen,48,122102,8,macro_W,W,54,0,8,5283174257/1000000,1320793577/250000,219876706423/4096250000,879506825743/16385000000,0,0,0,0,0,0,0,6c5776269d4c4f422903ea3acc7b7aa9459c049e0dce882b31b77c4c25b55e09,
random-32-32-10_scen2_offset96_test_122301_B8,random-32-32-10_scen2_offset96_test_122301,test,random-32-32-10,random-32-32-10-random-2.scen,96,122301,8,tasks_only,C,45,8,0,5618478613/1000000,5618478657/1000000,731706521343/16385000000,731706521387/16385000000,0,0,0,1,30737,0,0,c3510ef1debe586044c623c5fa8f51543a9d8a9187c593b685f485f87c0107e1,
empty-32-32_scen2_offset16_train_121102_B8,empty-32-32_scen2_offset16_train_121102,train,empty-32-32,empty-32-32-random-2.scen,16,121102,8,macro_C,C,45,8,0,5598603211/1000000,1119720651/200000,146345279349/3277000000,731726396789/16385000000,0,0,0,0,0,0,0,e816b34de7b1398a3a6b2217725677035ed08f4248f5fd6bbd86ccf6a24c3546,
random-32-32-10_scen2_offset64_train_122103_B8,random-32-32-10_scen2_offset64_train_122103,train,random-32-32-10,random-32-32-10-random-2.scen,64,122103,8,macro_E,E,44,8,0,1442226103/250000,721113057/125000,89396386943/2048125000,178792773897/4096250000,1,1,0,0,0,1,1,fb114835e44d2a06a37a74b96df43f5ff54576967f46a7d2a6cc00a08b59591e,
empty-32-32_scen2_offset80_test_121302_B16,empty-32-32_scen2_offset80_test_121302,test,empty-32-32,empty-32-32-random-2.scen,80,121302,16,budget_lookup,LD,43,10,6,5502030333/1000000,687753797/125000,87381621203/2048125000,699052969667/16385000000,2,2,0,0,0,2,2,6cabda3719d4fd84f754ff4d808c76462694d20a38bf08e55ec056e5f02cbd97,
empty-32-32_scen2_offset64_test_121301_B8,empty-32-32_scen2_offset64_test_121301,test,empty-32-32,empty-32-32-random-2.scen,64,121301,8,tasks_only,C,42,8,0,5555361297/1000000,5555361339/1000000,682614638661/16385000000,682614638703/16385000000,0,0,0,1,28955,0,0,6f112ff88a49d736a5b453e5cc79509aa389c0355cc79aa9eed1cd3062b36af8,
random-32-32-10_scen2_offset80_calibration_122201_B16,random-32-32-10_scen2_offset80_calibration_122201,calibration,random-32-32-10,random-32-32-10-random-2.scen,80,122201,16,macro_LD,LD,37,16,0,6150631357/1000000,3075315697/500000,300047184303/8192500000,600094368643/16385000000,2,2,0,0,0,2,2,ebf94f2d5a59680e31297f8a34ca2439e65998676cfdc6bcfc5d45d6d5bda06d,
random-32-32-10_scen2_offset32_train_122101_B16,random-32-32-10_scen2_offset32_train_122101,train,random-32-32-10,random-32-32-10-random-2.scen,32,122101,16,macro_W,W,40,0,16,2951756917/500000,2951756937/500000,324748243063/8192500000,324748243083/8192500000,0,0,0,0,0,0,0,9390679572ce06101a124976aeee9fdb46d2886699a37e63ead8bfa02ba27e89,
empty-32-32_scen2_offset32_train_121103_B16,empty-32-32_scen2_offset32_train_121103,train,empty-32-32,empty-32-32-random-2.scen,32,121103,16,macro_ED,ED,40,16,0,2818702301/500000,2818702321/500000,324881297679/8192500000,324881297699/8192500000,2,2,0,0,0,2,2,ff3bdc81baea637f8d3fb576c991834c8bf07e08b8ed1c03fa45961a7d2c2db5,
empty-32-32_scen2_offset48_calibration_121201_B16,empty-32-32_scen2_offset48_calibration_121201,calibration,empty-32-32,empty-32-32-random-2.scen,48,121201,16,macro_W,W,46,0,16,2704083723/500000,5408167489/1000000,748301832511/16385000000,374150916277/8192500000,0,0,0,0,0,0,0,3929f9898d3fcf9dbb0dd87f251e34c0c522ce189f1924c6d99fa0fae47116ed,
random-32-32-10_scen2_offset96_test_122301_B16,random-32-32-10_scen2_offset96_test_122301,test,random-32-32-10,random-32-32-10-random-2.scen,96,122301,16,budget_lookup,LD,45,16,0,5617895171/1000000,1123579043/200000,146341420957/3277000000,731707104829/16385000000,2,2,0,0,0,2,2,809814e0e2cb20b769ada99d1430f4921e1d4a7ee82c08ec12683a45e16cdd81,
random-32-32-10_scen2_offset32_train_122101_B16,random-32-32-10_scen2_offset32_train_122101,train,random-32-32-10,random-32-32-10-random-2.scen,32,122101,16,macro_C,C,40,16,0,2955556081/500000,2955556101/500000,324744443899/8192500000,324744443919/8192500000,0,0,0,0,0,0,0,15f471e1fcfda961be5e324bbbc3b920f080469595eb779147548808d2cf7ae1,
empty-32-32_scen2_offset48_calibration_121201_B8,empty-32-32_scen2_offset48_calibration_121201,calibration,empty-32-32,empty-32-32-random-2.scen,48,121201,8,macro_W,W,46,0,8,2704083723/500000,5408167489/1000000,748301832511/16385000000,374150916277/8192500000,0,0,0,0,0,0,0,3929f9898d3fcf9dbb0dd87f251e34c0c522ce189f1924c6d99fa0fae47116ed,
empty-32-32_scen2_offset80_test_121302_B8,empty-32-32_scen2_offset80_test_121302,test,empty-32-32,empty-32-32-random-2.scen,80,121302,8,nohistory,C,43,8,0,5502030333/1000000,687753797/125000,87381621203/2048125000,699052969667/16385000000,0,0,0,1,54381,0,0,6cabda3719d4fd84f754ff4d808c76462694d20a38bf08e55ec056e5f02cbd97,
random-32-32-10_scen2_offset32_train_122101_B8,random-32-32-10_scen2_offset32_train_122101,train,random-32-32-10,random-32-32-10-random-2.scen,32,122101,8,macro_C,C,40,8,0,2955556081/500000,2955556101/500000,324744443899/8192500000,324744443919/8192500000,0,0,0,0,0,0,0,15f471e1fcfda961be5e324bbbc3b920f080469595eb779147548808d2cf7ae1,
empty-32-32_scen2_offset16_train_121102_B16,empty-32-32_scen2_offset16_train_121102,train,empty-32-32,empty-32-32-random-2.scen,16,121102,16,macro_W,W,45,0,16,5598603211/1000000,1119720651/200000,146345279349/3277000000,731726396789/16385000000,0,0,0,0,0,0,0,e816b34de7b1398a3a6b2217725677035ed08f4248f5fd6bbd86ccf6a24c3546,
empty-32-32_scen2_offset48_calibration_121201_B16,empty-32-32_scen2_offset48_calibration_121201,calibration,empty-32-32,empty-32-32-random-2.scen,48,121201,16,macro_LD,LD,46,14,2,5388265253/1000000,336766581/62500,46770108419/1024062500,748321734747/16385000000,2,2,0,0,0,2,2,de1b54c35ebdb24c2cb5bfd3712637468de2b6f7258baeb9b8e72aa7ca59d97e,
empty-32-32_scen2_offset16_train_121102_B8,empty-32-32_scen2_offset16_train_121102,train,empty-32-32,empty-32-32-random-2.scen,16,121102,8,macro_LD,LD,45,8,0,5598603211/1000000,1119720651/200000,146345279349/3277000000,731726396789/16385000000,2,2,0,0,0,2,2,e816b34de7b1398a3a6b2217725677035ed08f4248f5fd6bbd86ccf6a24c3546,
empty-32-32_scen2_offset80_test_121302_B16,empty-32-32_scen2_offset80_test_121302,test,empty-32-32,empty-32-32-random-2.scen,80,121302,16,WAIT,W,43,0,16,1376312929/250000,5505251759/1000000,699049748241/16385000000,174762437071/4096250000,0,0,0,0,0,0,0,c340d293508891f252041fbc284913c3c10f4dbe93d94e921aeb1dda82c5f878,
empty-32-32_scen2_offset32_train_121103_B8,empty-32-32_scen2_offset32_train_121103,train,empty-32-32,empty-32-32-random-2.scen,32,121103,8,macro_W,W,40,0,8,5639321487/1000000,5639321527/1000000,22405540637/565000000,649760678513/16385000000,0,0,0,0,0,0,0,55cd505dbc1b6a521b8dbd48f01a469e48f9e258527835161fff03a02f9bb0e0,
random-32-32-10_scen2_offset96_test_122301_B16,random-32-32-10_scen2_offset96_test_122301,test,random-32-32-10,random-32-32-10-random-2.scen,96,122301,16,WAIT,W,45,0,16,1123812411/200000,5619062099/1000000,731705937901/16385000000,146341187589/3277000000,0,0,0,0,0,0,0,16ef8a214388441999fe7cc0431089cc20e3445f94e90fbf8f58a029b878ad0b,
random-32-32-10_scen2_offset96_test_122301_B8,random-32-32-10_scen2_offset96_test_122301,test,random-32-32-10,random-32-32-10-random-2.scen,96,122301,8,full,C,45,8,0,5618478613/1000000,5618478657/1000000,731706521343/16385000000,731706521387/16385000000,0,0,0,1,97072,0,0,c3510ef1debe586044c623c5fa8f51543a9d8a9187c593b685f485f87c0107e1,
random-32-32-10_scen2_offset80_calibration_122201_B16,random-32-32-10_scen2_offset80_calibration_122201,calibration,random-32-32-10,random-32-32-10-random-2.scen,80,122201,16,macro_ED,ED,37,16,0,6127401429/1000000,3063700733/500000,300058799267/8192500000,600117598571/16385000000,2,2,0,0,0,2,2,45a963a42ae199f1bc2208379f7e7cbba32804e55d4afe5e676637805fb654ed,
empty-32-32_scen2_offset64_test_121301_B8,empty-32-32_scen2_offset64_test_121301,test,empty-32-32,empty-32-32-random-2.scen,64,121301,8,full,C,42,8,0,5555361297/1000000,5555361339/1000000,682614638661/16385000000,682614638703/16385000000,0,0,0,1,74554,0,0,6f112ff88a49d736a5b453e5cc79509aa389c0355cc79aa9eed1cd3062b36af8,
empty-32-32_scen2_offset80_test_121302_B16,empty-32-32_scen2_offset80_test_121302,test,empty-32-32,empty-32-32-random-2.scen,80,121302,16,full,C,43,12,4,5502030333/1000000,687753797/125000,87381621203/2048125000,699052969667/16385000000,0,0,0,1,80915,0,0,6cabda3719d4fd84f754ff4d808c76462694d20a38bf08e55ec056e5f02cbd97,
random-32-32-10_scen2_offset64_train_122103_B16,random-32-32-10_scen2_offset64_train_122103,train,random-32-32-10,random-32-32-10-random-2.scen,64,122103,16,macro_L,L,44,16,0,1442226103/250000,721113057/125000,89396386943/2048125000,178792773897/4096250000,1,1,0,0,0,1,1,fb114835e44d2a06a37a74b96df43f5ff54576967f46a7d2a6cc00a08b59591e,
random-32-32-10_scen2_offset48_train_122102_B8,random-32-32-10_scen2_offset48_train_122102,train,random-32-32-10,random-32-32-10-random-2.scen,48,122102,8,macro_C,C,54,8,0,165080963/31250,5282590867/1000000,879507409133/16385000000,947745053/17656250,0,0,0,0,0,0,0,a24b3131a2a812ff0d68b342f2c6fd4079841b8ae5270c5f79c6b574e2f7dab6,
random-32-32-10_scen2_offset80_calibration_122201_B8,random-32-32-10_scen2_offset80_calibration_122201,calibration,random-32-32-10,random-32-32-10-random-2.scen,80,122201,8,macro_ED,ED,37,8,0,384977537/62500,6159640629/1000000,20692598599/565000000,37505334963/1024062500,2,2,0,0,0,2,2,18e4a087bd9e0af8d71782d6f540374151d9fb72fa712c934d4f33c9eb4139da,
random-32-32-10_scen2_offset48_train_122102_B16,random-32-32-10_scen2_offset48_train_122102,train,random-32-32-10,random-32-32-10-random-2.scen,48,122102,16,macro_L,L,54,16,0,5281322541/1000000,165041331/31250,27484646169/512031250,879508677459/16385000000,1,1,0,0,0,1,1,524e171bab5f64278c59ff627b80401c6c0495aad7f70bf8b86718f1c5e663e5,
random-32-32-10_scen2_offset80_calibration_122201_B8,random-32-32-10_scen2_offset80_calibration_122201,calibration,random-32-32-10,random-32-32-10-random-2.scen,80,122201,8,macro_L,L,37,8,0,384941527/62500,6159064469/1000000,600085935531/16385000000,37505370973/1024062500,1,1,0,0,0,1,1,da6de3b26ba8ca9797e5c66c7ef30f83aa322f652ea3aff2785ffc8db99ef461,
random-32-32-10_scen2_offset112_test_122302_B16,random-32-32-10_scen2_offset112_test_122302,test,random-32-32-10,random-32-32-10-random-2.scen,112,122302,16,full,C,40,16,0,1464231619/250000,1171385303/200000,129908614697/3277000000,162385768381/4096250000,0,0,0,1,90380,0,0,f88aea466ca4c50e49f3bc1359b8243201c0dde1d5536335209be37065878830,
empty-32-32_scen2_offset0_train_121101_B8,empty-32-32_scen2_offset0_train_121101,train,empty-32-32,empty-32-32-random-2.scen,0,121101,8,macro_ED,ED,38,8,0,3109844639/500000,1554922329/250000,154102577671/4096250000,308205155361/8192500000,2,2,0,0,0,2,2,a8aa39d89bd53ae55d05153b83ffd08d1dd4a6ca1cc2cbf69bac0ef2d06c6176,
random-32-32-10_scen2_offset96_test_122301_B16,random-32-32-10_scen2_offset96_test_122301,test,random-32-32-10,random-32-32-10-random-2.scen,96,122301,16,condition,C,45,16,0,5617895171/1000000,1123579043/200000,146341420957/3277000000,731707104829/16385000000,0,0,0,0,0,0,0,809814e0e2cb20b769ada99d1430f4921e1d4a7ee82c08ec12683a45e16cdd81,
random-32-32-10_scen2_offset112_test_122302_B8,random-32-32-10_scen2_offset112_test_122302,test,random-32-32-10,random-32-32-10-random-2.scen,112,122302,8,budget_lookup,W,40,0,8,2933393063/500000,1173357233/200000,129906642767/3277000000,324766606937/8192500000,0,0,0,0,0,0,0,3b246827b809488d5a787bb4e92c9f05b20fe7ddd9939919ad6459267f82fab9,
random-32-32-10_scen2_offset64_train_122103_B16,random-32-32-10_scen2_offset64_train_122103,train,random-32-32-10,random-32-32-10-random-2.scen,64,122103,16,macro_LD,LD,44,16,0,1442226103/250000,721113057/125000,89396386943/2048125000,178792773897/4096250000,2,2,0,0,0,2,2,fb114835e44d2a06a37a74b96df43f5ff54576967f46a7d2a6cc00a08b59591e,
random-32-32-10_scen2_offset96_test_122301_B8,random-32-32-10_scen2_offset96_test_122301,test,random-32-32-10,random-32-32-10-random-2.scen,96,122301,8,condition,C,45,8,0,5618478613/1000000,5618478657/1000000,731706521343/16385000000,731706521387/16385000000,0,0,0,0,0,0,0,c3510ef1debe586044c623c5fa8f51543a9d8a9187c593b685f485f87c0107e1,
empty-32-32_scen2_offset80_test_121302_B8,empty-32-32_scen2_offset80_test_121302,test,empty-32-32,empty-32-32-random-2.scen,80,121302,8,budget_lookup,W,43,0,8,1376312929/250000,5505251759/1000000,699049748241/16385000000,174762437071/4096250000,0,0,0,0,0,0,0,c340d293508891f252041fbc284913c3c10f4dbe93d94e921aeb1dda82c5f878,
random-32-32-10_scen2_offset112_test_122302_B16,random-32-32-10_scen2_offset112_test_122302,test,random-32-32-10,random-32-32-10-random-2.scen,112,122302,16,budget_lookup,LD,40,16,0,731606713/125000,5852853743/1000000,649547146257/16385000000,81193393287/2048125000,2,2,0,0,0,2,2,63188259bc0447d2f55f4b1dd604364471af79c5010f8bf7fb8e985b0a7cf926,
random-32-32-10_scen2_offset112_test_122302_B16,random-32-32-10_scen2_offset112_test_122302,test,random-32-32-10,random-32-32-10-random-2.scen,112,122302,16,tasks_only,C,40,16,0,1464231619/250000,1171385303/200000,129908614697/3277000000,162385768381/4096250000,0,0,0,1,29726,0,0,f88aea466ca4c50e49f3bc1359b8243201c0dde1d5536335209be37065878830,
random-32-32-10_scen2_offset32_train_122101_B8,random-32-32-10_scen2_offset32_train_122101,train,random-32-32-10,random-32-32-10-random-2.scen,32,122101,8,macro_E,E,40,8,0,2955556081/500000,2955556101/500000,324744443899/8192500000,324744443919/8192500000,1,1,0,0,0,1,1,15f471e1fcfda961be5e324bbbc3b920f080469595eb779147548808d2cf7ae1,
random-32-32-10_scen2_offset96_test_122301_B8,random-32-32-10_scen2_offset96_test_122301,test,random-32-32-10,random-32-32-10-random-2.scen,96,122301,8,nobudget,C,45,8,0,5618478613/1000000,5618478657/1000000,731706521343/16385000000,731706521387/16385000000,0,0,0,1,86260,0,0,c3510ef1debe586044c623c5fa8f51543a9d8a9187c593b685f485f87c0107e1,
empty-32-32_scen2_offset32_train_121103_B8,empty-32-32_scen2_offset32_train_121103,train,empty-32-32,empty-32-32-random-2.scen,32,121103,8,macro_L,L,40,8,0,1409497011/250000,1409497021/250000,162440502979/4096250000,162440502989/4096250000,1,1,0,0,0,1,1,bd0e453ffedc016b0a38d970644a0c94455d441eb21d7ba6b010c3fcc97a09c2,
empty-32-32_scen2_offset64_test_121301_B16,empty-32-32_scen2_offset64_test_121301,test,empty-32-32,empty-32-32-random-2.scen,64,121301,16,nohistory,C,42,12,4,5555361297/1000000,5555361339/1000000,682614638661/16385000000,682614638703/16385000000,0,0,0,1,66930,0,0,6f112ff88a49d736a5b453e5cc79509aa389c0355cc79aa9eed1cd3062b36af8,
random-32-32-10_scen2_offset96_test_122301_B8,random-32-32-10_scen2_offset96_test_122301,test,random-32-32-10,random-32-32-10-random-2.scen,96,122301,8,budget_lookup,W,45,0,8,1123812411/200000,5619062099/1000000,731705937901/16385000000,146341187589/3277000000,0,0,0,0,0,0,0,16ef8a214388441999fe7cc0431089cc20e3445f94e90fbf8f58a029b878ad0b,
random-32-32-10_scen2_offset96_test_122301_B8,random-32-32-10_scen2_offset96_test_122301,test,random-32-32-10,random-32-32-10-random-2.scen,96,122301,8,WAIT,W,45,0,8,1123812411/200000,5619062099/1000000,731705937901/16385000000,146341187589/3277000000,0,0,0,0,0,0,0,16ef8a214388441999fe7cc0431089cc20e3445f94e90fbf8f58a029b878ad0b,
random-32-32-10_scen2_offset32_train_122101_B16,random-32-32-10_scen2_offset32_train_122101,train,random-32-32-10,random-32-32-10-random-2.scen,32,122101,16,macro_LD,LD,40,16,0,5906209661/1000000,5906209701/1000000,649493790299/16385000000,649493790339/16385000000,2,2,0,0,0,2,2,38f1b62901aa84ebeea707f318b6baf20d872411c71a8db504eec7095ce4437b,
empty-32-32_scen2_offset32_train_121103_B16,empty-32-32_scen2_offset32_train_121103,train,empty-32-32,empty-32-32-random-2.scen,32,121103,16,macro_C,C,40,16,0,2818702301/500000,2818702321/500000,324881297679/8192500000,324881297699/8192500000,0,0,0,0,0,0,0,ff3bdc81baea637f8d3fb576c991834c8bf07e08b8ed1c03fa45961a7d2c2db5,
random-32-32-10_scen2_offset80_calibration_122201_B16,random-32-32-10_scen2_offset80_calibration_122201,calibration,random-32-32-10,random-32-32-10-random-2.scen,80,122201,16,macro_E,E,37,16,0,6127401429/1000000,3063700733/500000,300058799267/8192500000,600117598571/16385000000,1,1,0,0,0,1,1,45a963a42ae199f1bc2208379f7e7cbba32804e55d4afe5e676637805fb654ed,
empty-32-32_scen2_offset0_train_121101_B16,empty-32-32_scen2_offset0_train_121101,train,empty-32-32,empty-32-32-random-2.scen,0,121101,16,macro_L,L,38,16,0,6217254119/1000000,6217254157/1000000,616412745843/16385000000,616412745881/16385000000,1,1,0,0,0,1,1,584df7489f58e4b7cb6de25353fbbb055da49af1180cc459b21c250366ab5509,
random-32-32-10_scen2_offset64_train_122103_B16,random-32-32-10_scen2_offset64_train_122103,train,random-32-32-10,random-32-32-10-random-2.scen,64,122103,16,macro_ED,ED,44,16,0,1442226103/250000,721113057/125000,89396386943/2048125000,178792773897/4096250000,2,2,0,0,0,2,2,fb114835e44d2a06a37a74b96df43f5ff54576967f46a7d2a6cc00a08b59591e,
empty-32-32_scen2_offset32_train_121103_B16,empty-32-32_scen2_offset32_train_121103,train,empty-32-32,empty-32-32-random-2.scen,32,121103,16,macro_L,L,40,16,0,5638053211/1000000,5638053251/1000000,649761946749/16385000000,649761946789/16385000000,1,1,0,0,0,1,1,911559bfa5b63a0055ff725a8fbee357c0e521f3ad4b2cab8d2bef53f146307c,
empty-32-32_scen2_offset48_calibration_121201_B16,empty-32-32_scen2_offset48_calibration_121201,calibration,empty-32-32,empty-32-32-random-2.scen,48,121201,16,macro_C,C,46,16,0,5388265253/1000000,336766581/62500,46770108419/1024062500,748321734747/16385000000,0,0,0,0,0,0,0,de1b54c35ebdb24c2cb5bfd3712637468de2b6f7258baeb9b8e72aa7ca59d97e,
random-32-32-10_scen2_offset48_train_122102_B16,random-32-32-10_scen2_offset48_train_122102,train,random-32-32-10,random-32-32-10-random-2.scen,48,122102,16,macro_C,C,54,16,0,5281322541/1000000,165041331/31250,27484646169/512031250,879508677459/16385000000,0,0,0,0,0,0,0,524e171bab5f64278c59ff627b80401c6c0495aad7f70bf8b86718f1c5e663e5,
empty-32-32_scen2_offset80_test_121302_B8,empty-32-32_scen2_offset80_test_121302,test,empty-32-32,empty-32-32-random-2.scen,80,121302,8,WAIT,W,43,0,8,1376312929/250000,5505251759/1000000,699049748241/16385000000,174762437071/4096250000,0,0,0,0,0,0,0,c340d293508891f252041fbc284913c3c10f4dbe93d94e921aeb1dda82c5f878,
empty-32-32_scen2_offset64_test_121301_B16,empty-32-32_scen2_offset64_test_121301,test,empty-32-32,empty-32-32-random-2.scen,64,121301,16,full,C,42,12,4,5555361297/1000000,5555361339/1000000,682614638661/16385000000,682614638703/16385000000,0,0,0,1,82719,0,0,6f112ff88a49d736a5b453e5cc79509aa389c0355cc79aa9eed1cd3062b36af8,
empty-32-32_scen2_offset0_train_121101_B8,empty-32-32_scen2_offset0_train_121101,train,empty-32-32,empty-32-32-random-2.scen,0,121101,8,macro_L,L,38,8,0,3109844639/500000,1554922329/250000,154102577671/4096250000,308205155361/8192500000,1,1,0,0,0,1,1,a8aa39d89bd53ae55d05153b83ffd08d1dd4a6ca1cc2cbf69bac0ef2d06c6176,
random-32-32-10_scen2_offset80_calibration_122201_B8,random-32-32-10_scen2_offset80_calibration_122201,calibration,random-32-32-10,random-32-32-10-random-2.scen,80,122201,8,macro_C,C,37,8,0,6160289201/1000000,3080144619/500000,300042355381/8192500000,600084710799/16385000000,0,0,0,0,0,0,0,ec14bb6c561591d067c9c14b2ffa6d48e61bacfb74c8eb224d7d36cfa18dfc89,
random-32-32-10_scen2_offset112_test_122302_B8,random-32-32-10_scen2_offset112_test_122302,test,random-32-32-10,random-32-32-10-random-2.scen,112,122302,8,nobudget,C,40,8,0,5867463677/1000000,1466865929/250000,162383134071/4096250000,649532536323/16385000000,0,0,0,1,81174,0,0,88b3ae43b47314b435b19a8856dfc4ddf860cd1f01e4a6fa5f797640c89d5e8d,
random-32-32-10_scen2_offset96_test_122301_B16,random-32-32-10_scen2_offset96_test_122301,test,random-32-32-10,random-32-32-10-random-2.scen,96,122301,16,nohistory,C,45,16,0,5617895171/1000000,1123579043/200000,146341420957/3277000000,731707104829/16385000000,0,0,0,1,65105,0,0,809814e0e2cb20b769ada99d1430f4921e1d4a7ee82c08ec12683a45e16cdd81,
random-32-32-10_scen2_offset80_calibration_122201_B8,random-32-32-10_scen2_offset80_calibration_122201,calibration,random-32-32-10,random-32-32-10-random-2.scen,80,122201,8,macro_LD,LD,37,8,0,384941527/62500,6159064469/1000000,600085935531/16385000000,37505370973/1024062500,2,2,0,0,0,2,2,da6de3b26ba8ca9797e5c66c7ef30f83aa322f652ea3aff2785ffc8db99ef461,
random-32-32-10_scen2_offset112_test_122302_B16,random-32-32-10_scen2_offset112_test_122302,test,random-32-32-10,random-32-32-10-random-2.scen,112,122302,16,WAIT,W,40,0,16,2933393063/500000,1173357233/200000,129906642767/3277000000,324766606937/8192500000,0,0,0,0,0,0,0,3b246827b809488d5a787bb4e92c9f05b20fe7ddd9939919ad6459267f82fab9,
empty-32-32_scen2_offset32_train_121103_B16,empty-32-32_scen2_offset32_train_121103,train,empty-32-32,empty-32-32-random-2.scen,32,121103,16,macro_LD,LD,40,16,0,5638053211/1000000,5638053251/1000000,649761946749/16385000000,649761946789/16385000000,2,2,0,0,0,2,2,911559bfa5b63a0055ff725a8fbee357c0e521f3ad4b2cab8d2bef53f146307c,
empty-32-32_scen2_offset80_test_121302_B8,empty-32-32_scen2_offset80_test_121302,test,empty-32-32,empty-32-32-random-2.scen,80,121302,8,nobudget,C,43,8,0,5502030333/1000000,687753797/125000,87381621203/2048125000,699052969667/16385000000,0,0,0,1,70043,0,0,6cabda3719d4fd84f754ff4d808c76462694d20a38bf08e55ec056e5f02cbd97,
random-32-32-10_scen2_offset48_train_122102_B8,random-32-32-10_scen2_offset48_train_122102,train,random-32-32-10,random-32-32-10-random-2.scen,48,122102,8,macro_LD,LD,54,8,0,5283174257/1000000,1320793577/250000,219876706423/4096250000,879506825743/16385000000,2,2,0,0,0,2,2,6c5776269d4c4f422903ea3acc7b7aa9459c049e0dce882b31b77c4c25b55e09,
random-32-32-10_scen2_offset32_train_122101_B8,random-32-32-10_scen2_offset32_train_122101,train,random-32-32-10,random-32-32-10-random-2.scen,32,122101,8,macro_LD,LD,40,8,0,2955556081/500000,2955556101/500000,324744443899/8192500000,324744443919/8192500000,2,2,0,0,0,2,2,15f471e1fcfda961be5e324bbbc3b920f080469595eb779147548808d2cf7ae1,
random-32-32-10_scen2_offset48_train_122102_B8,random-32-32-10_scen2_offset48_train_122102,train,random-32-32-10,random-32-32-10-random-2.scen,48,122102,8,macro_E,E,54,8,0,165080963/31250,5282590867/1000000,879507409133/16385000000,947745053/17656250,1,1,0,0,0,1,1,a24b3131a2a812ff0d68b342f2c6fd4079841b8ae5270c5f79c6b574e2f7dab6,
random-32-32-10_scen2_offset48_train_122102_B8,random-32-32-10_scen2_offset48_train_122102,train,random-32-32-10,random-32-32-10-random-2.scen,48,122102,8,macro_L,L,54,8,0,5283174257/1000000,1320793577/250000,219876706423/4096250000,879506825743/16385000000,1,1,0,0,0,1,1,6c5776269d4c4f422903ea3acc7b7aa9459c049e0dce882b31b77c4c25b55e09,
empty-32-32_scen2_offset48_calibration_121201_B8,empty-32-32_scen2_offset48_calibration_121201,calibration,empty-32-32,empty-32-32-random-2.scen,48,121201,8,macro_C,C,46,8,0,5388265253/1000000,336766581/62500,46770108419/1024062500,748321734747/16385000000,0,0,0,0,0,0,0,ec1ae75ac3ac78b628493e4b1a9162a3b611a7e94b20829eb0e4855d6f22cbd2,
random-32-32-10_scen2_offset48_train_122102_B8,random-32-32-10_scen2_offset48_train_122102,train,random-32-32-10,random-32-32-10-random-2.scen,48,122102,8,macro_ED,ED,54,8,0,165080963/31250,5282590867/1000000,879507409133/16385000000,947745053/17656250,2,2,0,0,0,2,2,a24b3131a2a812ff0d68b342f2c6fd4079841b8ae5270c5f79c6b574e2f7dab6,
empty-32-32_scen2_offset32_train_121103_B8,empty-32-32_scen2_offset32_train_121103,train,empty-32-32,empty-32-32-random-2.scen,32,121103,8,macro_E,E,40,8,0,1409497011/250000,1409497021/250000,162440502979/4096250000,162440502989/4096250000,1,1,0,0,0,1,1,bd0e453ffedc016b0a38d970644a0c94455d441eb21d7ba6b010c3fcc97a09c2,
random-32-32-10_scen2_offset112_test_122302_B8,random-32-32-10_scen2_offset112_test_122302,test,random-32-32-10,random-32-32-10-random-2.scen,112,122302,8,WAIT,W,40,0,8,2933393063/500000,1173357233/200000,129906642767/3277000000,324766606937/8192500000,0,0,0,0,0,0,0,3b246827b809488d5a787bb4e92c9f05b20fe7ddd9939919ad6459267f82fab9,
empty-32-32_scen2_offset32_train_121103_B16,empty-32-32_scen2_offset32_train_121103,train,empty-32-32,empty-32-32-random-2.scen,32,121103,16,macro_W,W,40,0,16,5639321487/1000000,5639321527/1000000,22405540637/565000000,649760678513/16385000000,0,0,0,0,0,0,0,55cd505dbc1b6a521b8dbd48f01a469e48f9e258527835161fff03a02f9bb0e0,
random-32-32-10_scen2_offset32_train_122101_B16,random-32-32-10_scen2_offset32_train_122101,train,random-32-32-10,random-32-32-10-random-2.scen,32,122101,16,macro_L,L,40,16,0,2955556081/500000,2955556101/500000,324744443899/8192500000,324744443919/8192500000,1,1,0,0,0,1,1,15f471e1fcfda961be5e324bbbc3b920f080469595eb779147548808d2cf7ae1,
random-32-32-10_scen2_offset32_train_122101_B16,random-32-32-10_scen2_offset32_train_122101,train,random-32-32-10,random-32-32-10-random-2.scen,32,122101,16,macro_E,E,40,16,0,2955556081/500000,2955556101/500000,324744443899/8192500000,324744443919/8192500000,1,1,0,0,0,1,1,15f471e1fcfda961be5e324bbbc3b920f080469595eb779147548808d2cf7ae1,
empty-32-32_scen2_offset48_calibration_121201_B16,empty-32-32_scen2_offset48_calibration_121201,calibration,empty-32-32,empty-32-32-random-2.scen,48,121201,16,macro_E,E,46,15,1,5407518837/1000000,33796993/6250,4676890507/102406250,6622145851/145000000,1,1,0,0,0,1,1,5be08cd0883ff95ba02b9427c50c9f378936dd5c122fd5026b67eee125cdd305,
empty-32-32_scen2_offset64_test_121301_B8,empty-32-32_scen2_offset64_test_121301,test,empty-32-32,empty-32-32-random-2.scen,64,121301,8,nohistory,C,42,8,0,5555361297/1000000,5555361339/1000000,682614638661/16385000000,682614638703/16385000000,0,0,0,1,51849,0,0,6f112ff88a49d736a5b453e5cc79509aa389c0355cc79aa9eed1cd3062b36af8,
empty-32-32_scen2_offset64_test_121301_B16,empty-32-32_scen2_offset64_test_121301,test,empty-32-32,empty-32-32-random-2.scen,64,121301,16,condition,C,42,12,4,5555361297/1000000,5555361339/1000000,682614638661/16385000000,682614638703/16385000000,0,0,0,0,0,0,0,6f112ff88a49d736a5b453e5cc79509aa389c0355cc79aa9eed1cd3062b36af8,
random-32-32-10_scen2_offset80_calibration_122201_B16,random-32-32-10_scen2_offset80_calibration_122201,calibration,random-32-32-10,random-32-32-10-random-2.scen,80,122201,16,macro_C,C,37,16,0,6127401429/1000000,3063700733/500000,300058799267/8192500000,600117598571/16385000000,0,0,0,0,0,0,0,45a963a42ae199f1bc2208379f7e7cbba32804e55d4afe5e676637805fb654ed,
empty-32-32_scen2_offset48_calibration_121201_B8,empty-32-32_scen2_offset48_calibration_121201,calibration,empty-32-32,empty-32-32-random-2.scen,48,121201,8,macro_E,E,46,8,0,5407518837/1000000,33796993/6250,4676890507/102406250,6622145851/145000000,1,1,0,0,0,1,1,71cf6317ec5264f878a4164f4c64459706316c7390c42ddad77e0046aeb83167,
empty-32-32_scen2_offset64_test_121301_B8,empty-32-32_scen2_offset64_test_121301,test,empty-32-32,empty-32-32-random-2.scen,64,121301,8,nobudget,C,42,8,0,5555361297/1000000,5555361339/1000000,682614638661/16385000000,682614638703/16385000000,0,0,0,1,68308,0,0,6f112ff88a49d736a5b453e5cc79509aa389c0355cc79aa9eed1cd3062b36af8,
