case_id,map_name,scenario_id,family,num_agents,stratum,disturbance,arm,status,success,completed_agents,query_count,restricted_sum_completion,sum_completion,makespan,elapsed_seconds,solver_calls,solve_failures
random-32-32-10__s08__n32,random-32-32-10,8,random-32-32-10__s08,32,core,stable,history_structural,completed,True,32,0,736.0,736.0,45.0,6.615788227005396,11,0
random-32-32-10__s08__n32,random-32-32-10,8,random-32-32-10__s08,32,core,stable,ewma_structural,completed,True,32,0,736.0,736.0,45.0,4.6566019549791235,11,0
random-32-32-10__s08__n32,random-32-32-10,8,random-32-32-10__s08,32,core,stable,learned_linear_structural,completed,True,32,0,736.0,736.0,45.0,4.755427872994915,11,0
random-32-32-10__s08__n32,random-32-32-10,8,random-32-32-10__s08,32,core,stable,learned_position_structural,completed,True,32,0,736.0,736.0,45.0,1.2516711530042812,0,0
random-32-32-10__s08__n32,random-32-32-10,8,random-32-32-10__s08,32,core,stable,learned_no_query,completed,True,32,0,736.0,736.0,45.0,1.228644635004457,0,0
random-32-32-10__s08__n32,random-32-32-10,8,random-32-32-10__s08,32,core,pause_range_2to5,history_structural,completed,True,32,32,1171.004350786352,1171.004350786352,92.60245170938848,10.04922126501333,23,0
random-32-32-10__s08__n32,random-32-32-10,8,random-32-32-10__s08,32,core,pause_range_2to5,ewma_structural,completed,True,32,32,1160.3347949555584,1160.3347949555584,94.5118661447778,9.061262561008334,23,0
random-32-32-10__s08__n32,random-32-32-10,8,random-32-32-10__s08,32,core,pause_range_2to5,learned_linear_structural,completed,True,32,32,1153.8762589329808,1153.8762589329808,94.5118661447778,9.148441431985702,23,0
random-32-32-10__s08__n32,random-32-32-10,8,random-32-32-10__s08,32,core,pause_range_2to5,learned_position_structural,completed,True,32,32,1153.8762589329808,1153.8762589329808,94.5118661447778,5.430116369010648,10,0
random-32-32-10__s08__n32,random-32-32-10,8,random-32-32-10__s08,32,core,pause_range_2to5,learned_no_query,completed,True,32,0,1160.3347949555584,1160.3347949555584,94.5118661447778,9.556616294023115,23,0
random-32-32-10__s08__n32,random-32-32-10,8,random-32-32-10__s08,32,core,speed_shift_065,history_structural,completed,True,32,19,877.6153846153846,877.6153846153846,58.69230769230771,6.177443758002482,14,0
random-32-32-10__s08__n32,random-32-32-10,8,random-32-32-10__s08,32,core,speed_shift_065,ewma_structural,completed,True,32,18,877.6153846153846,877.6153846153846,58.69230769230771,6.214421240001684,14,0
random-32-32-10__s08__n32,random-32-32-10,8,random-32-32-10__s08,32,core,speed_shift_065,learned_linear_structural,completed,True,32,18,877.6153846153846,877.6153846153846,58.69230769230771,5.964311104995431,14,0
random-32-32-10__s08__n32,random-32-32-10,8,random-32-32-10__s08,32,core,speed_shift_065,learned_position_structural,completed,True,32,18,877.6153846153846,877.6153846153846,58.69230769230771,3.026301746023819,5,0
random-32-32-10__s08__n32,random-32-32-10,8,random-32-32-10__s08,32,core,speed_shift_065,learned_no_query,completed,True,32,0,877.6153846153846,877.6153846153846,58.69230769230771,3.105283448996488,5,0
random-32-32-10__s09__n32,random-32-32-10,9,random-32-32-10__s09,32,core,stable,history_structural,completed,True,32,16,770.0,770.0,50.99999999999999,5.035811426001601,12,0
random-32-32-10__s09__n32,random-32-32-10,9,random-32-32-10__s09,32,core,stable,ewma_structural,completed,True,32,16,770.0,770.0,50.99999999999999,5.045813222997822,12,0
random-32-32-10__s09__n32,random-32-32-10,9,random-32-32-10__s09,32,core,stable,learned_linear_structural,completed,True,32,16,770.0,770.0,50.99999999999999,5.048739894991741,12,0
random-32-32-10__s09__n32,random-32-32-10,9,random-32-32-10__s09,32,core,stable,learned_position_structural,completed,True,32,16,770.0,770.0,50.99999999999999,2.582617456006119,4,0
random-32-32-10__s09__n32,random-32-32-10,9,random-32-32-10__s09,32,core,stable,learned_no_query,completed,True,32,0,770.0,770.0,50.99999999999999,5.059349819988711,12,0
random-32-32-10__s09__n32,random-32-32-10,9,random-32-32-10__s09,32,core,pause_range_2to5,history_structural,completed,True,32,32,1262.83314698426,1262.83314698426,93.99768600959304,9.426371958019445,22,0
random-32-32-10__s09__n32,random-32-32-10,9,random-32-32-10__s09,32,core,pause_range_2to5,ewma_structural,completed,True,32,32,1270.1239482475835,1270.1239482475835,93.99768600959304,9.34879758101306,22,0
random-32-32-10__s09__n32,random-32-32-10,9,random-32-32-10__s09,32,core,pause_range_2to5,learned_linear_structural,completed,True,32,32,1269.0661617979977,1269.0661617979977,93.99768600959304,9.252853461017366,22,0
random-32-32-10__s09__n32,random-32-32-10,9,random-32-32-10__s09,32,core,pause_range_2to5,learned_position_structural,completed,True,32,32,1269.0661617979977,1269.0661617979977,93.99768600959304,5.388960623007733,9,0
random-32-32-10__s09__n32,random-32-32-10,9,random-32-32-10__s09,32,core,pause_range_2to5,learned_no_query,completed,True,32,0,1269.0661617979977,1269.0661617979977,93.99768600959304,5.334060811990639,9,0
random-32-32-10__s09__n32,random-32-32-10,9,random-32-32-10__s09,32,core,speed_shift_065,history_structural,completed,True,32,27,945.5384615384617,945.5384615384617,70.92307692307692,6.951320274994941,16,0
random-32-32-10__s09__n32,random-32-32-10,9,random-32-32-10__s09,32,core,speed_shift_065,ewma_structural,completed,True,32,29,945.5384615384617,945.5384615384617,70.92307692307692,7.0149690590042155,16,0
random-32-32-10__s09__n32,random-32-32-10,9,random-32-32-10__s09,32,core,speed_shift_065,learned_linear_structural,completed,True,32,27,945.5384615384617,945.5384615384617,70.92307692307692,7.0518365399912,16,0
random-32-32-10__s09__n32,random-32-32-10,9,random-32-32-10__s09,32,core,speed_shift_065,learned_position_structural,completed,True,32,27,945.5384615384617,945.5384615384617,70.92307692307692,4.761578762001591,9,0
random-32-32-10__s09__n32,random-32-32-10,9,random-32-32-10__s09,32,core,speed_shift_065,learned_no_query,completed,True,32,0,945.5384615384617,945.5384615384617,70.92307692307692,4.672844131011516,9,0
maze-32-32-2__s08__n32,maze-32-32-2,8,maze-32-32-2__s08,32,core,stable,history_structural,completed,True,32,24,1915.0,1915.0,120.99999999999999,23.28175953301252,12,0
maze-32-32-2__s08__n32,maze-32-32-2,8,maze-32-32-2__s08,32,core,stable,ewma_structural,completed,True,32,24,1915.0,1915.0,120.99999999999999,18.835115155990934,11,0
maze-32-32-2__s08__n32,maze-32-32-2,8,maze-32-32-2__s08,32,core,stable,learned_linear_structural,completed,True,32,24,1915.0,1915.0,120.99999999999999,21.181920341972727,12,0
maze-32-32-2__s08__n32,maze-32-32-2,8,maze-32-32-2__s08,32,core,stable,learned_position_structural,completed,True,32,24,1915.0,1915.0,120.99999999999999,15.55327447099262,7,0
maze-32-32-2__s08__n32,maze-32-32-2,8,maze-32-32-2__s08,32,core,stable,learned_no_query,completed,True,32,0,1915.0,1915.0,120.99999999999999,14.723790146003012,7,0
maze-32-32-2__s08__n32,maze-32-32-2,8,maze-32-32-2__s08,32,core,pause_range_2to5,history_structural,completed,True,32,32,3572.1509408187635,3572.1509408187635,214.157983038754,39.23990411500563,22,2
maze-32-32-2__s08__n32,maze-32-32-2,8,maze-32-32-2__s08,32,core,pause_range_2to5,ewma_structural,completed,True,32,32,3563.349285118095,3563.349285118095,214.157983038754,40.631780566996895,22,2
maze-32-32-2__s08__n32,maze-32-32-2,8,maze-32-32-2__s08,32,core,pause_range_2to5,learned_linear_structural,completed,True,32,32,3519.5148909800087,3519.5148909800087,207.7788834108415,39.586944709008094,21,1
maze-32-32-2__s08__n32,maze-32-32-2,8,maze-32-32-2__s08,32,core,pause_range_2to5,learned_position_structural,completed,True,32,32,3519.5148909800087,3519.5148909800087,207.7788834108415,39.279927522991784,21,1
maze-32-32-2__s08__n32,maze-32-32-2,8,maze-32-32-2__s08,32,core,pause_range_2to5,learned_no_query,completed,True,32,0,3519.5148909800087,3519.5148909800087,207.7788834108415,22.260360265005147,8,1
maze-32-32-2__s08__n32,maze-32-32-2,8,maze-32-32-2__s08,32,core,speed_shift_065,history_structural,completed,True,32,32,2439.2115384615377,2439.2115384615377,156.92307692307676,28.628104935982265,16,1
maze-32-32-2__s08__n32,maze-32-32-2,8,maze-32-32-2__s08,32,core,speed_shift_065,ewma_structural,completed,True,32,32,2444.596153846153,2444.596153846153,156.92307692307676,28.397315247973893,16,0
maze-32-32-2__s08__n32,maze-32-32-2,8,maze-32-32-2__s08,32,core,speed_shift_065,learned_linear_structural,completed,True,32,32,2442.7692307692296,2442.7692307692296,157.99999999999983,28.051687928993488,16,0
maze-32-32-2__s08__n32,maze-32-32-2,8,maze-32-32-2__s08,32,core,speed_shift_065,learned_position_structural,completed,True,32,32,2442.7692307692296,2442.7692307692296,157.99999999999983,19.864569703990128,9,0
maze-32-32-2__s08__n32,maze-32-32-2,8,maze-32-32-2__s08,32,core,speed_shift_065,learned_no_query,completed,True,32,0,2442.7692307692296,2442.7692307692296,157.99999999999983,20.10158039399539,9,0
maze-32-32-2__s09__n32,maze-32-32-2,9,maze-32-32-2__s09,32,core,stable,history_structural,completed,True,32,32,2519.0,2519.0,131.0,29.915541605005274,13,0
maze-32-32-2__s09__n32,maze-32-32-2,9,maze-32-32-2__s09,32,core,stable,ewma_structural,completed,True,32,32,2519.0,2519.0,131.0,27.392015312012518,12,0
maze-32-32-2__s09__n32,maze-32-32-2,9,maze-32-32-2__s09,32,core,stable,learned_linear_structural,completed,True,32,32,2519.0,2519.0,131.0,30.017339804006042,13,0
maze-32-32-2__s09__n32,maze-32-32-2,9,maze-32-32-2__s09,32,core,stable,learned_position_structural,completed,True,32,32,2519.0,2519.0,131.0,15.772053498018067,5,0
maze-32-32-2__s09__n32,maze-32-32-2,9,maze-32-32-2__s09,32,core,stable,learned_no_query,completed,True,32,0,2519.0,2519.0,131.0,15.338791201997083,5,0
maze-32-32-2__s09__n32,maze-32-32-2,9,maze-32-32-2__s09,32,core,pause_range_2to5,history_structural,completed,True,32,32,4602.850690062248,4602.850690062248,261.863499771305,56.079886599996826,26,0
maze-32-32-2__s09__n32,maze-32-32-2,9,maze-32-32-2__s09,32,core,pause_range_2to5,ewma_structural,completed,True,32,32,4564.20572874656,4564.20572874656,261.863499771305,56.77015345499967,26,0
maze-32-32-2__s09__n32,maze-32-32-2,9,maze-32-32-2__s09,32,core,pause_range_2to5,learned_linear_structural,completed,True,32,32,4676.014625056039,4676.014625056039,266.4888359705292,60.92626635701163,26,0
maze-32-32-2__s09__n32,maze-32-32-2,9,maze-32-32-2__s09,32,core,pause_range_2to5,learned_position_structural,completed,True,32,32,4676.014625056039,4676.014625056039,266.4888359705292,30.202968152007088,8,0
maze-32-32-2__s09__n32,maze-32-32-2,9,maze-32-32-2__s09,32,core,pause_range_2to5,learned_no_query,completed,True,32,0,4680.225386038388,4680.225386038388,266.4888359705292,57.81259571301052,26,0
maze-32-32-2__s09__n32,maze-32-32-2,9,maze-32-32-2__s09,32,core,speed_shift_065,history_structural,completed,True,32,32,3245.3076923076924,3245.3076923076924,184.76923076923086,37.647766628011595,17,0
maze-32-32-2__s09__n32,maze-32-32-2,9,maze-32-32-2__s09,32,core,speed_shift_065,ewma_structural,completed,True,32,32,3198.448717948717,3198.448717948717,181.2307692307693,38.111970617988845,17,0
maze-32-32-2__s09__n32,maze-32-32-2,9,maze-32-32-2__s09,32,core,speed_shift_065,learned_linear_structural,completed,True,32,32,3245.3076923076924,3245.3076923076924,184.76923076923086,37.7925523960148,17,0
maze-32-32-2__s09__n32,maze-32-32-2,9,maze-32-32-2__s09,32,core,speed_shift_065,learned_position_structural,completed,True,32,32,3245.3076923076924,3245.3076923076924,184.76923076923086,21.99012511098408,7,0
maze-32-32-2__s09__n32,maze-32-32-2,9,maze-32-32-2__s09,32,core,speed_shift_065,learned_no_query,completed,True,32,0,3215.53205128205,3215.53205128205,181.2307692307693,37.9638182290073,17,0
warehouse-10-20-10-2-1__s08__n32,warehouse-10-20-10-2-1,8,warehouse-10-20-10-2-1__s08,32,core,stable,history_structural,completed,True,32,0,2502.0,2502.0,174.0,16.85679926801822,11,0
warehouse-10-20-10-2-1__s08__n32,warehouse-10-20-10-2-1,8,warehouse-10-20-10-2-1__s08,32,core,stable,ewma_structural,completed,True,32,0,2502.0,2502.0,174.0,15.043010765017243,11,0
warehouse-10-20-10-2-1__s08__n32,warehouse-10-20-10-2-1,8,warehouse-10-20-10-2-1__s08,32,core,stable,learned_linear_structural,completed,True,32,0,2502.0,2502.0,174.0,14.32242623498314,11,0
warehouse-10-20-10-2-1__s08__n32,warehouse-10-20-10-2-1,8,warehouse-10-20-10-2-1__s08,32,core,stable,learned_position_structural,completed,True,32,0,2502.0,2502.0,174.0,4.202036489994498,0,0
warehouse-10-20-10-2-1__s08__n32,warehouse-10-20-10-2-1,8,warehouse-10-20-10-2-1__s08,32,core,stable,learned_no_query,completed,True,32,0,2502.0,2502.0,174.0,4.399507841997547,0,0
warehouse-10-20-10-2-1__s08__n32,warehouse-10-20-10-2-1,8,warehouse-10-20-10-2-1__s08,32,core,pause_range_2to5,history_structural,completed,True,32,22,3715.7265342195824,3715.7265342195824,309.46566057503725,29.520457905018702,21,0
warehouse-10-20-10-2-1__s08__n32,warehouse-10-20-10-2-1,8,warehouse-10-20-10-2-1__s08,32,core,pause_range_2to5,ewma_structural,completed,True,32,22,3705.988321096805,3705.988321096805,309.46566057503725,28.799590448004892,21,0
warehouse-10-20-10-2-1__s08__n32,warehouse-10-20-10-2-1,8,warehouse-10-20-10-2-1__s08,32,core,pause_range_2to5,learned_linear_structural,completed,True,32,22,3705.988321096805,3705.988321096805,309.46566057503725,28.559995062998496,21,0
warehouse-10-20-10-2-1__s08__n32,warehouse-10-20-10-2-1,8,warehouse-10-20-10-2-1__s08,32,core,pause_range_2to5,learned_position_structural,completed,True,32,22,3705.988321096805,3705.988321096805,309.46566057503725,18.59326190399588,10,0
warehouse-10-20-10-2-1__s08__n32,warehouse-10-20-10-2-1,8,warehouse-10-20-10-2-1__s08,32,core,pause_range_2to5,learned_no_query,completed,True,32,0,3705.988321096805,3705.988321096805,309.46566057503725,18.33447063199128,10,0
warehouse-10-20-10-2-1__s08__n32,warehouse-10-20-10-2-1,8,warehouse-10-20-10-2-1__s08,32,core,speed_shift_065,history_structural,completed,True,32,4,2969.788461538459,2969.788461538459,236.84615384615404,23.918276934011374,16,0
warehouse-10-20-10-2-1__s08__n32,warehouse-10-20-10-2-1,8,warehouse-10-20-10-2-1__s08,32,core,speed_shift_065,ewma_structural,completed,True,32,4,2969.788461538459,2969.788461538459,236.84615384615404,22.41866104802466,16,0
warehouse-10-20-10-2-1__s08__n32,warehouse-10-20-10-2-1,8,warehouse-10-20-10-2-1__s08,32,core,speed_shift_065,learned_linear_structural,completed,True,32,4,2969.788461538459,2969.788461538459,236.84615384615404,22.765728900005342,16,0
warehouse-10-20-10-2-1__s08__n32,warehouse-10-20-10-2-1,8,warehouse-10-20-10-2-1__s08,32,core,speed_shift_065,learned_position_structural,completed,True,32,4,2969.788461538459,2969.788461538459,236.84615384615404,8.868359214015072,3,0
warehouse-10-20-10-2-1__s08__n32,warehouse-10-20-10-2-1,8,warehouse-10-20-10-2-1__s08,32,core,speed_shift_065,learned_no_query,completed,True,32,0,2969.788461538459,2969.788461538459,236.84615384615404,9.469573581009172,3,0
warehouse-10-20-10-2-1__s09__n32,warehouse-10-20-10-2-1,9,warehouse-10-20-10-2-1__s09,32,core,stable,history_structural,completed,True,32,0,2422.0,2422.0,167.0,14.222162337013287,11,0
warehouse-10-20-10-2-1__s09__n32,warehouse-10-20-10-2-1,9,warehouse-10-20-10-2-1__s09,32,core,stable,ewma_structural,completed,True,32,0,2422.0,2422.0,167.0,14.322774081985699,11,0
warehouse-10-20-10-2-1__s09__n32,warehouse-10-20-10-2-1,9,warehouse-10-20-10-2-1__s09,32,core,stable,learned_linear_structural,completed,True,32,0,2422.0,2422.0,167.0,14.312207025010139,11,0
warehouse-10-20-10-2-1__s09__n32,warehouse-10-20-10-2-1,9,warehouse-10-20-10-2-1__s09,32,core,stable,learned_position_structural,completed,True,32,0,2422.0,2422.0,167.0,4.268082670983858,0,0
warehouse-10-20-10-2-1__s09__n32,warehouse-10-20-10-2-1,9,warehouse-10-20-10-2-1__s09,32,core,stable,learned_no_query,completed,True,32,0,2422.0,2422.0,167.0,4.257286610984011,0,0
warehouse-10-20-10-2-1__s09__n32,warehouse-10-20-10-2-1,9,warehouse-10-20-10-2-1__s09,32,core,pause_range_2to5,history_structural,completed,True,32,22,3537.459083928949,3537.459083928949,299.062271341144,26.833892139984528,21,0
warehouse-10-20-10-2-1__s09__n32,warehouse-10-20-10-2-1,9,warehouse-10-20-10-2-1__s09,32,core,pause_range_2to5,ewma_structural,completed,True,32,16,3508.809455438674,3508.809455438674,299.062271341144,27.32946340201306,21,0
warehouse-10-20-10-2-1__s09__n32,warehouse-10-20-10-2-1,9,warehouse-10-20-10-2-1__s09,32,core,pause_range_2to5,learned_linear_structural,completed,True,32,16,3508.809455438674,3508.809455438674,299.062271341144,27.810073458997067,21,0
warehouse-10-20-10-2-1__s09__n32,warehouse-10-20-10-2-1,9,warehouse-10-20-10-2-1__s09,32,core,pause_range_2to5,learned_position_structural,completed,True,32,16,3508.809455438674,3508.809455438674,299.062271341144,15.882247798988828,9,0
warehouse-10-20-10-2-1__s09__n32,warehouse-10-20-10-2-1,9,warehouse-10-20-10-2-1__s09,32,core,pause_range_2to5,learned_no_query,completed,True,32,0,3508.809455438674,3508.809455438674,299.062271341144,15.24603233698872,9,0
warehouse-10-20-10-2-1__s09__n32,warehouse-10-20-10-2-1,9,warehouse-10-20-10-2-1__s09,32,core,speed_shift_065,history_structural,completed,True,32,8,2878.9807692307663,2878.9807692307663,222.84615384615404,18.14059667100082,15,0
warehouse-10-20-10-2-1__s09__n32,warehouse-10-20-10-2-1,9,warehouse-10-20-10-2-1__s09,32,core,speed_shift_065,ewma_structural,completed,True,32,8,2878.9807692307663,2878.9807692307663,222.84615384615404,19.122843349992763,15,0
warehouse-10-20-10-2-1__s09__n32,warehouse-10-20-10-2-1,9,warehouse-10-20-10-2-1__s09,32,core,speed_shift_065,learned_linear_structural,completed,True,32,7,2888.2307692307663,2888.2307692307663,222.84615384615404,18.751348041987512,15,0
warehouse-10-20-10-2-1__s09__n32,warehouse-10-20-10-2-1,9,warehouse-10-20-10-2-1__s09,32,core,speed_shift_065,learned_position_structural,completed,True,32,7,2888.2307692307663,2888.2307692307663,222.84615384615404,10.375470995990327,6,0
warehouse-10-20-10-2-1__s09__n32,warehouse-10-20-10-2-1,9,warehouse-10-20-10-2-1__s09,32,core,speed_shift_065,learned_no_query,completed,True,32,0,2888.2307692307663,2888.2307692307663,222.84615384615404,10.231281012005638,6,0
