case_id,map_name,scenario_id,family,num_agents,stratum,disturbance,arm,status,success,completed_agents,query_count,restricted_sum_completion,sum_completion,makespan,elapsed_seconds,solver_calls,solve_failures
random-32-32-10__s06__n16,random-32-32-10,6,random-32-32-10__s06,16,core,stable,history_no_query,completed,True,16,0,340.0,340.0,49.0,3.0676645839994308,11,0
random-32-32-10__s06__n16,random-32-32-10,6,random-32-32-10__s06,16,core,stable,learned_no_query,completed,True,16,0,340.0,340.0,49.0,1.6356863560213242,11,0
random-32-32-10__s06__n16,random-32-32-10,6,random-32-32-10__s06,16,core,stable,ewma_no_query,completed,True,16,0,340.0,340.0,49.0,1.5202078470028937,10,0
random-32-32-10__s06__n16,random-32-32-10,6,random-32-32-10__s06,16,core,stable,history_structural,completed,True,16,4,340.0,340.0,49.0,0.4078412779781502,0,0
random-32-32-10__s06__n16,random-32-32-10,6,random-32-32-10__s06,16,core,stable,learned_structural,completed,True,16,4,340.0,340.0,49.0,0.6423869329737499,2,0
random-32-32-10__s06__n16,random-32-32-10,6,random-32-32-10__s06,16,core,stable,ewma_structural,completed,True,16,4,340.0,340.0,49.0,0.6281525300000794,2,0
random-32-32-10__s06__n16,random-32-32-10,6,random-32-32-10__s06,16,core,stable,fixed_update,completed,True,16,16,340.0,340.0,49.0,0.40874242200516164,0,0
random-32-32-10__s06__n16,random-32-32-10,6,random-32-32-10__s06,16,core,stable,history_rule,completed,True,16,8,340.0,340.0,49.0,0.40704449501936324,0,0
random-32-32-10__s06__n16,random-32-32-10,6,random-32-32-10__s06,16,core,bounded_pause,history_no_query,completed,True,16,0,444.0,444.0,67.0,2.3596655809960794,16,0
random-32-32-10__s06__n16,random-32-32-10,6,random-32-32-10__s06,16,core,bounded_pause,learned_no_query,completed,True,16,0,444.0,444.0,67.0,2.3783069950004574,16,0
random-32-32-10__s06__n16,random-32-32-10,6,random-32-32-10__s06,16,core,bounded_pause,ewma_no_query,completed,True,16,0,444.0,444.0,67.0,2.366243343014503,16,0
random-32-32-10__s06__n16,random-32-32-10,6,random-32-32-10__s06,16,core,bounded_pause,history_structural,completed,True,16,0,444.0,444.0,67.0,0.5736409800010733,0,0
random-32-32-10__s06__n16,random-32-32-10,6,random-32-32-10__s06,16,core,bounded_pause,learned_structural,completed,True,16,0,444.0,444.0,67.0,0.5728699520113878,0,0
random-32-32-10__s06__n16,random-32-32-10,6,random-32-32-10__s06,16,core,bounded_pause,ewma_structural,completed,True,16,0,444.0,444.0,67.0,0.5677045900083613,0,0
random-32-32-10__s06__n16,random-32-32-10,6,random-32-32-10__s06,16,core,bounded_pause,fixed_update,completed,True,16,16,444.0,444.0,67.0,1.251329827005975,6,0
random-32-32-10__s06__n16,random-32-32-10,6,random-32-32-10__s06,16,core,bounded_pause,history_rule,completed,True,16,8,444.0,444.0,67.0,0.568173448991729,0,0
random-32-32-10__s06__n16,random-32-32-10,6,random-32-32-10__s06,16,core,speed_shift,history_no_query,completed,True,16,0,425.0,425.0,49.0,1.5451336480036844,10,0
random-32-32-10__s06__n16,random-32-32-10,6,random-32-32-10__s06,16,core,speed_shift,learned_no_query,completed,True,16,0,425.0,425.0,49.0,1.5489177249837667,10,0
random-32-32-10__s06__n16,random-32-32-10,6,random-32-32-10__s06,16,core,speed_shift,ewma_no_query,completed,True,16,0,425.0,425.0,49.0,1.557284812006401,10,0
random-32-32-10__s06__n16,random-32-32-10,6,random-32-32-10__s06,16,core,speed_shift,history_structural,completed,True,16,4,425.0,425.0,49.0,0.4215166660142131,0,0
random-32-32-10__s06__n16,random-32-32-10,6,random-32-32-10__s06,16,core,speed_shift,learned_structural,completed,True,16,4,425.0,425.0,49.0,0.5440358310006559,1,0
random-32-32-10__s06__n16,random-32-32-10,6,random-32-32-10__s06,16,core,speed_shift,ewma_structural,completed,True,16,4,425.0,425.0,49.0,0.54097726100008,1,0
random-32-32-10__s06__n16,random-32-32-10,6,random-32-32-10__s06,16,core,speed_shift,fixed_update,completed,True,16,16,425.0,425.0,49.0,0.979912290989887,5,0
random-32-32-10__s06__n16,random-32-32-10,6,random-32-32-10__s06,16,core,speed_shift,history_rule,completed,True,16,8,425.0,425.0,49.0,0.5344504380191211,1,0
random-32-32-10__s06__n32,random-32-32-10,6,random-32-32-10__s06,32,core,stable,history_no_query,completed,True,32,0,711.0,711.0,49.0,3.848196204024134,11,0
random-32-32-10__s06__n32,random-32-32-10,6,random-32-32-10__s06,32,core,stable,learned_no_query,completed,True,32,0,711.0,711.0,49.0,3.719103237002855,11,0
random-32-32-10__s06__n32,random-32-32-10,6,random-32-32-10__s06,32,core,stable,ewma_no_query,completed,True,32,0,711.0,711.0,49.0,3.4415796210232656,10,0
random-32-32-10__s06__n32,random-32-32-10,6,random-32-32-10__s06,32,core,stable,history_structural,completed,True,32,14,711.0,711.0,49.0,0.9714139639982022,0,0
random-32-32-10__s06__n32,random-32-32-10,6,random-32-32-10__s06,32,core,stable,learned_structural,completed,True,32,14,711.0,711.0,49.0,2.226734235009644,5,0
random-32-32-10__s06__n32,random-32-32-10,6,random-32-32-10__s06,32,core,stable,ewma_structural,completed,True,32,14,711.0,711.0,49.0,2.2405993720167316,5,0
random-32-32-10__s06__n32,random-32-32-10,6,random-32-32-10__s06,32,core,stable,fixed_update,completed,True,32,32,711.0,711.0,49.0,0.9704208720067982,0,0
random-32-32-10__s06__n32,random-32-32-10,6,random-32-32-10__s06,32,core,stable,history_rule,completed,True,32,22,711.0,711.0,49.0,0.9579739180044271,0,0
random-32-32-10__s06__n32,random-32-32-10,6,random-32-32-10__s06,32,core,bounded_pause,history_no_query,completed,True,32,0,945.8333333333333,945.8333333333333,67.0,5.437484459020197,16,0
random-32-32-10__s06__n32,random-32-32-10,6,random-32-32-10__s06,32,core,bounded_pause,learned_no_query,completed,True,32,0,942.3333333333334,942.3333333333334,67.0,5.4168259290163405,16,0
random-32-32-10__s06__n32,random-32-32-10,6,random-32-32-10__s06,32,core,bounded_pause,ewma_no_query,completed,True,32,0,942.3333333333334,942.3333333333334,67.0,5.415982821985381,16,0
random-32-32-10__s06__n32,random-32-32-10,6,random-32-32-10__s06,32,core,bounded_pause,history_structural,completed,True,32,26,945.8333333333333,945.8333333333333,67.0,3.4258269900165033,8,0
random-32-32-10__s06__n32,random-32-32-10,6,random-32-32-10__s06,32,core,bounded_pause,learned_structural,completed,True,32,26,940.8333333333334,940.8333333333334,67.0,3.4454364250123035,8,0
random-32-32-10__s06__n32,random-32-32-10,6,random-32-32-10__s06,32,core,bounded_pause,ewma_structural,completed,True,32,26,940.8333333333334,940.8333333333334,67.0,3.4336382229812443,8,0
random-32-32-10__s06__n32,random-32-32-10,6,random-32-32-10__s06,32,core,bounded_pause,fixed_update,completed,True,32,32,945.8333333333333,945.8333333333333,67.0,3.187182489025872,7,0
random-32-32-10__s06__n32,random-32-32-10,6,random-32-32-10__s06,32,core,bounded_pause,history_rule,completed,True,32,27,945.8333333333333,945.8333333333333,67.0,3.4521383389947005,8,0
random-32-32-10__s06__n32,random-32-32-10,6,random-32-32-10__s06,32,core,speed_shift,history_no_query,completed,True,32,0,934.8333333333334,934.8333333333334,67.0,5.401828416011995,16,0
random-32-32-10__s06__n32,random-32-32-10,6,random-32-32-10__s06,32,core,speed_shift,learned_no_query,completed,True,32,0,934.8333333333334,934.8333333333334,67.0,5.400839945010375,16,0
random-32-32-10__s06__n32,random-32-32-10,6,random-32-32-10__s06,32,core,speed_shift,ewma_no_query,completed,True,32,0,934.8333333333334,934.8333333333334,67.0,5.583447737997631,16,0
random-32-32-10__s06__n32,random-32-32-10,6,random-32-32-10__s06,32,core,speed_shift,history_structural,completed,True,32,24,934.8333333333334,934.8333333333334,67.0,3.1723919849900994,7,0
random-32-32-10__s06__n32,random-32-32-10,6,random-32-32-10__s06,32,core,speed_shift,learned_structural,completed,True,32,24,934.8333333333334,934.8333333333334,67.0,3.4159874320030212,8,0
random-32-32-10__s06__n32,random-32-32-10,6,random-32-32-10__s06,32,core,speed_shift,ewma_structural,completed,True,32,24,934.8333333333334,934.8333333333334,67.0,3.4292118279845454,8,0
random-32-32-10__s06__n32,random-32-32-10,6,random-32-32-10__s06,32,core,speed_shift,fixed_update,completed,True,32,32,934.8333333333334,934.8333333333334,67.0,2.916849489993183,6,0
random-32-32-10__s06__n32,random-32-32-10,6,random-32-32-10__s06,32,core,speed_shift,history_rule,completed,True,32,25,934.8333333333334,934.8333333333334,67.0,2.980649684002856,6,0
random-32-32-10__s06__n64,random-32-32-10,6,random-32-32-10__s06,64,scale_extension,stable,history_no_query,completed,True,64,0,1556.0,1556.0,53.0,11.281235506990924,12,0
random-32-32-10__s06__n64,random-32-32-10,6,random-32-32-10__s06,64,scale_extension,stable,learned_no_query,completed,True,64,0,1556.0,1556.0,53.0,11.234386291005649,12,0
random-32-32-10__s06__n64,random-32-32-10,6,random-32-32-10__s06,64,scale_extension,stable,ewma_no_query,completed,True,64,0,1556.0,1556.0,53.0,9.208423934003804,9,0
random-32-32-10__s06__n64,random-32-32-10,6,random-32-32-10__s06,64,scale_extension,stable,history_structural,completed,True,64,41,1556.0,1556.0,53.0,3.1874453560158145,0,0
random-32-32-10__s06__n64,random-32-32-10,6,random-32-32-10__s06,64,scale_extension,stable,learned_structural,completed,True,64,41,1556.0,1556.0,53.0,6.016192723996937,4,0
random-32-32-10__s06__n64,random-32-32-10,6,random-32-32-10__s06,64,scale_extension,stable,ewma_structural,completed,True,64,41,1556.0,1556.0,53.0,5.921992051997222,4,0
random-32-32-10__s06__n64,random-32-32-10,6,random-32-32-10__s06,64,scale_extension,bounded_pause,history_no_query,completed,True,64,0,2380.75,2380.75,108.25,23.079425473988522,25,0
random-32-32-10__s06__n64,random-32-32-10,6,random-32-32-10__s06,64,scale_extension,bounded_pause,learned_no_query,completed,True,64,0,2341.75,2341.75,107.0,23.064032052992843,25,0
random-32-32-10__s06__n64,random-32-32-10,6,random-32-32-10__s06,64,scale_extension,bounded_pause,ewma_no_query,completed,True,64,0,2369.75,2369.75,107.0,23.226183004997438,25,0
random-32-32-10__s06__n64,random-32-32-10,6,random-32-32-10__s06,64,scale_extension,bounded_pause,history_structural,completed,True,64,64,2354.75,2354.75,107.0,23.59642440499738,25,0
random-32-32-10__s06__n64,random-32-32-10,6,random-32-32-10__s06,64,scale_extension,bounded_pause,learned_structural,completed,True,64,64,2341.75,2341.75,107.0,13.162649758975022,9,0
random-32-32-10__s06__n64,random-32-32-10,6,random-32-32-10__s06,64,scale_extension,bounded_pause,ewma_structural,completed,True,64,64,2369.75,2369.75,107.0,12.83767107600579,9,0
random-32-32-10__s06__n64,random-32-32-10,6,random-32-32-10__s06,64,scale_extension,speed_shift,history_no_query,completed,True,64,0,2201.5,2201.5,94.0,20.326462496013846,22,0
random-32-32-10__s06__n64,random-32-32-10,6,random-32-32-10__s06,64,scale_extension,speed_shift,learned_no_query,completed,True,64,0,2178.5,2178.5,94.0,20.226027877011802,22,0
random-32-32-10__s06__n64,random-32-32-10,6,random-32-32-10__s06,64,scale_extension,speed_shift,ewma_no_query,completed,True,64,0,2176.5,2176.5,94.0,20.422958770999685,22,0
random-32-32-10__s06__n64,random-32-32-10,6,random-32-32-10__s06,64,scale_extension,speed_shift,history_structural,completed,True,64,64,2201.5,2201.5,94.0,11.715098079992458,9,0
random-32-32-10__s06__n64,random-32-32-10,6,random-32-32-10__s06,64,scale_extension,speed_shift,learned_structural,completed,True,64,63,2186.5,2186.5,94.0,15.082980603998294,14,0
random-32-32-10__s06__n64,random-32-32-10,6,random-32-32-10__s06,64,scale_extension,speed_shift,ewma_structural,completed,True,64,62,2176.5,2176.5,94.0,13.657483286981005,12,0
random-32-32-10__s07__n16,random-32-32-10,7,random-32-32-10__s07,16,core,stable,history_no_query,completed,True,16,0,370.0,370.0,46.0,1.8931434770056512,11,0
random-32-32-10__s07__n16,random-32-32-10,7,random-32-32-10__s07,16,core,stable,learned_no_query,completed,True,16,0,370.0,370.0,46.0,1.8664056679990608,11,0
random-32-32-10__s07__n16,random-32-32-10,7,random-32-32-10__s07,16,core,stable,ewma_no_query,completed,True,16,0,370.0,370.0,46.0,1.857429333991604,11,0
random-32-32-10__s07__n16,random-32-32-10,7,random-32-32-10__s07,16,core,stable,history_structural,completed,True,16,0,370.0,370.0,46.0,0.4675636210013181,0,0
random-32-32-10__s07__n16,random-32-32-10,7,random-32-32-10__s07,16,core,stable,learned_structural,completed,True,16,0,370.0,370.0,46.0,0.46636048500658944,0,0
random-32-32-10__s07__n16,random-32-32-10,7,random-32-32-10__s07,16,core,stable,ewma_structural,completed,True,16,0,370.0,370.0,46.0,0.459482170001138,0,0
random-32-32-10__s07__n16,random-32-32-10,7,random-32-32-10__s07,16,core,stable,fixed_update,completed,True,16,16,370.0,370.0,46.0,0.47397814798750915,0,0
random-32-32-10__s07__n16,random-32-32-10,7,random-32-32-10__s07,16,core,stable,history_rule,completed,True,16,10,370.0,370.0,46.0,0.45185696898261085,0,0
random-32-32-10__s07__n16,random-32-32-10,7,random-32-32-10__s07,16,core,bounded_pause,history_no_query,completed,True,16,0,549.0,549.0,85.0,3.528351457003737,21,0
random-32-32-10__s07__n16,random-32-32-10,7,random-32-32-10__s07,16,core,bounded_pause,learned_no_query,completed,True,16,0,549.0,549.0,85.0,3.564649974985514,21,0
random-32-32-10__s07__n16,random-32-32-10,7,random-32-32-10__s07,16,core,bounded_pause,ewma_no_query,completed,True,16,0,549.0,549.0,85.0,3.546141326020006,21,0
random-32-32-10__s07__n16,random-32-32-10,7,random-32-32-10__s07,16,core,bounded_pause,history_structural,completed,True,16,10,549.0,549.0,85.0,3.470184971985873,20,0
random-32-32-10__s07__n16,random-32-32-10,7,random-32-32-10__s07,16,core,bounded_pause,learned_structural,completed,True,16,9,549.0,549.0,85.0,1.630233614007011,6,0
random-32-32-10__s07__n16,random-32-32-10,7,random-32-32-10__s07,16,core,bounded_pause,ewma_structural,completed,True,16,9,549.0,549.0,85.0,1.6170130529790185,6,0
random-32-32-10__s07__n16,random-32-32-10,7,random-32-32-10__s07,16,core,bounded_pause,fixed_update,completed,True,16,16,549.0,549.0,85.0,1.0995133109972812,2,0
random-32-32-10__s07__n16,random-32-32-10,7,random-32-32-10__s07,16,core,bounded_pause,history_rule,completed,True,16,15,549.0,549.0,85.0,1.3650764620106202,4,0
random-32-32-10__s07__n16,random-32-32-10,7,random-32-32-10__s07,16,core,speed_shift,history_no_query,completed,True,16,0,537.0,537.0,76.0,3.1115194900194183,18,0
random-32-32-10__s07__n16,random-32-32-10,7,random-32-32-10__s07,16,core,speed_shift,learned_no_query,completed,True,16,0,537.0,537.0,76.0,3.117491062002955,18,0
random-32-32-10__s07__n16,random-32-32-10,7,random-32-32-10__s07,16,core,speed_shift,ewma_no_query,completed,True,16,0,537.0,537.0,76.0,3.1052884189994074,18,0
random-32-32-10__s07__n16,random-32-32-10,7,random-32-32-10__s07,16,core,speed_shift,history_structural,completed,True,16,12,537.0,537.0,76.0,1.5532230499957222,6,0
random-32-32-10__s07__n16,random-32-32-10,7,random-32-32-10__s07,16,core,speed_shift,learned_structural,completed,True,16,12,537.0,537.0,76.0,1.6849954200151842,7,0
random-32-32-10__s07__n16,random-32-32-10,7,random-32-32-10__s07,16,core,speed_shift,ewma_structural,completed,True,16,12,537.0,537.0,76.0,1.6773269760014955,7,0
random-32-32-10__s07__n16,random-32-32-10,7,random-32-32-10__s07,16,core,speed_shift,fixed_update,completed,True,16,16,537.0,537.0,76.0,1.2698523240105715,3,0
random-32-32-10__s07__n16,random-32-32-10,7,random-32-32-10__s07,16,core,speed_shift,history_rule,completed,True,16,14,537.0,537.0,76.0,1.0068511809804477,2,0
random-32-32-10__s07__n32,random-32-32-10,7,random-32-32-10__s07,32,core,stable,history_no_query,completed,True,32,0,679.0,679.0,47.0,3.599136653007008,11,0
random-32-32-10__s07__n32,random-32-32-10,7,random-32-32-10__s07,32,core,stable,learned_no_query,completed,True,32,0,679.0,679.0,47.0,3.7726291920116637,11,0
random-32-32-10__s07__n32,random-32-32-10,7,random-32-32-10__s07,32,core,stable,ewma_no_query,completed,True,32,0,679.0,679.0,47.0,3.669991277012741,11,0
random-32-32-10__s07__n32,random-32-32-10,7,random-32-32-10__s07,32,core,stable,history_structural,completed,True,32,0,679.0,679.0,47.0,1.0297562750056386,0,0
random-32-32-10__s07__n32,random-32-32-10,7,random-32-32-10__s07,32,core,stable,learned_structural,completed,True,32,0,679.0,679.0,47.0,0.9920349860040005,0,0
random-32-32-10__s07__n32,random-32-32-10,7,random-32-32-10__s07,32,core,stable,ewma_structural,completed,True,32,0,679.0,679.0,47.0,0.9777565330150537,0,0
random-32-32-10__s07__n32,random-32-32-10,7,random-32-32-10__s07,32,core,stable,fixed_update,completed,True,32,32,679.0,679.0,47.0,0.9985271570039913,0,0
random-32-32-10__s07__n32,random-32-32-10,7,random-32-32-10__s07,32,core,stable,history_rule,completed,True,32,17,679.0,679.0,47.0,0.9949228120094631,0,0
random-32-32-10__s07__n32,random-32-32-10,7,random-32-32-10__s07,32,core,bounded_pause,history_no_query,completed,True,32,0,937.0,937.0,89.0,7.117667487997096,22,0
random-32-32-10__s07__n32,random-32-32-10,7,random-32-32-10__s07,32,core,bounded_pause,learned_no_query,completed,True,32,0,937.0,937.0,89.0,7.249747283000033,22,0
random-32-32-10__s07__n32,random-32-32-10,7,random-32-32-10__s07,32,core,bounded_pause,ewma_no_query,completed,True,32,0,937.0,937.0,89.0,7.400885934999678,22,0
random-32-32-10__s07__n32,random-32-32-10,7,random-32-32-10__s07,32,core,bounded_pause,history_structural,completed,True,32,15,935.0,935.0,89.0,7.195069906010758,22,0
random-32-32-10__s07__n32,random-32-32-10,7,random-32-32-10__s07,32,core,bounded_pause,learned_structural,completed,True,32,15,934.0,934.0,89.0,7.2225337580021005,22,0
random-32-32-10__s07__n32,random-32-32-10,7,random-32-32-10__s07,32,core,bounded_pause,ewma_structural,completed,True,32,15,934.0,934.0,89.0,7.309171606000746,22,0
random-32-32-10__s07__n32,random-32-32-10,7,random-32-32-10__s07,32,core,bounded_pause,fixed_update,completed,True,32,32,938.0,938.0,89.0,7.247469835012453,22,0
random-32-32-10__s07__n32,random-32-32-10,7,random-32-32-10__s07,32,core,bounded_pause,history_rule,completed,True,32,28,937.0,937.0,89.0,3.661844820016995,7,0
random-32-32-10__s07__n32,random-32-32-10,7,random-32-32-10__s07,32,core,speed_shift,history_no_query,completed,True,32,0,915.0,915.0,81.0,6.577995394996833,20,0
random-32-32-10__s07__n32,random-32-32-10,7,random-32-32-10__s07,32,core,speed_shift,learned_no_query,completed,True,32,0,911.0,911.0,81.0,6.767559684987646,20,0
random-32-32-10__s07__n32,random-32-32-10,7,random-32-32-10__s07,32,core,speed_shift,ewma_no_query,completed,True,32,0,911.0,911.0,81.0,6.700148391013499,20,0
random-32-32-10__s07__n32,random-32-32-10,7,random-32-32-10__s07,32,core,speed_shift,history_structural,completed,True,32,19,915.0,915.0,81.0,3.224508949992014,6,0
random-32-32-10__s07__n32,random-32-32-10,7,random-32-32-10__s07,32,core,speed_shift,learned_structural,completed,True,32,18,911.0,911.0,81.0,3.4698542469996028,7,0
random-32-32-10__s07__n32,random-32-32-10,7,random-32-32-10__s07,32,core,speed_shift,ewma_structural,completed,True,32,18,911.0,911.0,81.0,3.517326470988337,7,0
random-32-32-10__s07__n32,random-32-32-10,7,random-32-32-10__s07,32,core,speed_shift,fixed_update,completed,True,32,32,915.0,915.0,81.0,2.955725063016871,5,0
random-32-32-10__s07__n32,random-32-32-10,7,random-32-32-10__s07,32,core,speed_shift,history_rule,completed,True,32,26,915.0,915.0,81.0,2.8058019430027343,4,0
maze-32-32-2__s06__n16,maze-32-32-2,6,maze-32-32-2__s06,16,core,stable,history_no_query,completed,True,16,0,861.0,861.0,101.0,7.6808311519853305,12,0
maze-32-32-2__s06__n16,maze-32-32-2,6,maze-32-32-2__s06,16,core,stable,learned_no_query,completed,True,16,0,861.0,861.0,101.0,6.6226900949841365,12,0
maze-32-32-2__s06__n16,maze-32-32-2,6,maze-32-32-2__s06,16,core,stable,ewma_no_query,completed,True,16,0,861.0,861.0,101.0,5.357464511995204,9,0
maze-32-32-2__s06__n16,maze-32-32-2,6,maze-32-32-2__s06,16,core,stable,history_structural,completed,True,16,3,861.0,861.0,101.0,1.5743054669874255,0,0
maze-32-32-2__s06__n16,maze-32-32-2,6,maze-32-32-2__s06,16,core,stable,learned_structural,completed,True,16,3,861.0,861.0,101.0,2.015519795997534,1,0
maze-32-32-2__s06__n16,maze-32-32-2,6,maze-32-32-2__s06,16,core,stable,ewma_structural,completed,True,16,3,861.0,861.0,101.0,2.016362536989618,1,0
maze-32-32-2__s06__n16,maze-32-32-2,6,maze-32-32-2__s06,16,core,stable,fixed_update,completed,True,16,16,861.0,861.0,101.0,1.5821691479941364,0,0
maze-32-32-2__s06__n16,maze-32-32-2,6,maze-32-32-2__s06,16,core,stable,history_rule,completed,True,16,16,861.0,861.0,101.0,1.7345867260009982,0,0
maze-32-32-2__s06__n16,maze-32-32-2,6,maze-32-32-2__s06,16,core,bounded_pause,history_no_query,completed,True,16,0,1535.0,1535.0,188.0,12.371999155002413,22,0
maze-32-32-2__s06__n16,maze-32-32-2,6,maze-32-32-2__s06,16,core,bounded_pause,learned_no_query,completed,True,16,0,1535.0,1535.0,188.0,12.386407785990741,22,0
maze-32-32-2__s06__n16,maze-32-32-2,6,maze-32-32-2__s06,16,core,bounded_pause,ewma_no_query,completed,True,16,0,1535.0,1535.0,188.0,12.372880048991647,22,0
maze-32-32-2__s06__n16,maze-32-32-2,6,maze-32-32-2__s06,16,core,bounded_pause,history_structural,completed,True,16,16,1535.0,1535.0,188.0,6.818888267996954,9,0
maze-32-32-2__s06__n16,maze-32-32-2,6,maze-32-32-2__s06,16,core,bounded_pause,learned_structural,completed,True,16,16,1535.0,1535.0,188.0,6.854211614991073,9,0
maze-32-32-2__s06__n16,maze-32-32-2,6,maze-32-32-2__s06,16,core,bounded_pause,ewma_structural,completed,True,16,16,1535.0,1535.0,188.0,6.8075246040243655,9,0
maze-32-32-2__s06__n16,maze-32-32-2,6,maze-32-32-2__s06,16,core,bounded_pause,fixed_update,completed,True,16,16,1535.0,1535.0,188.0,5.924554328987142,7,0
maze-32-32-2__s06__n16,maze-32-32-2,6,maze-32-32-2__s06,16,core,bounded_pause,history_rule,completed,True,16,16,1535.0,1535.0,188.0,5.17601780599216,5,0
maze-32-32-2__s06__n16,maze-32-32-2,6,maze-32-32-2__s06,16,core,speed_shift,history_no_query,completed,True,16,0,1356.0,1356.0,170.0,11.124566690006759,20,0
maze-32-32-2__s06__n16,maze-32-32-2,6,maze-32-32-2__s06,16,core,speed_shift,learned_no_query,completed,True,16,0,1356.0,1356.0,170.0,11.304627517994959,20,0
maze-32-32-2__s06__n16,maze-32-32-2,6,maze-32-32-2__s06,16,core,speed_shift,ewma_no_query,completed,True,16,0,1356.0,1356.0,170.0,11.283131102012703,20,0
maze-32-32-2__s06__n16,maze-32-32-2,6,maze-32-32-2__s06,16,core,speed_shift,history_structural,completed,True,16,16,1356.0,1356.0,170.0,6.201984371000435,8,0
maze-32-32-2__s06__n16,maze-32-32-2,6,maze-32-32-2__s06,16,core,speed_shift,learned_structural,completed,True,16,16,1356.0,1356.0,170.0,6.679159824008821,9,0
maze-32-32-2__s06__n16,maze-32-32-2,6,maze-32-32-2__s06,16,core,speed_shift,ewma_structural,completed,True,16,16,1356.0,1356.0,170.0,6.571941961010452,9,0
maze-32-32-2__s06__n16,maze-32-32-2,6,maze-32-32-2__s06,16,core,speed_shift,fixed_update,completed,True,16,16,1356.0,1356.0,170.0,4.798001554998336,5,0
maze-32-32-2__s06__n16,maze-32-32-2,6,maze-32-32-2__s06,16,core,speed_shift,history_rule,completed,True,16,16,1356.0,1356.0,170.0,4.7944834860099945,5,0
maze-32-32-2__s06__n32,maze-32-32-2,6,maze-32-32-2__s06,32,core,stable,history_no_query,completed,True,32,0,2599.0,2599.0,140.0,34.767857553000795,12,5
maze-32-32-2__s06__n32,maze-32-32-2,6,maze-32-32-2__s06,32,core,stable,learned_no_query,completed,True,32,0,2599.0,2599.0,140.0,34.81520488901879,12,6
maze-32-32-2__s06__n32,maze-32-32-2,6,maze-32-32-2__s06,32,core,stable,ewma_no_query,completed,True,32,0,2599.0,2599.0,140.0,28.747158927988494,9,5
maze-32-32-2__s06__n32,maze-32-32-2,6,maze-32-32-2__s06,32,core,stable,history_structural,completed,True,32,31,2599.0,2599.0,140.0,9.551955868984805,0,5
maze-32-32-2__s06__n32,maze-32-32-2,6,maze-32-32-2__s06,32,core,stable,learned_structural,completed,True,32,31,2599.0,2599.0,140.0,22.84577667299891,6,6
maze-32-32-2__s06__n32,maze-32-32-2,6,maze-32-32-2__s06,32,core,stable,ewma_structural,completed,True,32,31,2599.0,2599.0,140.0,22.574862198001938,6,5
maze-32-32-2__s06__n32,maze-32-32-2,6,maze-32-32-2__s06,32,core,stable,fixed_update,completed,True,32,32,2599.0,2599.0,140.0,9.559488204977242,0,5
maze-32-32-2__s06__n32,maze-32-32-2,6,maze-32-32-2__s06,32,core,stable,history_rule,completed,True,32,32,2599.0,2599.0,140.0,9.196437609993154,0,5
maze-32-32-2__s06__n32,maze-32-32-2,6,maze-32-32-2__s06,32,core,bounded_pause,history_no_query,completed,True,32,0,5005.0,5005.0,279.0,70.49000379702193,25,5
maze-32-32-2__s06__n32,maze-32-32-2,6,maze-32-32-2__s06,32,core,bounded_pause,learned_no_query,completed,True,32,0,4916.0,4916.0,279.0,73.18324303400004,25,6
maze-32-32-2__s06__n32,maze-32-32-2,6,maze-32-32-2__s06,32,core,bounded_pause,ewma_no_query,completed,True,32,0,4968.0,4968.0,282.25,77.19377238798188,26,8
maze-32-32-2__s06__n32,maze-32-32-2,6,maze-32-32-2__s06,32,core,bounded_pause,history_structural,completed,True,32,32,4894.0,4894.0,279.0,72.01500365699758,25,5
maze-32-32-2__s06__n32,maze-32-32-2,6,maze-32-32-2__s06,32,core,bounded_pause,learned_structural,completed,True,32,32,4954.0,4954.0,282.25,73.14827081101248,26,0
maze-32-32-2__s06__n32,maze-32-32-2,6,maze-32-32-2__s06,32,core,bounded_pause,ewma_structural,completed,True,32,32,4876.0,4876.0,279.0,70.89265273802448,25,4
maze-32-32-2__s06__n32,maze-32-32-2,6,maze-32-32-2__s06,32,core,bounded_pause,fixed_update,completed,True,32,32,4894.0,4894.0,279.0,37.16676607399131,8,5
maze-32-32-2__s06__n32,maze-32-32-2,6,maze-32-32-2__s06,32,core,bounded_pause,history_rule,completed,True,32,32,4894.0,4894.0,279.0,30.58031437799218,5,5
maze-32-32-2__s06__n32,maze-32-32-2,6,maze-32-32-2__s06,32,core,speed_shift,history_no_query,completed,True,32,0,4083.0,4083.0,249.0,65.9814787269861,23,7
maze-32-32-2__s06__n32,maze-32-32-2,6,maze-32-32-2__s06,32,core,speed_shift,learned_no_query,completed,True,32,0,4084.0,4084.0,249.0,64.5636211699748,23,6
maze-32-32-2__s06__n32,maze-32-32-2,6,maze-32-32-2__s06,32,core,speed_shift,ewma_no_query,completed,True,32,0,4167.0,4167.0,254.0,63.684077665995574,23,7
maze-32-32-2__s06__n32,maze-32-32-2,6,maze-32-32-2__s06,32,core,speed_shift,history_structural,completed,True,32,32,4083.0,4083.0,249.0,36.49188495997805,8,7
maze-32-32-2__s06__n32,maze-32-32-2,6,maze-32-32-2__s06,32,core,speed_shift,learned_structural,completed,True,32,32,4079.0,4079.0,254.0,64.1879775460111,23,7
maze-32-32-2__s06__n32,maze-32-32-2,6,maze-32-32-2__s06,32,core,speed_shift,ewma_structural,completed,True,32,32,4167.0,4167.0,254.0,32.722206681006355,8,7
maze-32-32-2__s06__n32,maze-32-32-2,6,maze-32-32-2__s06,32,core,speed_shift,fixed_update,completed,True,32,32,4083.0,4083.0,249.0,34.14576259700698,6,7
maze-32-32-2__s06__n32,maze-32-32-2,6,maze-32-32-2__s06,32,core,speed_shift,history_rule,completed,True,32,32,4083.0,4083.0,249.0,30.513385172991548,6,7
maze-32-32-2__s06__n64,maze-32-32-2,6,maze-32-32-2__s06,64,scale_extension,stable,history_no_query,initial_timeout,False,0,0,,,,,,
maze-32-32-2__s06__n64,maze-32-32-2,6,maze-32-32-2__s06,64,scale_extension,stable,learned_no_query,initial_timeout,False,0,0,,,,,,
maze-32-32-2__s06__n64,maze-32-32-2,6,maze-32-32-2__s06,64,scale_extension,stable,ewma_no_query,initial_timeout,False,0,0,,,,,,
maze-32-32-2__s06__n64,maze-32-32-2,6,maze-32-32-2__s06,64,scale_extension,stable,history_structural,initial_timeout,False,0,0,,,,,,
maze-32-32-2__s06__n64,maze-32-32-2,6,maze-32-32-2__s06,64,scale_extension,stable,learned_structural,initial_timeout,False,0,0,,,,,,
maze-32-32-2__s06__n64,maze-32-32-2,6,maze-32-32-2__s06,64,scale_extension,stable,ewma_structural,initial_timeout,False,0,0,,,,,,
maze-32-32-2__s06__n64,maze-32-32-2,6,maze-32-32-2__s06,64,scale_extension,bounded_pause,history_no_query,initial_timeout,False,0,0,,,,,,
maze-32-32-2__s06__n64,maze-32-32-2,6,maze-32-32-2__s06,64,scale_extension,bounded_pause,learned_no_query,initial_timeout,False,0,0,,,,,,
maze-32-32-2__s06__n64,maze-32-32-2,6,maze-32-32-2__s06,64,scale_extension,bounded_pause,ewma_no_query,initial_timeout,False,0,0,,,,,,
maze-32-32-2__s06__n64,maze-32-32-2,6,maze-32-32-2__s06,64,scale_extension,bounded_pause,history_structural,initial_timeout,False,0,0,,,,,,
maze-32-32-2__s06__n64,maze-32-32-2,6,maze-32-32-2__s06,64,scale_extension,bounded_pause,learned_structural,initial_timeout,False,0,0,,,,,,
maze-32-32-2__s06__n64,maze-32-32-2,6,maze-32-32-2__s06,64,scale_extension,bounded_pause,ewma_structural,initial_timeout,False,0,0,,,,,,
maze-32-32-2__s06__n64,maze-32-32-2,6,maze-32-32-2__s06,64,scale_extension,speed_shift,history_no_query,initial_timeout,False,0,0,,,,,,
maze-32-32-2__s06__n64,maze-32-32-2,6,maze-32-32-2__s06,64,scale_extension,speed_shift,learned_no_query,initial_timeout,False,0,0,,,,,,
maze-32-32-2__s06__n64,maze-32-32-2,6,maze-32-32-2__s06,64,scale_extension,speed_shift,ewma_no_query,initial_timeout,False,0,0,,,,,,
maze-32-32-2__s06__n64,maze-32-32-2,6,maze-32-32-2__s06,64,scale_extension,speed_shift,history_structural,initial_timeout,False,0,0,,,,,,
maze-32-32-2__s06__n64,maze-32-32-2,6,maze-32-32-2__s06,64,scale_extension,speed_shift,learned_structural,initial_timeout,False,0,0,,,,,,
maze-32-32-2__s06__n64,maze-32-32-2,6,maze-32-32-2__s06,64,scale_extension,speed_shift,ewma_structural,initial_timeout,False,0,0,,,,,,
maze-32-32-2__s07__n16,maze-32-32-2,7,maze-32-32-2__s07,16,core,stable,history_no_query,completed,True,16,0,957.0,957.0,130.0,8.783692179014906,12,0
maze-32-32-2__s07__n16,maze-32-32-2,7,maze-32-32-2__s07,16,core,stable,learned_no_query,completed,True,16,0,957.0,957.0,130.0,7.8553718049952295,12,0
maze-32-32-2__s07__n16,maze-32-32-2,7,maze-32-32-2__s07,16,core,stable,ewma_no_query,completed,True,16,0,957.0,957.0,130.0,7.830859515990596,12,0
maze-32-32-2__s07__n16,maze-32-32-2,7,maze-32-32-2__s07,16,core,stable,history_structural,completed,True,16,6,957.0,957.0,130.0,1.9285829920263495,0,0
maze-32-32-2__s07__n16,maze-32-32-2,7,maze-32-32-2__s07,16,core,stable,learned_structural,completed,True,16,6,957.0,957.0,130.0,3.955188238993287,4,0
maze-32-32-2__s07__n16,maze-32-32-2,7,maze-32-32-2__s07,16,core,stable,ewma_structural,completed,True,16,6,957.0,957.0,130.0,3.985950208007125,4,0
maze-32-32-2__s07__n16,maze-32-32-2,7,maze-32-32-2__s07,16,core,stable,fixed_update,completed,True,16,16,957.0,957.0,130.0,1.9715896830020938,0,0
maze-32-32-2__s07__n16,maze-32-32-2,7,maze-32-32-2__s07,16,core,stable,history_rule,completed,True,16,16,957.0,957.0,130.0,2.1904258909926284,0,0
maze-32-32-2__s07__n16,maze-32-32-2,7,maze-32-32-2__s07,16,core,bounded_pause,history_no_query,completed,True,16,0,1562.0,1562.0,237.99999999999997,15.060507415008033,23,0
maze-32-32-2__s07__n16,maze-32-32-2,7,maze-32-32-2__s07,16,core,bounded_pause,learned_no_query,completed,True,16,0,1556.0,1556.0,237.99999999999997,15.104536812985316,23,0
maze-32-32-2__s07__n16,maze-32-32-2,7,maze-32-32-2__s07,16,core,bounded_pause,ewma_no_query,completed,True,16,0,1556.0,1556.0,237.99999999999997,15.719916157016996,23,0
maze-32-32-2__s07__n16,maze-32-32-2,7,maze-32-32-2__s07,16,core,bounded_pause,history_structural,completed,True,16,16,1562.0,1562.0,237.99999999999997,8.162298601004295,9,0
maze-32-32-2__s07__n16,maze-32-32-2,7,maze-32-32-2__s07,16,core,bounded_pause,learned_structural,completed,True,16,16,1556.0,1556.0,237.99999999999997,7.908373278012732,8,0
maze-32-32-2__s07__n16,maze-32-32-2,7,maze-32-32-2__s07,16,core,bounded_pause,ewma_structural,completed,True,16,16,1556.0,1556.0,237.99999999999997,7.778235587989911,8,0
maze-32-32-2__s07__n16,maze-32-32-2,7,maze-32-32-2__s07,16,core,bounded_pause,fixed_update,completed,True,16,16,1562.0,1562.0,237.99999999999997,6.028106933023082,5,0
maze-32-32-2__s07__n16,maze-32-32-2,7,maze-32-32-2__s07,16,core,bounded_pause,history_rule,completed,True,16,16,1562.0,1562.0,237.99999999999997,6.940619733009953,7,0
maze-32-32-2__s07__n16,maze-32-32-2,7,maze-32-32-2__s07,16,core,speed_shift,history_no_query,completed,True,16,0,1395.0,1395.0,212.0,12.720694707008079,20,0
maze-32-32-2__s07__n16,maze-32-32-2,7,maze-32-32-2__s07,16,core,speed_shift,learned_no_query,completed,True,16,0,1395.0,1395.0,212.0,12.7804431419936,20,0
maze-32-32-2__s07__n16,maze-32-32-2,7,maze-32-32-2__s07,16,core,speed_shift,ewma_no_query,completed,True,16,0,1395.0,1395.0,212.0,12.726100495987339,20,0
maze-32-32-2__s07__n16,maze-32-32-2,7,maze-32-32-2__s07,16,core,speed_shift,history_structural,completed,True,16,11,1395.0,1395.0,212.0,4.460170559992548,3,0
maze-32-32-2__s07__n16,maze-32-32-2,7,maze-32-32-2__s07,16,core,speed_shift,learned_structural,completed,True,16,11,1395.0,1395.0,212.0,6.461227324005449,7,0
maze-32-32-2__s07__n16,maze-32-32-2,7,maze-32-32-2__s07,16,core,speed_shift,ewma_structural,completed,True,16,11,1395.0,1395.0,212.0,6.468495439010439,7,0
maze-32-32-2__s07__n16,maze-32-32-2,7,maze-32-32-2__s07,16,core,speed_shift,fixed_update,completed,True,16,16,1395.0,1395.0,212.0,3.953493556007743,2,0
maze-32-32-2__s07__n16,maze-32-32-2,7,maze-32-32-2__s07,16,core,speed_shift,history_rule,completed,True,16,16,1395.0,1395.0,212.0,5.404203581012553,5,0
maze-32-32-2__s07__n32,maze-32-32-2,7,maze-32-32-2__s07,32,core,stable,history_no_query,completed,True,32,0,2200.8333333333335,2200.8333333333335,132.0,27.405823095003143,12,0
maze-32-32-2__s07__n32,maze-32-32-2,7,maze-32-32-2__s07,32,core,stable,learned_no_query,completed,True,32,0,2200.8333333333335,2200.8333333333335,132.0,28.09181774800527,12,0
maze-32-32-2__s07__n32,maze-32-32-2,7,maze-32-32-2__s07,32,core,stable,ewma_no_query,completed,True,32,0,2200.8333333333335,2200.8333333333335,132.0,28.961362085014116,12,0
maze-32-32-2__s07__n32,maze-32-32-2,7,maze-32-32-2__s07,32,core,stable,history_structural,completed,True,32,21,2200.8333333333335,2200.8333333333335,132.0,7.53463103499962,0,0
maze-32-32-2__s07__n32,maze-32-32-2,7,maze-32-32-2__s07,32,core,stable,learned_structural,completed,True,32,21,2200.8333333333335,2200.8333333333335,132.0,19.42432702300721,7,0
maze-32-32-2__s07__n32,maze-32-32-2,7,maze-32-32-2__s07,32,core,stable,ewma_structural,completed,True,32,21,2200.8333333333335,2200.8333333333335,132.0,19.503509381989716,7,0
maze-32-32-2__s07__n32,maze-32-32-2,7,maze-32-32-2__s07,32,core,stable,fixed_update,completed,True,32,32,2200.8333333333335,2200.8333333333335,132.0,7.245412035001209,0,0
maze-32-32-2__s07__n32,maze-32-32-2,7,maze-32-32-2__s07,32,core,stable,history_rule,completed,True,32,32,2200.8333333333335,2200.8333333333335,132.0,7.335987480008043,0,0
maze-32-32-2__s07__n32,maze-32-32-2,7,maze-32-32-2__s07,32,core,bounded_pause,history_no_query,completed,True,32,0,3666.0,3666.0,237.99999999999994,52.469105146010406,23,0
maze-32-32-2__s07__n32,maze-32-32-2,7,maze-32-32-2__s07,32,core,bounded_pause,learned_no_query,completed,True,32,0,3666.0,3666.0,237.99999999999994,53.299215431994526,23,0
maze-32-32-2__s07__n32,maze-32-32-2,7,maze-32-32-2__s07,32,core,bounded_pause,ewma_no_query,completed,True,32,0,3676.0,3676.0,237.99999999999997,54.13923509200686,23,0
maze-32-32-2__s07__n32,maze-32-32-2,7,maze-32-32-2__s07,32,core,bounded_pause,history_structural,completed,True,32,32,3666.0,3666.0,237.99999999999994,31.87098251498537,8,0
maze-32-32-2__s07__n32,maze-32-32-2,7,maze-32-32-2__s07,32,core,bounded_pause,learned_structural,completed,True,32,32,3676.0,3676.0,237.99999999999997,53.87374537199503,23,0
maze-32-32-2__s07__n32,maze-32-32-2,7,maze-32-32-2__s07,32,core,bounded_pause,ewma_structural,completed,True,32,32,3666.0,3666.0,237.99999999999994,55.511691426014295,23,0
maze-32-32-2__s07__n32,maze-32-32-2,7,maze-32-32-2__s07,32,core,bounded_pause,fixed_update,completed,True,32,32,3666.0,3666.0,237.99999999999994,26.64954778397805,6,0
maze-32-32-2__s07__n32,maze-32-32-2,7,maze-32-32-2__s07,32,core,bounded_pause,history_rule,completed,True,32,32,3666.0,3666.0,237.99999999999994,28.949922323023202,7,0
maze-32-32-2__s07__n32,maze-32-32-2,7,maze-32-32-2__s07,32,core,speed_shift,history_no_query,completed,True,32,0,3451.6666666666665,3451.6666666666665,228.0,52.71170789600001,22,0
maze-32-32-2__s07__n32,maze-32-32-2,7,maze-32-32-2__s07,32,core,speed_shift,learned_no_query,completed,True,32,0,3479.0,3479.0,232.0,51.52311845999793,22,0
maze-32-32-2__s07__n32,maze-32-32-2,7,maze-32-32-2__s07,32,core,speed_shift,ewma_no_query,completed,True,32,0,3476.0,3476.0,232.0,49.29020940398914,22,0
maze-32-32-2__s07__n32,maze-32-32-2,7,maze-32-32-2__s07,32,core,speed_shift,history_structural,completed,True,32,32,3451.6666666666665,3451.6666666666665,228.0,26.774973868014058,8,0
maze-32-32-2__s07__n32,maze-32-32-2,7,maze-32-32-2__s07,32,core,speed_shift,learned_structural,completed,True,32,32,3479.0,3479.0,232.0,26.60359029698884,8,0
maze-32-32-2__s07__n32,maze-32-32-2,7,maze-32-32-2__s07,32,core,speed_shift,ewma_structural,completed,True,32,32,3466.0,3466.0,234.0,49.935489071998745,22,0
maze-32-32-2__s07__n32,maze-32-32-2,7,maze-32-32-2__s07,32,core,speed_shift,fixed_update,completed,True,32,32,3451.6666666666665,3451.6666666666665,228.0,23.61172637398704,6,0
maze-32-32-2__s07__n32,maze-32-32-2,7,maze-32-32-2__s07,32,core,speed_shift,history_rule,completed,True,32,32,3451.6666666666665,3451.6666666666665,228.0,20.03203952900367,4,0
warehouse-10-20-10-2-1__s06__n16,warehouse-10-20-10-2-1,6,warehouse-10-20-10-2-1__s06,16,core,stable,history_no_query,completed,True,16,0,1061.0,1061.0,181.99999999999997,6.280271836993052,11,0
warehouse-10-20-10-2-1__s06__n16,warehouse-10-20-10-2-1,6,warehouse-10-20-10-2-1__s06,16,core,stable,learned_no_query,completed,True,16,0,1061.0,1061.0,181.99999999999997,5.030090700020082,11,0
warehouse-10-20-10-2-1__s06__n16,warehouse-10-20-10-2-1,6,warehouse-10-20-10-2-1__s06,16,core,stable,ewma_no_query,completed,True,16,0,1061.0,1061.0,181.99999999999997,5.093960489000892,11,0
warehouse-10-20-10-2-1__s06__n16,warehouse-10-20-10-2-1,6,warehouse-10-20-10-2-1__s06,16,core,stable,history_structural,completed,True,16,0,1061.0,1061.0,181.99999999999997,1.2868970810086466,0,0
warehouse-10-20-10-2-1__s06__n16,warehouse-10-20-10-2-1,6,warehouse-10-20-10-2-1__s06,16,core,stable,learned_structural,completed,True,16,0,1061.0,1061.0,181.99999999999997,1.2718266760057304,0,0
warehouse-10-20-10-2-1__s06__n16,warehouse-10-20-10-2-1,6,warehouse-10-20-10-2-1__s06,16,core,stable,ewma_structural,completed,True,16,0,1061.0,1061.0,181.99999999999997,1.2799195210100152,0,0
warehouse-10-20-10-2-1__s06__n16,warehouse-10-20-10-2-1,6,warehouse-10-20-10-2-1__s06,16,core,stable,fixed_update,completed,True,16,16,1061.0,1061.0,181.99999999999997,1.2603168110072147,0,0
warehouse-10-20-10-2-1__s06__n16,warehouse-10-20-10-2-1,6,warehouse-10-20-10-2-1__s06,16,core,stable,history_rule,completed,True,16,3,1061.0,1061.0,181.99999999999997,1.2849081179883797,0,0
warehouse-10-20-10-2-1__s06__n16,warehouse-10-20-10-2-1,6,warehouse-10-20-10-2-1__s06,16,core,bounded_pause,history_no_query,completed,True,16,0,1682.0,1682.0,344.0,10.132426389987813,22,0
warehouse-10-20-10-2-1__s06__n16,warehouse-10-20-10-2-1,6,warehouse-10-20-10-2-1__s06,16,core,bounded_pause,learned_no_query,completed,True,16,0,1682.0,1682.0,344.0,10.256943788990611,22,0
warehouse-10-20-10-2-1__s06__n16,warehouse-10-20-10-2-1,6,warehouse-10-20-10-2-1__s06,16,core,bounded_pause,ewma_no_query,completed,True,16,0,1682.0,1682.0,344.0,10.34217921999516,22,0
warehouse-10-20-10-2-1__s06__n16,warehouse-10-20-10-2-1,6,warehouse-10-20-10-2-1__s06,16,core,bounded_pause,history_structural,completed,True,16,2,1682.0,1682.0,344.0,2.813484762009466,1,0
warehouse-10-20-10-2-1__s06__n16,warehouse-10-20-10-2-1,6,warehouse-10-20-10-2-1__s06,16,core,bounded_pause,learned_structural,completed,True,16,2,1682.0,1682.0,344.0,2.8735492219857406,1,0
warehouse-10-20-10-2-1__s06__n16,warehouse-10-20-10-2-1,6,warehouse-10-20-10-2-1__s06,16,core,bounded_pause,ewma_structural,completed,True,16,2,1682.0,1682.0,344.0,2.8460597780067474,1,0
warehouse-10-20-10-2-1__s06__n16,warehouse-10-20-10-2-1,6,warehouse-10-20-10-2-1__s06,16,core,bounded_pause,fixed_update,completed,True,16,16,1682.0,1682.0,344.0,4.972692985000322,7,0
warehouse-10-20-10-2-1__s06__n16,warehouse-10-20-10-2-1,6,warehouse-10-20-10-2-1__s06,16,core,bounded_pause,history_rule,completed,True,16,7,1682.0,1682.0,344.0,4.34765953902388,5,0
warehouse-10-20-10-2-1__s06__n16,warehouse-10-20-10-2-1,6,warehouse-10-20-10-2-1__s06,16,core,speed_shift,history_no_query,completed,True,16,0,1610.0,1610.0,300.99999999999994,8.870060390006984,19,0
warehouse-10-20-10-2-1__s06__n16,warehouse-10-20-10-2-1,6,warehouse-10-20-10-2-1__s06,16,core,speed_shift,learned_no_query,completed,True,16,0,1610.0,1610.0,300.99999999999994,8.91949569497956,19,0
warehouse-10-20-10-2-1__s06__n16,warehouse-10-20-10-2-1,6,warehouse-10-20-10-2-1__s06,16,core,speed_shift,ewma_no_query,completed,True,16,0,1610.0,1610.0,300.99999999999994,8.69873357299366,19,0
warehouse-10-20-10-2-1__s06__n16,warehouse-10-20-10-2-1,6,warehouse-10-20-10-2-1__s06,16,core,speed_shift,history_structural,completed,True,16,0,1610.0,1610.0,300.99999999999994,2.02986356097972,0,0
warehouse-10-20-10-2-1__s06__n16,warehouse-10-20-10-2-1,6,warehouse-10-20-10-2-1__s06,16,core,speed_shift,learned_structural,completed,True,16,0,1610.0,1610.0,300.99999999999994,2.0315495090035256,0,0
warehouse-10-20-10-2-1__s06__n16,warehouse-10-20-10-2-1,6,warehouse-10-20-10-2-1__s06,16,core,speed_shift,ewma_structural,completed,True,16,0,1610.0,1610.0,300.99999999999994,2.0059567910211626,0,0
warehouse-10-20-10-2-1__s06__n16,warehouse-10-20-10-2-1,6,warehouse-10-20-10-2-1__s06,16,core,speed_shift,fixed_update,completed,True,16,16,1610.0,1610.0,300.99999999999994,4.146715615002904,6,0
warehouse-10-20-10-2-1__s06__n16,warehouse-10-20-10-2-1,6,warehouse-10-20-10-2-1__s06,16,core,speed_shift,history_rule,completed,True,16,7,1610.0,1610.0,300.99999999999994,3.0937897200055886,3,0
warehouse-10-20-10-2-1__s06__n32,warehouse-10-20-10-2-1,6,warehouse-10-20-10-2-1__s06,32,core,stable,history_no_query,completed,True,32,0,2513.0,2513.0,181.99999999999997,14.193790129007539,11,0
warehouse-10-20-10-2-1__s06__n32,warehouse-10-20-10-2-1,6,warehouse-10-20-10-2-1__s06,32,core,stable,learned_no_query,completed,True,32,0,2513.0,2513.0,181.99999999999997,14.49917824898148,11,0
warehouse-10-20-10-2-1__s06__n32,warehouse-10-20-10-2-1,6,warehouse-10-20-10-2-1__s06,32,core,stable,ewma_no_query,completed,True,32,0,2513.0,2513.0,181.99999999999997,14.227520607004408,11,0
warehouse-10-20-10-2-1__s06__n32,warehouse-10-20-10-2-1,6,warehouse-10-20-10-2-1__s06,32,core,stable,history_structural,completed,True,32,0,2513.0,2513.0,181.99999999999997,4.284552029013867,0,0
warehouse-10-20-10-2-1__s06__n32,warehouse-10-20-10-2-1,6,warehouse-10-20-10-2-1__s06,32,core,stable,learned_structural,completed,True,32,0,2513.0,2513.0,181.99999999999997,4.135898829990765,0,0
warehouse-10-20-10-2-1__s06__n32,warehouse-10-20-10-2-1,6,warehouse-10-20-10-2-1__s06,32,core,stable,ewma_structural,completed,True,32,0,2513.0,2513.0,181.99999999999997,4.152962737978669,0,0
warehouse-10-20-10-2-1__s06__n32,warehouse-10-20-10-2-1,6,warehouse-10-20-10-2-1__s06,32,core,stable,fixed_update,completed,True,32,32,2513.0,2513.0,181.99999999999997,4.154266366007505,0,0
warehouse-10-20-10-2-1__s06__n32,warehouse-10-20-10-2-1,6,warehouse-10-20-10-2-1__s06,32,core,stable,history_rule,completed,True,32,20,2513.0,2513.0,181.99999999999997,4.195701752003515,0,0
warehouse-10-20-10-2-1__s06__n32,warehouse-10-20-10-2-1,6,warehouse-10-20-10-2-1__s06,32,core,bounded_pause,history_no_query,completed,True,32,0,3857.5833333333335,3857.5833333333335,343.99999999999994,27.797814024990657,22,0
warehouse-10-20-10-2-1__s06__n32,warehouse-10-20-10-2-1,6,warehouse-10-20-10-2-1__s06,32,core,bounded_pause,learned_no_query,completed,True,32,0,3857.5833333333335,3857.5833333333335,343.99999999999994,28.42979571898468,22,0
warehouse-10-20-10-2-1__s06__n32,warehouse-10-20-10-2-1,6,warehouse-10-20-10-2-1__s06,32,core,bounded_pause,ewma_no_query,completed,True,32,0,3857.5833333333335,3857.5833333333335,343.99999999999994,28.97116491899942,22,0
warehouse-10-20-10-2-1__s06__n32,warehouse-10-20-10-2-1,6,warehouse-10-20-10-2-1__s06,32,core,bounded_pause,history_structural,completed,True,32,11,3857.5833333333335,3857.5833333333335,343.99999999999994,13.839440992975142,6,0
warehouse-10-20-10-2-1__s06__n32,warehouse-10-20-10-2-1,6,warehouse-10-20-10-2-1__s06,32,core,bounded_pause,learned_structural,completed,True,32,11,3857.5833333333335,3857.5833333333335,343.99999999999994,13.7061767920095,6,0
warehouse-10-20-10-2-1__s06__n32,warehouse-10-20-10-2-1,6,warehouse-10-20-10-2-1__s06,32,core,bounded_pause,ewma_structural,completed,True,32,11,3857.5833333333335,3857.5833333333335,343.99999999999994,13.820146287995158,6,0
warehouse-10-20-10-2-1__s06__n32,warehouse-10-20-10-2-1,6,warehouse-10-20-10-2-1__s06,32,core,bounded_pause,fixed_update,completed,True,32,32,3857.5833333333335,3857.5833333333335,343.99999999999994,15.719573300011689,8,0
warehouse-10-20-10-2-1__s06__n32,warehouse-10-20-10-2-1,6,warehouse-10-20-10-2-1__s06,32,core,bounded_pause,history_rule,completed,True,32,32,3857.5833333333335,3857.5833333333335,343.99999999999994,17.316066970990505,9,0
warehouse-10-20-10-2-1__s06__n32,warehouse-10-20-10-2-1,6,warehouse-10-20-10-2-1__s06,32,core,speed_shift,history_no_query,completed,True,32,0,3674.5833333333335,3674.5833333333335,300.99999999999994,24.69463923200965,19,0
warehouse-10-20-10-2-1__s06__n32,warehouse-10-20-10-2-1,6,warehouse-10-20-10-2-1__s06,32,core,speed_shift,learned_no_query,completed,True,32,0,3674.5833333333335,3674.5833333333335,300.99999999999994,24.441205045004608,19,0
warehouse-10-20-10-2-1__s06__n32,warehouse-10-20-10-2-1,6,warehouse-10-20-10-2-1__s06,32,core,speed_shift,ewma_no_query,completed,True,32,0,3674.5833333333335,3674.5833333333335,300.99999999999994,24.036193108011503,19,0
warehouse-10-20-10-2-1__s06__n32,warehouse-10-20-10-2-1,6,warehouse-10-20-10-2-1__s06,32,core,speed_shift,history_structural,completed,True,32,12,3674.5833333333335,3674.5833333333335,300.99999999999994,12.171753825008636,6,0
warehouse-10-20-10-2-1__s06__n32,warehouse-10-20-10-2-1,6,warehouse-10-20-10-2-1__s06,32,core,speed_shift,learned_structural,completed,True,32,12,3674.5833333333335,3674.5833333333335,300.99999999999994,12.28182647601352,6,0
warehouse-10-20-10-2-1__s06__n32,warehouse-10-20-10-2-1,6,warehouse-10-20-10-2-1__s06,32,core,speed_shift,ewma_structural,completed,True,32,12,3674.5833333333335,3674.5833333333335,300.99999999999994,12.238441026012879,6,0
warehouse-10-20-10-2-1__s06__n32,warehouse-10-20-10-2-1,6,warehouse-10-20-10-2-1__s06,32,core,speed_shift,fixed_update,completed,True,32,32,3674.5833333333335,3674.5833333333335,300.99999999999994,13.320613410003716,7,0
warehouse-10-20-10-2-1__s06__n32,warehouse-10-20-10-2-1,6,warehouse-10-20-10-2-1__s06,32,core,speed_shift,history_rule,completed,True,32,28,3674.5833333333335,3674.5833333333335,300.99999999999994,12.289567261002958,6,0
warehouse-10-20-10-2-1__s06__n64,warehouse-10-20-10-2-1,6,warehouse-10-20-10-2-1__s06,64,scale_extension,stable,history_no_query,completed,True,64,0,5797.0,5797.0,189.0,41.915062656014925,11,0
warehouse-10-20-10-2-1__s06__n64,warehouse-10-20-10-2-1,6,warehouse-10-20-10-2-1__s06,64,scale_extension,stable,learned_no_query,completed,True,64,0,5797.0,5797.0,189.0,42.087323459010804,11,0
warehouse-10-20-10-2-1__s06__n64,warehouse-10-20-10-2-1,6,warehouse-10-20-10-2-1__s06,64,scale_extension,stable,ewma_no_query,completed,True,64,0,5797.0,5797.0,189.0,35.43085597100435,8,0
warehouse-10-20-10-2-1__s06__n64,warehouse-10-20-10-2-1,6,warehouse-10-20-10-2-1__s06,64,scale_extension,stable,history_structural,completed,True,64,3,5797.0,5797.0,189.0,16.063767540006666,0,0
warehouse-10-20-10-2-1__s06__n64,warehouse-10-20-10-2-1,6,warehouse-10-20-10-2-1__s06,64,scale_extension,stable,learned_structural,completed,True,64,3,5797.0,5797.0,189.0,18.401917969982605,1,0
warehouse-10-20-10-2-1__s06__n64,warehouse-10-20-10-2-1,6,warehouse-10-20-10-2-1__s06,64,scale_extension,stable,ewma_structural,completed,True,64,3,5797.0,5797.0,189.0,17.82763806800358,1,0
warehouse-10-20-10-2-1__s06__n64,warehouse-10-20-10-2-1,6,warehouse-10-20-10-2-1__s06,64,scale_extension,bounded_pause,history_no_query,completed,True,64,0,8614.5,8614.5,344.0,77.4225840139843,21,0
warehouse-10-20-10-2-1__s06__n64,warehouse-10-20-10-2-1,6,warehouse-10-20-10-2-1__s06,64,scale_extension,bounded_pause,learned_no_query,completed,True,64,0,8563.75,8563.75,344.0,78.23738110199338,21,0
warehouse-10-20-10-2-1__s06__n64,warehouse-10-20-10-2-1,6,warehouse-10-20-10-2-1__s06,64,scale_extension,bounded_pause,ewma_no_query,completed,True,64,0,8597.25,8597.25,344.0,80.6498279789812,21,0
warehouse-10-20-10-2-1__s06__n64,warehouse-10-20-10-2-1,6,warehouse-10-20-10-2-1__s06,64,scale_extension,bounded_pause,history_structural,completed,True,64,62,8614.5,8614.5,344.0,62.544257722009206,15,0
warehouse-10-20-10-2-1__s06__n64,warehouse-10-20-10-2-1,6,warehouse-10-20-10-2-1__s06,64,scale_extension,bounded_pause,learned_structural,completed,True,64,62,8563.75,8563.75,344.0,65.52044711401686,15,0
warehouse-10-20-10-2-1__s06__n64,warehouse-10-20-10-2-1,6,warehouse-10-20-10-2-1__s06,64,scale_extension,bounded_pause,ewma_structural,completed,True,64,62,8628.75,8628.75,344.0,78.91813375300262,21,0
warehouse-10-20-10-2-1__s06__n64,warehouse-10-20-10-2-1,6,warehouse-10-20-10-2-1__s06,64,scale_extension,speed_shift,history_no_query,completed,True,64,0,8286.25,8286.25,306.75,70.95370438901591,19,0
warehouse-10-20-10-2-1__s06__n64,warehouse-10-20-10-2-1,6,warehouse-10-20-10-2-1__s06,64,scale_extension,speed_shift,learned_no_query,completed,True,64,0,8264.0,8264.0,306.75,68.18288313099765,19,0
warehouse-10-20-10-2-1__s06__n64,warehouse-10-20-10-2-1,6,warehouse-10-20-10-2-1__s06,64,scale_extension,speed_shift,ewma_no_query,completed,True,64,0,8281.0,8281.0,306.75,68.55281845401623,19,0
warehouse-10-20-10-2-1__s06__n64,warehouse-10-20-10-2-1,6,warehouse-10-20-10-2-1__s06,64,scale_extension,speed_shift,history_structural,completed,True,64,59,8286.25,8286.25,306.75,53.73016558800009,13,0
warehouse-10-20-10-2-1__s06__n64,warehouse-10-20-10-2-1,6,warehouse-10-20-10-2-1__s06,64,scale_extension,speed_shift,learned_structural,completed,True,64,57,8264.0,8264.0,306.75,53.82154520199401,13,0
warehouse-10-20-10-2-1__s06__n64,warehouse-10-20-10-2-1,6,warehouse-10-20-10-2-1__s06,64,scale_extension,speed_shift,ewma_structural,completed,True,64,55,8281.0,8281.0,306.75,68.51373315500678,19,0
warehouse-10-20-10-2-1__s07__n16,warehouse-10-20-10-2-1,7,warehouse-10-20-10-2-1__s07,16,core,stable,history_no_query,completed,True,16,0,1140.0,1140.0,168.0,5.567391018994385,11,0
warehouse-10-20-10-2-1__s07__n16,warehouse-10-20-10-2-1,7,warehouse-10-20-10-2-1__s07,16,core,stable,learned_no_query,completed,True,16,0,1140.0,1140.0,168.0,5.464177750982344,11,0
warehouse-10-20-10-2-1__s07__n16,warehouse-10-20-10-2-1,7,warehouse-10-20-10-2-1__s07,16,core,stable,ewma_no_query,completed,True,16,0,1140.0,1140.0,168.0,5.417590171011398,11,0
warehouse-10-20-10-2-1__s07__n16,warehouse-10-20-10-2-1,7,warehouse-10-20-10-2-1__s07,16,core,stable,history_structural,completed,True,16,0,1140.0,1140.0,168.0,1.4081819290004205,0,0
warehouse-10-20-10-2-1__s07__n16,warehouse-10-20-10-2-1,7,warehouse-10-20-10-2-1__s07,16,core,stable,learned_structural,completed,True,16,0,1140.0,1140.0,168.0,1.4015334819850978,0,0
warehouse-10-20-10-2-1__s07__n16,warehouse-10-20-10-2-1,7,warehouse-10-20-10-2-1__s07,16,core,stable,ewma_structural,completed,True,16,0,1140.0,1140.0,168.0,1.3970386639994103,0,0
warehouse-10-20-10-2-1__s07__n16,warehouse-10-20-10-2-1,7,warehouse-10-20-10-2-1__s07,16,core,stable,fixed_update,completed,True,16,16,1140.0,1140.0,168.0,1.4224389249866363,0,0
warehouse-10-20-10-2-1__s07__n16,warehouse-10-20-10-2-1,7,warehouse-10-20-10-2-1__s07,16,core,stable,history_rule,completed,True,16,5,1140.0,1140.0,168.0,1.3723787380149588,0,0
warehouse-10-20-10-2-1__s07__n16,warehouse-10-20-10-2-1,7,warehouse-10-20-10-2-1__s07,16,core,bounded_pause,history_no_query,completed,True,16,0,1547.25,1547.25,214.0,7.471037570008775,15,0
warehouse-10-20-10-2-1__s07__n16,warehouse-10-20-10-2-1,7,warehouse-10-20-10-2-1__s07,16,core,bounded_pause,learned_no_query,completed,True,16,0,1547.25,1547.25,214.0,7.453638081002282,15,0
warehouse-10-20-10-2-1__s07__n16,warehouse-10-20-10-2-1,7,warehouse-10-20-10-2-1__s07,16,core,bounded_pause,ewma_no_query,completed,True,16,0,1547.25,1547.25,214.0,7.57840472101816,15,0
warehouse-10-20-10-2-1__s07__n16,warehouse-10-20-10-2-1,7,warehouse-10-20-10-2-1__s07,16,core,bounded_pause,history_structural,completed,True,16,3,1547.25,1547.25,214.0,2.6849286500073504,2,0
warehouse-10-20-10-2-1__s07__n16,warehouse-10-20-10-2-1,7,warehouse-10-20-10-2-1__s07,16,core,bounded_pause,learned_structural,completed,True,16,3,1547.25,1547.25,214.0,3.0709217689873185,3,0
warehouse-10-20-10-2-1__s07__n16,warehouse-10-20-10-2-1,7,warehouse-10-20-10-2-1__s07,16,core,bounded_pause,ewma_structural,completed,True,16,3,1547.25,1547.25,214.0,3.1168299060082063,3,0
warehouse-10-20-10-2-1__s07__n16,warehouse-10-20-10-2-1,7,warehouse-10-20-10-2-1__s07,16,core,bounded_pause,fixed_update,completed,True,16,16,1547.25,1547.25,214.0,4.151753652986372,5,0
warehouse-10-20-10-2-1__s07__n16,warehouse-10-20-10-2-1,7,warehouse-10-20-10-2-1__s07,16,core,bounded_pause,history_rule,completed,True,16,7,1547.25,1547.25,214.0,2.0822727009945083,0,0
warehouse-10-20-10-2-1__s07__n16,warehouse-10-20-10-2-1,7,warehouse-10-20-10-2-1__s07,16,core,speed_shift,history_no_query,completed,True,16,0,1511.25,1511.25,210.0,7.715095949009992,14,0
warehouse-10-20-10-2-1__s07__n16,warehouse-10-20-10-2-1,7,warehouse-10-20-10-2-1__s07,16,core,speed_shift,learned_no_query,completed,True,16,0,1511.25,1511.25,210.0,7.7314312609960325,14,0
warehouse-10-20-10-2-1__s07__n16,warehouse-10-20-10-2-1,7,warehouse-10-20-10-2-1__s07,16,core,speed_shift,ewma_no_query,completed,True,16,0,1511.25,1511.25,210.0,7.808435373997781,14,0
warehouse-10-20-10-2-1__s07__n16,warehouse-10-20-10-2-1,7,warehouse-10-20-10-2-1__s07,16,core,speed_shift,history_structural,completed,True,16,2,1511.25,1511.25,210.0,2.5219245129846968,1,0
warehouse-10-20-10-2-1__s07__n16,warehouse-10-20-10-2-1,7,warehouse-10-20-10-2-1__s07,16,core,speed_shift,learned_structural,completed,True,16,2,1511.25,1511.25,210.0,2.885633722995408,2,0
warehouse-10-20-10-2-1__s07__n16,warehouse-10-20-10-2-1,7,warehouse-10-20-10-2-1__s07,16,core,speed_shift,ewma_structural,completed,True,16,2,1511.25,1511.25,210.0,2.9066181469825096,2,0
warehouse-10-20-10-2-1__s07__n16,warehouse-10-20-10-2-1,7,warehouse-10-20-10-2-1__s07,16,core,speed_shift,fixed_update,completed,True,16,16,1511.25,1511.25,210.0,2.8785954549966846,3,0
warehouse-10-20-10-2-1__s07__n16,warehouse-10-20-10-2-1,7,warehouse-10-20-10-2-1__s07,16,core,speed_shift,history_rule,completed,True,16,8,1511.25,1511.25,210.0,1.7651600489916746,0,0
warehouse-10-20-10-2-1__s07__n32,warehouse-10-20-10-2-1,7,warehouse-10-20-10-2-1__s07,32,core,stable,history_no_query,completed,True,32,0,2392.0,2392.0,168.0,12.783898257999681,11,0
warehouse-10-20-10-2-1__s07__n32,warehouse-10-20-10-2-1,7,warehouse-10-20-10-2-1__s07,32,core,stable,learned_no_query,completed,True,32,0,2392.0,2392.0,168.0,12.81701029400574,11,0
warehouse-10-20-10-2-1__s07__n32,warehouse-10-20-10-2-1,7,warehouse-10-20-10-2-1__s07,32,core,stable,ewma_no_query,completed,True,32,0,2392.0,2392.0,168.0,12.838370092009427,11,0
warehouse-10-20-10-2-1__s07__n32,warehouse-10-20-10-2-1,7,warehouse-10-20-10-2-1__s07,32,core,stable,history_structural,completed,True,32,0,2392.0,2392.0,168.0,3.840027769008884,0,0
warehouse-10-20-10-2-1__s07__n32,warehouse-10-20-10-2-1,7,warehouse-10-20-10-2-1__s07,32,core,stable,learned_structural,completed,True,32,0,2392.0,2392.0,168.0,3.8727127099991776,0,0
warehouse-10-20-10-2-1__s07__n32,warehouse-10-20-10-2-1,7,warehouse-10-20-10-2-1__s07,32,core,stable,ewma_structural,completed,True,32,0,2392.0,2392.0,168.0,3.837040340004023,0,0
warehouse-10-20-10-2-1__s07__n32,warehouse-10-20-10-2-1,7,warehouse-10-20-10-2-1__s07,32,core,stable,fixed_update,completed,True,32,32,2392.0,2392.0,168.0,4.267457263020333,0,0
warehouse-10-20-10-2-1__s07__n32,warehouse-10-20-10-2-1,7,warehouse-10-20-10-2-1__s07,32,core,stable,history_rule,completed,True,32,16,2392.0,2392.0,168.0,4.345140622986946,0,0
warehouse-10-20-10-2-1__s07__n32,warehouse-10-20-10-2-1,7,warehouse-10-20-10-2-1__s07,32,core,bounded_pause,history_no_query,completed,True,32,0,3180.25,3180.25,225.0,18.930950596026378,16,0
warehouse-10-20-10-2-1__s07__n32,warehouse-10-20-10-2-1,7,warehouse-10-20-10-2-1__s07,32,core,bounded_pause,learned_no_query,completed,True,32,0,3180.25,3180.25,225.0,18.688831506005954,16,0
warehouse-10-20-10-2-1__s07__n32,warehouse-10-20-10-2-1,7,warehouse-10-20-10-2-1__s07,32,core,bounded_pause,ewma_no_query,completed,True,32,0,3198.0,3198.0,225.0,18.987470473977737,16,0
warehouse-10-20-10-2-1__s07__n32,warehouse-10-20-10-2-1,7,warehouse-10-20-10-2-1__s07,32,core,bounded_pause,history_structural,completed,True,32,9,3180.25,3180.25,225.0,9.163928950991249,4,0
warehouse-10-20-10-2-1__s07__n32,warehouse-10-20-10-2-1,7,warehouse-10-20-10-2-1__s07,32,core,bounded_pause,learned_structural,completed,True,32,9,3180.25,3180.25,225.0,11.781995078985346,7,0
warehouse-10-20-10-2-1__s07__n32,warehouse-10-20-10-2-1,7,warehouse-10-20-10-2-1__s07,32,core,bounded_pause,ewma_structural,completed,True,32,9,3198.0,3198.0,225.0,11.731627394008683,7,0
warehouse-10-20-10-2-1__s07__n32,warehouse-10-20-10-2-1,7,warehouse-10-20-10-2-1__s07,32,core,bounded_pause,fixed_update,completed,True,32,32,3180.25,3180.25,225.0,8.447885150992079,3,0
warehouse-10-20-10-2-1__s07__n32,warehouse-10-20-10-2-1,7,warehouse-10-20-10-2-1__s07,32,core,bounded_pause,history_rule,completed,True,32,25,3180.25,3180.25,225.0,11.392856670980109,6,0
warehouse-10-20-10-2-1__s07__n32,warehouse-10-20-10-2-1,7,warehouse-10-20-10-2-1__s07,32,core,speed_shift,history_no_query,completed,True,32,0,3104.0,3104.0,233.0,19.280639948992757,16,0
warehouse-10-20-10-2-1__s07__n32,warehouse-10-20-10-2-1,7,warehouse-10-20-10-2-1__s07,32,core,speed_shift,learned_no_query,completed,True,32,0,3104.0,3104.0,233.0,18.555212642997503,16,0
warehouse-10-20-10-2-1__s07__n32,warehouse-10-20-10-2-1,7,warehouse-10-20-10-2-1__s07,32,core,speed_shift,ewma_no_query,completed,True,32,0,3104.0,3104.0,233.0,18.660887613979867,16,0
warehouse-10-20-10-2-1__s07__n32,warehouse-10-20-10-2-1,7,warehouse-10-20-10-2-1__s07,32,core,speed_shift,history_structural,completed,True,32,7,3104.0,3104.0,233.0,6.812132751016179,2,0
warehouse-10-20-10-2-1__s07__n32,warehouse-10-20-10-2-1,7,warehouse-10-20-10-2-1__s07,32,core,speed_shift,learned_structural,completed,True,32,7,3104.0,3104.0,233.0,7.810234856995521,3,0
warehouse-10-20-10-2-1__s07__n32,warehouse-10-20-10-2-1,7,warehouse-10-20-10-2-1__s07,32,core,speed_shift,ewma_structural,completed,True,32,7,3104.0,3104.0,233.0,7.795974328997545,3,0
warehouse-10-20-10-2-1__s07__n32,warehouse-10-20-10-2-1,7,warehouse-10-20-10-2-1__s07,32,core,speed_shift,fixed_update,completed,True,32,32,3104.0,3104.0,233.0,9.258876523992512,5,0
warehouse-10-20-10-2-1__s07__n32,warehouse-10-20-10-2-1,7,warehouse-10-20-10-2-1__s07,32,core,speed_shift,history_rule,completed,True,32,23,3104.0,3104.0,233.0,8.332545575976837,4,0
