world,family_key,split,budget,delta_N,delta_T_lower,delta_T_upper,delta_queries,task_relation,time_relation,task_time_conflict,service_records_equal,candidate_count,claim_count
empty-32-32_scen2_offset112_train_131102_B16,empty-32-32_scen2_offset112_train_131102,train,16,0,-4000367/1000000,-800057/200000,0,equal_tasks,C_faster,False,False,1,1
empty-32-32_scen2_offset112_train_131102_B8,empty-32-32_scen2_offset112_train_131102,train,8,0,4036509/1000000,4036591/1000000,0,equal_tasks,LD_faster,False,False,1,1
empty-32-32_scen2_offset128_train_131103_B16,empty-32-32_scen2_offset128_train_131103,train,16,0,0,0,0,equal_tasks,identical_service,False,True,1,1
empty-32-32_scen2_offset128_train_131103_B8,empty-32-32_scen2_offset128_train_131103,train,8,0,0,0,0,equal_tasks,identical_service,False,True,1,1
empty-32-32_scen2_offset144_train_131104_B16,empty-32-32_scen2_offset144_train_131104,train,16,0,-291743/500000,-291699/500000,0,equal_tasks,C_faster,False,False,1,1
empty-32-32_scen2_offset144_train_131104_B8,empty-32-32_scen2_offset144_train_131104,train,8,0,0,0,0,equal_tasks,identical_service,False,True,1,1
empty-32-32_scen2_offset160_train_131105_B16,empty-32-32_scen2_offset160_train_131105,train,16,-1,6336967/1000000,316853/50000,0,C_more_tasks,LD_faster,True,False,1,1
empty-32-32_scen2_offset160_train_131105_B8,empty-32-32_scen2_offset160_train_131105,train,8,0,0,0,0,equal_tasks,identical_service,False,True,1,1
empty-32-32_scen2_offset176_train_131106_B16,empty-32-32_scen2_offset176_train_131106,train,16,0,0,0,0,equal_tasks,identical_service,False,True,1,1
empty-32-32_scen2_offset176_train_131106_B8,empty-32-32_scen2_offset176_train_131106,train,8,1,-12751091/500000,-2550209/100000,0,LD_more_tasks,C_faster,True,False,1,1
empty-32-32_scen2_offset192_calibration_131201_B16,empty-32-32_scen2_offset192_calibration_131201,calibration,16,0,-1486747/250000,-1486727/250000,0,equal_tasks,C_faster,False,False,1,1
empty-32-32_scen2_offset192_calibration_131201_B8,empty-32-32_scen2_offset192_calibration_131201,calibration,8,0,0,0,0,equal_tasks,identical_service,False,True,1,1
empty-32-32_scen2_offset208_calibration_131202_B16,empty-32-32_scen2_offset208_calibration_131202,calibration,16,0,-36261/1000000,-36187/1000000,0,equal_tasks,C_faster,False,False,1,1
empty-32-32_scen2_offset208_calibration_131202_B8,empty-32-32_scen2_offset208_calibration_131202,calibration,8,2,10860481/125000,21720981/250000,0,LD_more_tasks,LD_faster,False,False,1,1
empty-32-32_scen2_offset224_test_131301_B16,empty-32-32_scen2_offset224_test_131301,test,16,0,0,0,0,equal_tasks,identical_service,False,True,1,1
empty-32-32_scen2_offset224_test_131301_B8,empty-32-32_scen2_offset224_test_131301,test,8,0,-342439/500000,-171197/250000,0,equal_tasks,C_faster,False,False,1,1
empty-32-32_scen2_offset240_test_131302_B16,empty-32-32_scen2_offset240_test_131302,test,16,0,0,0,0,equal_tasks,identical_service,False,True,1,1
empty-32-32_scen2_offset240_test_131302_B8,empty-32-32_scen2_offset240_test_131302,test,8,0,0,0,0,equal_tasks,identical_service,False,True,1,1
empty-32-32_scen2_offset256_test_131303_B16,empty-32-32_scen2_offset256_test_131303,test,16,0,-583483/1000000,-583399/1000000,0,equal_tasks,C_faster,False,False,1,1
empty-32-32_scen2_offset256_test_131303_B8,empty-32-32_scen2_offset256_test_131303,test,8,0,-356909/500000,-356867/500000,0,equal_tasks,C_faster,False,False,1,1
empty-32-32_scen2_offset272_test_131304_B16,empty-32-32_scen2_offset272_test_131304,test,16,0,-583491/1000000,-583393/1000000,0,equal_tasks,C_faster,False,False,1,1
empty-32-32_scen2_offset272_test_131304_B8,empty-32-32_scen2_offset272_test_131304,test,8,0,583393/1000000,583491/1000000,0,equal_tasks,LD_faster,False,False,1,1
empty-32-32_scen2_offset96_train_131101_B16,empty-32-32_scen2_offset96_train_131101,train,16,0,0,0,-2,equal_tasks,identical_service,False,True,1,1
empty-32-32_scen2_offset96_train_131101_B8,empty-32-32_scen2_offset96_train_131101,train,8,0,0,0,0,equal_tasks,identical_service,False,True,1,1
random-32-32-10_scen2_offset128_train_132101_B16,random-32-32-10_scen2_offset128_train_132101,train,16,0,0,0,0,equal_tasks,identical_service,False,True,1,1
random-32-32-10_scen2_offset128_train_132101_B8,random-32-32-10_scen2_offset128_train_132101,train,8,0,-129731/200000,-648563/1000000,0,equal_tasks,C_faster,False,False,1,1
random-32-32-10_scen2_offset144_train_132102_B16,random-32-32-10_scen2_offset144_train_132102,train,16,0,-23282/3125,-3725071/500000,0,equal_tasks,C_faster,False,False,1,1
random-32-32-10_scen2_offset144_train_132102_B8,random-32-32-10_scen2_offset144_train_132102,train,8,0,-195887/20000,-2448563/250000,0,equal_tasks,C_faster,False,False,1,1
random-32-32-10_scen2_offset160_train_132103_B16,random-32-32-10_scen2_offset160_train_132103,train,16,1,-603307/100000,-6032979/1000000,0,LD_more_tasks,C_faster,True,False,1,1
random-32-32-10_scen2_offset160_train_132103_B8,random-32-32-10_scen2_offset160_train_132103,train,8,-1,-681957/200000,-1704847/500000,0,C_more_tasks,C_faster,False,False,2,1
random-32-32-10_scen2_offset176_train_132104_B16,random-32-32-10_scen2_offset176_train_132104,train,16,0,0,0,0,equal_tasks,identical_service,False,True,1,1
random-32-32-10_scen2_offset176_train_132104_B8,random-32-32-10_scen2_offset176_train_132104,train,8,0,1083259/1000000,216669/200000,0,equal_tasks,LD_faster,False,False,1,1
random-32-32-10_scen2_offset192_train_132105_B16,random-32-32-10_scen2_offset192_train_132105,train,16,0,-16621011/1000000,-16620927/1000000,0,equal_tasks,C_faster,False,False,1,1
random-32-32-10_scen2_offset192_train_132105_B8,random-32-32-10_scen2_offset192_train_132105,train,8,1,1986591/125000,15892813/1000000,0,LD_more_tasks,LD_faster,False,False,2,1
random-32-32-10_scen2_offset208_train_132106_B16,random-32-32-10_scen2_offset208_train_132106,train,16,0,0,0,0,equal_tasks,identical_service,False,True,1,1
random-32-32-10_scen2_offset208_train_132106_B8,random-32-32-10_scen2_offset208_train_132106,train,8,0,0,0,0,equal_tasks,identical_service,False,True,1,1
random-32-32-10_scen2_offset224_calibration_132201_B16,random-32-32-10_scen2_offset224_calibration_132201,calibration,16,0,10398571/1000000,10398651/1000000,0,equal_tasks,LD_faster,False,False,1,1
random-32-32-10_scen2_offset224_calibration_132201_B8,random-32-32-10_scen2_offset224_calibration_132201,calibration,8,-1,-10587011/1000000,-1058693/100000,0,C_more_tasks,C_faster,False,False,1,1
random-32-32-10_scen2_offset240_calibration_132202_B16,random-32-32-10_scen2_offset240_calibration_132202,calibration,16,0,1333401/1000000,1333483/1000000,-2,equal_tasks,LD_faster,False,False,1,1
random-32-32-10_scen2_offset240_calibration_132202_B8,random-32-32-10_scen2_offset240_calibration_132202,calibration,8,0,-76677/40000,-1916843/1000000,0,equal_tasks,C_faster,False,False,1,1
random-32-32-10_scen2_offset256_test_132301_B16,random-32-32-10_scen2_offset256_test_132301,test,16,1,868299/125000,6946483/1000000,0,LD_more_tasks,LD_faster,False,False,1,1
random-32-32-10_scen2_offset256_test_132301_B8,random-32-32-10_scen2_offset256_test_132301,test,8,0,0,0,0,equal_tasks,identical_service,False,True,2,1
random-32-32-10_scen2_offset272_test_132302_B16,random-32-32-10_scen2_offset272_test_132302,test,16,0,0,0,0,equal_tasks,identical_service,False,True,1,1
random-32-32-10_scen2_offset272_test_132302_B8,random-32-32-10_scen2_offset272_test_132302,test,8,0,-583479/1000000,-116681/200000,0,equal_tasks,C_faster,False,False,1,1
random-32-32-10_scen2_offset288_test_132303_B16,random-32-32-10_scen2_offset288_test_132303,test,16,0,0,0,0,equal_tasks,identical_service,False,True,1,1
random-32-32-10_scen2_offset288_test_132303_B8,random-32-32-10_scen2_offset288_test_132303,test,8,0,0,0,0,equal_tasks,identical_service,False,True,1,1
random-32-32-10_scen2_offset304_test_132304_B16,random-32-32-10_scen2_offset304_test_132304,test,16,0,145849/250000,291743/500000,0,equal_tasks,LD_faster,False,False,1,1
random-32-32-10_scen2_offset304_test_132304_B8,random-32-32-10_scen2_offset304_test_132304,test,8,0,0,0,0,equal_tasks,identical_service,False,True,1,1
