run,map,condition,policy,normal_station_END,views,rows,censored_moves,candidate_edge_calls,candidate_nonzero_calls,planner_request_seconds,forecast_seconds,whole_native_wall_seconds,unfinished_tasks,learned_MAE,history_MAE
test_empty-32-32_931721_nominal_hm_GPIBT,empty-32-32,nominal,hm_GPIBT,25,68,535,8,0,0,0.050918190099764615,2.9095914214849472e-05,19.99913563299924,8,6.420499519385109,9.164629135143153
test_empty-32-32_931721_nominal_trained,empty-32-32,nominal,trained,20,68,535,8,0,0,0.08380788101931103,2.5962013751268387e-05,20.177448749018367,8,6.274783857986067,9.1156608811749
test_empty-32-32_931721_nominal_history,empty-32-32,nominal,history,25,68,534,8,3817,91,0.1971245431341231,0.9791892189823557,19.369640719989548,8,6.7129727953585,9.628546162534926
test_empty-32-32_931721_nominal_learned,empty-32-32,nominal,learned,25,68,534,8,3817,91,0.1907017560733948,0.9530168061610311,19.985137590003433,8,6.7129727953585,9.628546162534926
test_empty-32-32_931721_axis_hm_GPIBT,empty-32-32,axis,hm_GPIBT,23,66,519,8,0,0,0.05045358490315266,2.9983872082084417e-05,20.2954521359934,8,6.50616494759781,8.724654402544576
test_empty-32-32_931721_axis_trained,empty-32-32,axis,trained,19,65,516,3,0,0,0.08301091677276418,2.9029877623543143e-05,19.64694695000071,8,6.270084923577195,8.640486188015258
test_empty-32-32_931721_axis_history,empty-32-32,axis,history,22,65,517,1,3661,85,0.18469432715210132,0.8939019281242508,19.825058258982608,8,6.729926846803467,9.134733351754628
test_empty-32-32_931721_axis_learned,empty-32-32,axis,learned,22,65,518,1,3424,78,0.19420929389889352,0.9228104329376947,19.697659656987526,8,7.061361709607028,9.394858123429552
test_empty-32-32_931721_unknown_shift_hm_GPIBT,empty-32-32,unknown_shift,hm_GPIBT,17,50,398,1,0,0,0.03849974894546904,1.8369959434494376e-05,18.11423437000485,8,7.120990969361305,8.675940216957805
test_empty-32-32_931721_unknown_shift_trained,empty-32-32,unknown_shift,trained,15,52,412,3,0,0,0.06480661506066099,2.1837971871718764e-05,18.30417292402126,8,6.789569905706616,8.81768569887502
test_empty-32-32_931721_unknown_shift_history,empty-32-32,unknown_shift,history,17,52,410,5,2843,50,0.14561929798219353,0.6955365291214548,18.285222425009124,8,7.462848022365334,9.294551877661634
test_empty-32-32_931721_unknown_shift_learned,empty-32-32,unknown_shift,learned,17,52,410,5,2843,50,0.15090618800604716,0.7304829949280247,17.650129107001703,8,7.462848022365334,9.294551877661634
test_random-32-32-10_931721_nominal_hm_GPIBT,random-32-32-10,nominal,hm_GPIBT,21,68,535,8,0,0,0.051871164032490924,3.01629479508847e-05,20.49387741400278,8,6.853158475455832,10.084031300993917
test_random-32-32-10_931721_nominal_trained,random-32-32-10,nominal,trained,17,67,528,8,0,0,0.07873068092158064,3.0257157050073147e-05,20.27309975901153,8,6.71687564015483,10.191442700817701
test_random-32-32-10_931721_nominal_history,random-32-32-10,nominal,history,21,67,532,2,3508,117,0.20325564604718238,0.951843562128488,20.702663806005148,8,6.684463419240493,9.688513694951665
test_random-32-32-10_931721_nominal_learned,random-32-32-10,nominal,learned,21,67,532,2,3517,120,0.20076183206401765,0.9220065369736403,20.56755031697685,8,6.682597543025291,9.695233619763695
test_random-32-32-10_931721_axis_hm_GPIBT,random-32-32-10,axis,hm_GPIBT,19,64,503,8,0,0,0.04952032302389853,3.174104494974017e-05,21.116204874997493,8,6.969665939047409,9.744959607434756
test_random-32-32-10_931721_axis_trained,random-32-32-10,axis,trained,16,64,504,8,0,0,0.07970454005408101,3.4947850508615375e-05,20.690557024005102,8,6.78079798785204,9.728874559082893
test_random-32-32-10_931721_axis_history,random-32-32-10,axis,history,19,64,506,4,2677,93,0.19096698696375825,0.8626486858702265,20.205289713980164,8,6.922202399431409,9.195096932053454
test_random-32-32-10_931721_axis_learned,random-32-32-10,axis,learned,19,64,506,4,2686,96,0.19397154482430778,0.8689599789504427,20.52025934300036,8,6.938561624068023,9.205488895162809
test_random-32-32-10_931721_unknown_shift_hm_GPIBT,random-32-32-10,unknown_shift,hm_GPIBT,15,52,414,1,0,0,0.04302473706775345,2.2546941181644797e-05,18.539551808004035,8,7.75502712813816,9.845346407484088
test_random-32-32-10_931721_unknown_shift_trained,random-32-32-10,unknown_shift,trained,13,53,416,8,0,0,0.06566766102332622,2.1996936993673444e-05,19.017195902008098,8,7.549032302493558,9.831950167887667
test_random-32-32-10_931721_unknown_shift_history,random-32-32-10,unknown_shift,history,15,53,421,1,2395,82,0.1559697569173295,0.7456547030014917,18.99042068500421,8,7.193301166998143,9.089669343588584
test_random-32-32-10_931721_unknown_shift_learned,random-32-32-10,unknown_shift,learned,15,53,421,1,2404,85,0.16428286186419427,0.7171482670528349,19.260079593979754,8,7.149828712124017,9.037967047468236
