trial,agent,tick,sequence,episode_id,paused,progress_m,lateral_m,left_cm_s,right_cm_s
nominal,1,10,50,1:0:10,False,0.0,0.0,20.0,20.0
nominal,1,11,55,1:0:10,False,0.016678571388657693,0.0,40.0,40.0
nominal,1,12,60,1:0:10,False,0.0533571427773154,0.0,52.92107412306237,52.92107412306237
nominal,1,13,65,1:0:10,False,0.10458685920531785,0.0,57.07657528143968,57.07657528143968
nominal,1,14,70,1:0:10,False,0.1612478843709204,0.0,57.58409104103413,57.58409104103413
nominal,1,15,75,1:0:10,False,0.2187812238359952,0.0,56.573985813463274,56.573985813463274
nominal,1,16,80,1:0:10,False,0.27545622017221616,0.0,54.93041541327731,54.93041541327731
nominal,1,17,85,1:0:10,False,0.3305509926255117,0.0,53.02062137034912,53.02062137034912
nominal,1,18,90,1:0:10,False,0.3837625934001543,0.0,50.9972039763479,50.9972039763479
nominal,1,19,95,1:0:10,False,0.43496213911590287,0.0,48.923511643759824,48.923511643759824
nominal,1,20,101,1:0:10,False,0.484093019992921,0.0,46.82570762049203,46.82570762049203
nominal,1,21,106,1:0:10,False,0.5311285080157402,0.0,44.714411828229714,44.714411828229714
nominal,1,22,111,1:0:10,False,0.5760540494231969,0.0,42.59370209624804,42.59370209624804
nominal,1,23,116,1:0:10,False,0.6188598224926427,0.0,40.46485490412156,40.46485490412156
nominal,1,24,121,1:0:10,False,0.6595375621159763,0.0,38.327891075333135,38.327891075333135
nominal,1,25,126,1:0:10,False,0.6980791495741887,0.0,36.18220015972071,36.18220015972071
nominal,1,26,131,1:0:10,False,0.7344759188254701,0.0,34.026771668664125,34.026771668664125
nominal,1,27,136,1:0:10,False,0.7687182333432405,0.0,31.86024959280768,31.86024959280768
nominal,1,28,141,1:0:10,False,0.800795135143634,0.0,29.68089426207749,29.68089426207749
nominal,1,29,146,1:0:10,False,0.8306939649387852,0.0,27.486476011291636,27.486476011291636
nominal,1,30,151,1:0:10,False,0.8583998827751553,0.0,25.274092104638274,25.274092104638274
nominal,1,31,156,1:0:10,False,0.8838952132704596,0.0,23.039868583418883,23.039868583418883
nominal,1,32,161,1:0:10,False,0.9071585042060004,0.0,20.778462468746294,20.778462468746294
nominal,1,33,166,1:0:10,False,0.9281631072862144,0.0,18.48218267046573,18.48218267046573
nominal,1,34,171,1:0:10,False,0.9468749179365077,0.0,16.13930766586259,16.13930766586259
nominal,1,35,176,1:0:10,False,0.9632485131028312,0.0,13.730483621299614,13.730483621299614
nominal,1,49,265,1:3:49,False,-0.0,-0.020926881276705833,32.208565699690716,35.25240154290851
nominal,1,50,271,1:3:49,False,0.02559502619908751,-0.02078258376863862,50.88429535031538,51.02571530666781
nominal,1,51,277,1:3:49,False,0.07399562018630787,-0.02031420747300894,56.82954495128355,56.97601271856777
nominal,1,52,283,1:3:49,False,0.13029888103970486,-0.01958525780372522,58.052180193909805,58.256683635864775
nominal,1,53,289,1:3:49,False,0.188322322839772,-0.01876327187076887,57.37004962039921,57.53852670404947
nominal,1,54,295,1:3:49,False,0.2458396712743474,-0.017869176943134946,55.864322268268914,56.0171080726003
nominal,1,55,301,1:3:49,False,0.3019238334972904,-0.01692742077931242,54.01763306001612,54.15497291196264
nominal,1,56,307,1:3:49,False,0.3561868753734501,-0.015955734448016345,52.025346559791736,52.14937924472239
nominal,1,57,313,1:3:49,False,0.4084647833955008,-0.014967140217951425,49.96900770275295,50.08181558109084
nominal,0,58,318,0:2:58,False,0.0,-0.0,19.256129491256754,20.743870508743246
nominal,1,58,321,1:3:49,False,0.4586865289572958,-0.013971950197653182,47.882508829246035,47.98586470016458
nominal,0,59,325,0:2:58,False,0.01667853171301993,3.637944939587073e-05,34.28621829439587,34.47675797892688
nominal,1,59,329,1:3:49,False,0.5068195868969543,-0.012978563953768063,45.779756900260146,45.8752153976128
nominal,0,60,333,0:2:58,False,0.049076245596451865,-8.31890526825092e-05,50.76425816218634,50.749856446361036
nominal,1,60,336,1:3:49,False,0.5528472129046564,-0.011994002312131435,43.66628263016277,43.75520223225767
nominal,0,61,339,0:2:58,False,0.09745090367406238,-0.00018893831579976024,56.325184149765754,56.38235423987813
nominal,1,61,342,1:3:49,False,0.5967589217945075,-0.011024242043408572,41.54404396279045,41.627625187743284
nominal,0,62,345,0:2:58,False,0.1532448999084147,-0.0002955028066639405,57.4389672035077,57.48178632827093
nominal,1,62,348,1:3:49,False,0.63854645360963,-0.010074441641898746,39.413420070875965,39.49274270046046
nominal,0,63,351,0:2:58,False,0.21059454365792152,-0.00038633727871835135,56.68026095832953,56.7193089658454
nominal,1,63,354,1:3:49,False,0.6782020150560327,-0.00914910533258495,37.27402633379638,37.35008514219037
nominal,0,64,357,0:2:58,False,0.2673703421399561,-0.00045813921924602307,55.142849562135446,55.17810258474403
nominal,1,64,360,1:3:49,False,0.7157174530920933,-0.008252209052641124,35.12502951611803,35.19877003145889
nominal,0,65,363,0:2:58,False,0.3226847223426436,-0.0005123431076077059,53.27867017634759,53.31039524043955
nominal,1,65,366,1:3:49,False,0.7510837936049751,-0.007387301723638329,32.96524317549239,33.03759996201427
nominal,0,66,369,0:2:58,False,0.37616583525733516,-0.0005509987589246011,51.275452517267226,51.30419912754711
nominal,1,66,372,1:3:49,False,0.7842908985910649,-0.006557589777901995,30.793114773072464,30.86505617062114
nominal,0,67,375,0:2:58,False,0.42765612543303105,-0.0005762870651137812,49.21127918627472,49.237498740402856
nominal,1,67,378,1:3:49,False,0.8153271242946026,-0.0057660103194274726,28.60664212796881,28.679227732948583
nominal,0,68,382,0:3:68,False,-0.02291294397484661,-0.0005902007759725095,47.1184638933096,47.14256033775576
nominal,1,68,385,1:3:49,False,0.8441789089233377,-0.0050152971647272615,26.40321936996959,26.47768100047996
nominal,0,69,388,0:3:68,False,0.024426955552645846,-0.0005944862443668814,45.0102162932815,45.03254335630497
nominal,1,69,391,1:3:49,False,0.8708302246015662,-0.004308043776075854,24.179383973449237,24.25724989673576
nominal,0,70,394,0:3:68,False,0.06965924838070436,-0.0005906560705786004,42.89171663114973,42.91258502213659
nominal,1,70,397,1:3:49,False,0.8952618069716711,-0.0036467676861779985,21.930397734315676,22.01369950102068
nominal,0,71,400,0:3:68,False,0.11277332074280033,-0.0005800186472103303,40.76472179387801,40.784408013580816
nominal,1,71,403,1:3:49,False,0.9174500218829644,-0.0030339827555567744,19.649518062682354,19.741165346204532
nominal,0,72,406,0:3:68,False,0.15376064095084996,-0.0005637096598816379,38.62947306156972,38.64822798251827
nominal,1,72,409,1:3:49,False,0.9373651144021775,-0.002472289544358963,17.326633373140425,17.431162982408637
nominal,0,73,412,0:3:68,False,0.19261305720505784,-0.0005427204547358469,36.485472717022475,36.50353006117291
nominal,1,73,415,1:3:49,False,0.9549683342238959,-0.001964503011530283,14.9454287931326,15.070699935871172
nominal,0,74,418,0:3:68,False,0.22932198510014945,-0.0005179223532463858,34.33178024888787,34.34936530485804
nominal,0,75,425,0:3:68,False,0.26387793950016114,-0.0004900872203413099,32.16709578731144,32.18443506403783
nominal,0,76,430,0:3:68,False,0.2962701715750289,-0.0004599049071138405,29.9897365179972,30.007069448558134
nominal,0,77,435,0:3:68,False,0.32648629393452855,-0.00042799822800872964,27.797540136845047,27.81513466664423
nominal,0,78,440,0:3:68,False,0.3545118183719693,-0.00039493610778212413,25.58769180168947,25.60586709155844
nominal,0,79,445,0:3:68,False,0.3803295316124805,-0.0003612455300549045,23.356440281472338,23.375602650125472
nominal,0,80,450,0:3:68,False,0.4039186046095059,-0.000327422987106758,21.098624532836567,21.11932921517036
nominal,0,81,455,0:3:68,False,0.42525325965896554,-0.0002939463393809342,18.8068409898483,18.82990805965102
nominal,0,82,460,0:3:68,False,0.44430066640159505,-0.0002612884984128508,16.46985927654242,16.496615564474755
nominal,0,83,465,0:3:68,False,0.4610173881084527,-0.0002299355625937764,14.069256947258296,14.102116954084053
nominal,1,90,506,1:5:90,False,-0.027685351395488444,-0.0014513471268857714,35.675186511999954,34.340942217003814
nominal,1,91,512,1:5:90,False,-0.0013357254486842107,-0.0006443306540564464,52.114508140435454,51.837285358796
nominal,1,92,518,1:5:90,False,0.048126072863800884,0.0004902713475407605,58.04980853026969,57.57680374252439
nominal,1,93,524,1:5:90,False,0.1053446800442881,0.0016092449059665892,59.226887417313606,58.80971001307218
nominal,1,94,530,1:5:90,False,0.16423454685762207,0.0025742042032119716,58.48537006322081,58.112493428123585
nominal,1,95,536,1:5:90,False,0.22260018808862947,0.0033535518282201693,56.94506275760658,56.61093089212689
nominal,1,96,542,1:5:90,False,0.27952704437969333,0.003958574570216311,55.07104862111498,54.77174051721765
nominal,1,97,548,1:5:90,False,0.3346322379143152,0.004409681828989265,53.05737505410582,52.78775685394959
nominal,1,98,554,1:5:90,False,0.387753719594808,0.0047283173422125735,50.98403061812462,50.73957375982347
nominal,0,99,559,0:5:99,False,-0.00019640816374129127,0.02273292424752338,34.36701362991187,30.605402586055888
nominal,1,99,562,1:5:90,False,0.4388211746204713,0.004934084163565333,48.88396064629559,48.66069170674416
nominal,0,100,565,0:5:99,False,0.02465210068348212,0.02259939086464735,39.39053876599713,38.95391013306118
nominal,1,100,569,1:5:90,False,0.48780231769594384,0.005044125643794972,46.770495317532536,46.564965988448336
nominal,0,101,572,0:5:99,False,0.06315199436943042,0.022072404208790752,41.02187493606602,40.5100712233371
nominal,1,101,575,1:5:90,False,0.5346804931991447,0.005073237321882473,44.648773897514914,44.457986887823125
nominal,0,102,578,0:5:99,False,0.10375088469787049,0.021283997491414297,40.48344163430737,39.93817564668659
nominal,1,102,581,1:5:90,False,0.5794452869823061,0.005034163973192007,42.52048857336225,42.341812354291086
nominal,0,103,584,0:5:99,False,0.14400636467959338,0.020350534544121168,39.00295582601983,38.48534517919812
nominal,1,103,587,1:5:90,False,0.6220885480591019,0.004937916219306837,40.38584575993419,40.21693326476029
nominal,0,104,590,0:5:99,False,0.18288295854713413,0.019299848046246515,37.13703164351541,36.63648257344041
nominal,1,104,593,1:5:90,False,0.662602655116086,0.0047940556605132745,38.24436704394594,38.08307892979927
nominal,0,105,596,0:5:99,False,0.21993790710979566,0.018160109981288586,35.10152664942393,34.61416545039839
nominal,1,105,599,1:5:90,False,0.7009797052282358,0.004610938554514554,36.09520155550751,35.939531575898165
nominal,0,106,602,0:5:99,False,0.25497794430951165,0.016956119297368955,32.98912382985406,32.50968296236257
nominal,1,106,605,1:5:90,False,0.7372110671349923,0.004395920833499489,33.937227591042465,33.78522536996409
nominal,0,107,608,0:5:99,False,0.2879145712906258,0.015709011763185288,30.838280239793534,30.3606499581605
nominal,1,107,611,1:5:90,False,0.7712870577078956,0.0041555305284485256,31.76905607040659,31.618740208994225
nominal,0,108,614,0:5:99,False,0.3187027614729269,0.014437334468272223,28.664325582077097,28.181555898735553
nominal,1,108,617,1:5:90,False,0.8031966283431262,0.0038956139810448764,29.588977712339503,29.438228352592414
nominal,0,109,620,0:5:99,False,0.3473147386379316,0.01315771404217203,26.472611416975845,25.97645665979944
nominal,1,109,623,1:5:90,False,0.8329269952595764,0.0036214617806978877,27.394863158884693,27.241276019046698
nominal,0,110,627,0:5:99,False,0.3737284718374265,0.011885371248006704,39.397284138571955,41.6487526540246
nominal,1,110,630,1:5:90,False,0.8604631568797174,0.0033379199642289414,25.18400606179786,25.024675840097068
nominal,0,111,633,0:5:99,False,0.41223307146442567,0.009892657049596076,45.24038587050899,45.367521038952034
nominal,1,111,636,1:5:90,False,0.8857872267646669,0.0030494920198661513,22.952880896033605,22.784052189603614
nominal,0,112,639,0:5:99,False,0.4570241382441682,0.00813620648755431,45.876396861475214,46.294326766925224
nominal,1,112,642,1:5:90,False,0.9088774701265794,0.0027604379933240386,20.696760227188882,20.51321655331448
nominal,0,113,646,0:6:113,False,0.00300198119374262,0.006492663243976793,44.9950068392006,45.379850951661595
nominal,1,113,649,1:5:90,False,0.9297068475364241,0.002474879163755106,18.40908695723214,18.202979436025664
nominal,0,114,652,0:6:113,False,0.04825453984489103,0.0049988966476914865,43.40204670852276,43.75978871807362
nominal,1,114,655,1:5:90,False,0.9482406905196983,0.0021969219392349304,16.080403814979633,15.838740580496902
nominal,0,115,658,0:6:113,False,0.09197610959478975,0.003676845194710787,41.50327778157371,41.84148352179178
nominal,1,115,661,1:5:90,False,0.964432720784866,0.001930827190644302,13.69649804710519,13.394887656150734
nominal,0,116,664,0:6:113,False,0.13382334587540123,0.0025200724940454,39.47152623555338,39.792704900202956
nominal,0,117,673,0:6:113,False,0.17364683672347314,0.0015166211029411514,37.37733357686715,37.68518669757285
nominal,0,118,680,0:6:113,False,0.21137830001209668,0.0006534062950482866,35.25007674869836,35.54827132883494
nominal,0,119,687,0:6:113,False,0.24698307740391556,-8.214900441161355e-05,33.10136306555347,33.39359077699831
nominal,0,120,694,0:6:113,False,0.2804399830003115,-0.0007015874061786498,30.935051403717683,31.225159457203144
nominal,0,121,701,0:6:113,False,0.31173260167580696,-0.0012153626698010456,28.75138698783489,29.043576633988955
nominal,0,122,708,0:6:113,False,0.34084534531523214,-0.0016329377200179351,26.54860814311417,26.847736927439723
nominal,0,123,715,0:6:113,False,0.36776142041281523,-0.001962927652498614,24.32340753415363,24.63545892395677
nominal,0,124,722,0:6:113,False,0.39246145374351393,-0.0022132505998271323,22.070754859694553,22.40361732572302
nominal,0,125,729,0:6:113,False,0.4149221536549743,-0.002391277313847029,19.783145427429858,20.148010939683324
nominal,0,126,736,0:6:113,False,0.43511457256956865,-0.002503983145187627,17.448946655889653,17.863067468064823
nominal,0,127,743,0:6:113,False,0.45300144891281235,-0.00255811559723651,15.048743229754963,15.541552432922385
nominal,0,128,750,0:6:113,False,0.4685326758140266,-0.002560405850646541,12.546095854265554,13.175228978602421
nominal,0,149,882,0:8:149,False,0.0025117643338239404,-0.01668402612319686,31.46653167456037,34.254793158307606
nominal,0,150,890,0:8:149,False,0.02758475897871726,-0.016518620376824722,50.521390563105456,50.61311369800826
nominal,0,151,896,0:8:149,False,0.07550144027327144,-0.016073353223649556,56.68417513990574,56.748503399415476
nominal,0,152,902,0:8:149,False,0.13159885055079634,-0.015403016942392544,57.986305058358575,58.11708089065136
nominal,0,153,908,0:8:149,False,0.18951240005071956,-0.014672471557320654,57.335019255738736,57.43768589050959
nominal,0,154,914,0:8:149,False,0.24696008204177655,-0.013899310290453992,55.84040774572551,55.93405765287087
nominal,0,155,920,0:8:149,False,0.30299155693348667,-0.013102289429549052,53.99667671180333,54.08090805407079
nominal,0,156,926,0:8:149,False,0.3572091679886096,-0.012294036054757096,52.00424953788203,52.08031608524017
nominal,0,157,932,0:8:149,False,0.40944480797543137,-0.01148319366646322,49.946679990089926,50.01587772137385
nominal,0,158,938,0:8:149,False,0.45962570095471444,-0.010676381844576421,47.858670895251244,47.92208144194655
nominal,1,158,943,1:10:158,False,0.019966481571630723,-0.0016480534139687864,30.467475907479177,32.95243468969387
nominal,0,159,947,0:8:149,False,0.5077185550552594,-0.009878884296842472,45.75444236769676,45.8130180461358
nominal,1,159,950,1:10:158,False,0.04434955695075171,-0.0016035696797319643,38.28202428239565,38.31642702246937
nominal,0,160,953,0:8:149,False,0.5537062702814952,-0.009095072873261723,43.639635359499714,43.694208643001765
nominal,1,160,957,1:10:158,False,0.08198979723708533,-0.0015373078188662959,51.759585630078355,51.59668551673824
nominal,0,161,960,0:8:149,False,0.5975781787728294,-0.008328653338980252,41.51623775501505,41.567544601321835
nominal,1,161,963,1:10:158,False,0.1318846653854262,-0.0013603572945596332,56.028052681592705,56.02761202621564
nominal,0,162,966,0:8:149,False,0.6393259110293008,-0.0075828206979162704,39.38462877433838,39.43333146539722
nominal,1,162,969,1:10:158,False,0.1874773040812614,-0.0012034152359631234,56.63098585029858,56.60279851974992
nominal,0,163,972,0:8:149,False,0.6789415950177551,-0.006860367122859312,37.24441473532369,37.291123779988084
nominal,1,163,975,1:10:158,False,0.24403509603730078,-0.0010551984442084272,55.65217074953505,55.62893341297444
nominal,0,164,978,0:8:149,False,0.716417011356149,-0.006163762610520096,35.094752854199136,35.140048968385905
nominal,1,164,981,1:10:158,False,0.2997731153434102,-0.0009188779558282345,54.020769176012706,54.0000209822191
nominal,0,165,984,0:8:149,False,0.7517431234151648,-0.005495218939292834,32.934450473817485,32.97890815715356
nominal,1,165,987,1:10:158,False,0.35394638583735594,-0.0007956234074040225,52.114702098398595,52.09584047720216
nominal,0,166,990,0:8:149,False,0.7849097297798835,-0.004856742861065078,30.761954385222083,30.806169531892884
nominal,1,166,993,1:10:158,False,0.40624205156609006,-0.0006845845415285323,50.091269332019586,50.074124637269826
nominal,0,167,996,0:8:149,False,0.8159051188864623,-0.004250182324114449,28.575269454014233,28.619894898609154
nominal,1,167,999,1:10:158,False,0.4565269067885922,-0.0005847275537310681,48.01595227764189,48.000243994102874
nominal,0,168,1002,0:8:149,False,0.8447156531110895,-0.0036772686314283654,26.371807834140647,26.417603513454644
nominal,1,168,1006,1:11:168,False,0.004742381292546449,-0.0004950040881841478,45.91575958183295,45.90125448527848
nominal,0,169,1009,0:8:149,False,0.8713252159931426,-0.003139657270315288,24.148141805406564,24.19605185692924
nominal,1,169,1012,1:11:168,False,0.050860777064503315,-0.0004144538937767006,43.80164792666626,43.78814056154921
nominal,0,170,1015,0:8:149,False,0.8957144348222619,-0.0026389706009788405,21.89959588073592,21.95087723006179
nominal,1,170,1018,1:11:168,False,0.0948669732961176,-0.0003422291743677697,41.677807900982046,41.6651159547731
nominal,0,171,1021,0:8:149,False,0.9178595360091137,-0.0021768468955158937,19.619540971186687,19.675996808386436
nominal,1,171,1024,1:11:168,False,0.13675072855762527,-0.00027758954607515207,39.545527712648976,39.533487162362405
nominal,0,172,1027,0:8:149,False,0.9377305743643944,-0.001755003138975808,17.298081207034393,17.36252860507654
nominal,1,172,1030,1:11:168,False,0.17650338955377176,-0.00021988966076802452,37.404789394238826,37.393249193056924
nominal,0,173,1033,0:8:149,False,0.9552885208872375,-0.0013753256074844344,14.919350649710978,14.996682252479786
nominal,1,173,1036,1:11:168,False,0.21411642263203134,-0.0001685656098533439,35.25491159320814,35.24372833105776
nominal,1,174,1043,1:11:168,False,0.24958068340079853,-0.00012312236513389863,33.094784294399595,33.08381645177585
nominal,1,175,1048,1:11:168,False,0.2828859617030235,-8.31228324860156e-05,30.922918258679395,30.912019494698697
nominal,1,176,1053,1:11:168,False,0.31402059411014993,-4.817849914817707e-05,28.737394540436966,28.7264050925273
nominal,1,177,1058,1:11:168,False,0.3429710350338797,-1.7941469098281537e-05,26.535736504389373,26.52447111290476
nominal,1,178,1063,1:11:168,False,0.36972130595137065,7.902364290268693e-06,24.314689916549533,24.302919356478455
nominal,1,179,1068,1:11:168,False,0.3942522308669254,2.9639261287073282e-05,22.06985999914877,22.057280430532018
nominal,1,180,1073,1:11:168,False,0.41654031733349384,4.7532949188910933e-05,19.795092695748814,19.781270314622674
nominal,1,181,1078,1:11:168,False,0.43655603259598674,6.182958947986705e-05,17.481350998930736,17.465611907946368
nominal,1,182,1083,1:11:168,False,0.4542609806704463,7.276278002299463e-05,15.114481980059244,15.09566433036637
nominal,1,183,1088,1:11:168,False,0.4696028926649234,8.055925340610948e-05,12.670174043321737,12.645964934427745
nominal,0,190,1123,0:10:190,False,-0.027421701245193608,-0.0009935976416360903,35.43654921583979,34.479483686350974
nominal,0,191,1130,0:10:190,False,-0.0010965437355576757,-0.00039542346306864484,52.06082441823327,51.84185505683263
nominal,0,192,1136,0:10:190,False,0.048341474657220385,0.0004553655170944637,57.9772096081714,57.621377898552474
nominal,0,193,1142,0:10:190,False,0.10554981073144187,0.0012943669187150952,59.16590237066757,58.85123449467093
nominal,0,194,1148,0:10:190,False,0.16443300278878192,0.002016944374984231,58.431560242780456,58.15021739025919
nominal,0,195,1154,0:10:190,False,0.22279273699533286,0.002599631655398671,56.896613132983425,56.64453443931739
nominal,0,196,1160,0:10:190,False,0.27971354228572,0.003050948142887755,55.02706740577012,54.80124778797431
nominal,0,197,1166,0:10:190,False,0.3348123124045159,0.003386319790505965,53.017055047710116,52.81363070749451
nominal,0,198,1172,0:10:190,False,0.3879270076111716,0.003621934881044453,50.94675041211752,50.76230522713468
nominal,0,199,1178,0:10:190,False,0.4389873895737946,0.003772586337348116,48.84920983730789,48.68074649855415
nominal,1,199,1183,1:13:199,False,8.604219263963486e-05,0.015855581756857307,33.51754456329891,30.283414687535725
