world,map,N,split,seed,shift,policy,execution_generation,served,queries,deadlock,fixed_first4_restricted_time,multi_opportunities,multi_with_capacity,multi_admissible,multi_abstain_when_admissible,multi_selected,single_selected,early_source_release,scored_candidates,positive_candidate_scores,seconds,error
empty-32-32_cal_85201,empty-32-32,16,calibration,85201,False,WAIT,original_R8,50,0,False,2707099919/500000,4,0,0,0,0,0,0,74,0,64.83107570701395,
empty-32-32_cal_85201,empty-32-32,16,calibration,85201,False,probe_1_15,original_R8,50,1,False,2707099919/500000,3,1,1,0,1,0,1,70,1,110.94593500299379,
empty-32-32_cal_85201,empty-32-32,16,calibration,85201,False,probe_1_3,original_R8,50,1,False,2707099919/500000,3,1,1,0,1,0,1,75,1,100.12390510801924,
empty-32-32_cal_85201,empty-32-32,16,calibration,85201,False,probe_2_15,original_R8,50,1,False,2707099919/500000,4,2,2,1,1,0,1,72,1,122.2761607739958,
empty-32-32_cal_85201,empty-32-32,16,calibration,85201,False,probe_2_3,original_R8,50,1,False,2707099919/500000,4,2,2,1,1,0,1,78,1,122.37554768301197,
empty-32-32_cal_85201,empty-32-32,16,calibration,85201,False,probe_35_1,original_R8,50,1,False,2707099919/500000,3,3,3,2,1,0,1,73,1,109.9964339779981,
empty-32-32_cal_85201,empty-32-32,16,calibration,85201,False,probe_35_11,original_R8,50,1,False,2707099919/500000,3,3,3,2,1,0,1,75,1,115.34420288499678,
empty-32-32_cal_85201,empty-32-32,16,calibration,85201,False,probe_36_1,original_R8,50,1,False,2707099919/500000,4,4,4,3,1,0,1,74,1,117.06968304800102,
empty-32-32_cal_85201,empty-32-32,16,calibration,85201,False,probe_36_11,original_R8,50,1,False,2707099919/500000,4,4,4,3,1,0,1,75,1,97.4030199169938,
empty-32-32_cal_85201,empty-32-32,16,calibration,85201,False,probe_37_5,original_R8,50,1,False,2707099919/500000,4,4,4,4,0,1,0,72,1,93.52460051001981,
empty-32-32_cal_85201,empty-32-32,16,calibration,85201,False,probe_38_5,original_R8,50,1,False,2707099919/500000,4,4,4,4,0,1,1,74,1,97.69211329802056,
empty-32-32_cal_85201,empty-32-32,16,calibration,85201,False,probe_3_4,original_R8,50,1,False,2707099919/500000,4,2,2,2,0,1,1,71,1,110.38351826698636,
empty-32-32_cal_85201,empty-32-32,16,calibration,85201,False,probe_47_15,original_R8,50,1,False,2707099919/500000,4,4,4,4,0,1,0,73,1,94.73387645100593,
empty-32-32_cal_85201,empty-32-32,16,calibration,85201,False,probe_48_15,original_R8,50,1,False,2707099919/500000,4,4,4,4,0,1,1,75,1,88.44114751499728,
empty-32-32_cal_85201,empty-32-32,16,calibration,85201,False,probe_4_4,original_R8,50,1,False,2707099919/500000,4,2,2,2,0,1,1,71,1,122.92916969701764,
empty-32-32_cal_85201,empty-32-32,16,calibration,85201,False,probe_54_3,original_R8,50,1,False,5410271961/1000000,4,4,4,4,0,1,1,69,1,91.80091349201393,
empty-32-32_cal_85201,empty-32-32,16,calibration,85201,False,probe_55_3,original_R8,50,1,False,5410662963/1000000,4,4,4,4,0,1,1,71,1,98.75804754998535,
empty-32-32_scale_85401_IID,empty-32-32,32,scale,85401,False,RR,original_R8,,,,,0,0,0,0,0,0,0,0,0,0.12474018899956718,AssertionError('native failed or missing summary')
empty-32-32_scale_85401_IID,empty-32-32,32,scale,85401,False,WAIT,original_R8,,,,,0,0,0,0,0,0,0,0,0,0.26854194002225995,AssertionError('native failed or missing summary')
empty-32-32_scale_85401_IID,empty-32-32,32,scale,85401,False,condition,original_R8,,,,,0,0,0,0,0,0,0,0,0,0.12881347999791615,AssertionError('native failed or missing summary')
empty-32-32_scale_85401_IID,empty-32-32,32,scale,85401,False,paced_condition,original_R8,,,,,0,0,0,0,0,0,0,0,0,0.17195313499541953,AssertionError('native failed or missing summary')
empty-32-32_scale_85401_IID,empty-32-32,32,scale,85401,False,paced_ridge_history,original_R8,,,,,0,0,0,0,0,0,0,0,0,0.2071226639964152,AssertionError('native failed or missing summary')
empty-32-32_scale_85401_IID,empty-32-32,32,scale,85401,False,paced_ridge_nohistory,original_R8,,,,,0,0,0,0,0,0,0,0,0,0.08122916499269195,AssertionError('native failed or missing summary')
empty-32-32_test_85301_IID,empty-32-32,16,test,85301,False,RR,original_R8,47,16,False,10726689169/2000000,0,0,0,0,0,16,11,59,59,73.21984769398114,
empty-32-32_test_85301_IID,empty-32-32,16,test,85301,False,WAIT,original_R8,47,0,False,10757119327/2000000,4,0,0,0,0,0,0,82,0,84.09969291801099,
empty-32-32_test_85301_IID,empty-32-32,16,test,85301,False,condition,original_R8,47,16,False,10726689169/2000000,0,0,0,0,0,16,11,59,59,72.87183904601261,
empty-32-32_test_85301_IID,empty-32-32,16,test,85301,False,paced_condition,original_R8,47,16,False,10718891301/2000000,0,0,0,0,0,16,13,52,52,79.99930965900421,
empty-32-32_test_85301_IID,empty-32-32,16,test,85301,False,paced_ridge_history,original_R8,47,16,False,10717666533/2000000,1,1,1,0,1,15,15,58,42,80.46829531399999,
empty-32-32_test_85301_IID,empty-32-32,16,test,85301,False,paced_ridge_nohistory,original_R8,47,14,False,10717666533/2000000,1,1,1,0,1,13,13,54,41,78.03313545699348,
empty-32-32_test_85301_SHIFT,empty-32-32,16,test,85301,True,RR,original_R8,47,16,False,10727986387/2000000,0,0,0,0,0,16,11,68,68,76.68923740799073,
empty-32-32_test_85301_SHIFT,empty-32-32,16,test,85301,True,WAIT,original_R8,47,0,False,10761010979/2000000,4,0,0,0,0,0,0,80,0,87.05232054699445,
empty-32-32_test_85301_SHIFT,empty-32-32,16,test,85301,True,condition,original_R8,47,16,False,10727986387/2000000,0,0,0,0,0,16,11,68,68,83.56607062800322,
empty-32-32_test_85301_SHIFT,empty-32-32,16,test,85301,True,paced_condition,original_R8,47,16,False,10722782953/2000000,0,0,0,0,0,16,13,52,52,93.13141746399924,
empty-32-32_test_85301_SHIFT,empty-32-32,16,test,85301,True,paced_ridge_history,original_R8,47,16,False,2144311637/400000,1,1,1,0,1,15,15,58,42,92.01310324697988,
empty-32-32_test_85301_SHIFT,empty-32-32,16,test,85301,True,paced_ridge_nohistory,original_R8,47,14,False,2144311637/400000,1,1,1,0,1,13,13,54,41,92.90249458400649,
empty-32-32_test_85302_IID,empty-32-32,16,test,85302,False,RR,original_R8,46,16,False,5474610581/1000000,2,1,1,0,1,15,9,46,46,97.43858818200533,
empty-32-32_test_85302_IID,empty-32-32,16,test,85302,False,WAIT,original_R8,47,0,False,5498196629/1000000,6,0,0,0,0,0,0,100,0,105.56076369897346,
empty-32-32_test_85302_IID,empty-32-32,16,test,85302,False,condition,original_R8,46,16,False,5474610581/1000000,2,1,1,0,1,15,9,46,46,97.36602658600896,
empty-32-32_test_85302_IID,empty-32-32,16,test,85302,False,paced_condition,original_R8,46,13,False,5491630811/1000000,4,4,0,0,0,13,7,57,57,91.3724308719975,
empty-32-32_test_85302_IID,empty-32-32,16,test,85302,False,paced_ridge_history,original_R8,46,14,False,1371547093/250000,3,3,1,1,0,14,11,57,42,95.66440787899774,
empty-32-32_test_85302_IID,empty-32-32,16,test,85302,False,paced_ridge_nohistory,original_R8,46,16,False,5477180293/1000000,2,2,0,0,0,16,11,61,45,104.65511444502044,
empty-32-32_test_85302_SHIFT,empty-32-32,16,test,85302,True,RR,original_R8,46,16,False,5477962297/1000000,1,1,1,0,1,15,9,51,51,100.34521316399332,
empty-32-32_test_85302_SHIFT,empty-32-32,16,test,85302,True,WAIT,original_R8,46,0,False,687598883/125000,6,0,0,0,0,0,0,99,0,105.96996096899966,
empty-32-32_test_85302_SHIFT,empty-32-32,16,test,85302,True,condition,original_R8,46,16,False,5477962297/1000000,1,1,1,0,1,15,9,51,51,97.80691180200665,
empty-32-32_test_85302_SHIFT,empty-32-32,16,test,85302,True,paced_condition,original_R8,46,13,False,5493678029/1000000,4,4,0,0,0,13,7,57,57,92.44428980202065,
empty-32-32_test_85302_SHIFT,empty-32-32,16,test,85302,True,paced_ridge_history,original_R8,46,14,False,5488315319/1000000,3,3,1,1,0,14,11,57,42,91.96513820701512,
empty-32-32_test_85302_SHIFT,empty-32-32,16,test,85302,True,paced_ridge_nohistory,original_R8,46,16,False,548053201/100000,2,2,0,0,0,16,11,63,47,105.25524741000845,
empty-32-32_train_85101,empty-32-32,16,train,85101,False,WAIT,original_R8,43,0,False,2859875523/500000,7,0,0,0,0,0,0,98,0,65.42445595099707,
empty-32-32_train_85101,empty-32-32,16,train,85101,False,probe_1_2,original_R8,43,1,False,2859875523/500000,7,0,0,0,0,1,0,94,1,65.08485115197254,
empty-32-32_train_85101,empty-32-32,16,train,85101,False,probe_29_1,original_R8,43,1,False,2859875523/500000,5,1,1,0,1,0,0,96,1,65.15956095201545,
empty-32-32_train_85101,empty-32-32,16,train,85101,False,probe_29_11,original_R8,43,1,False,1429791901/250000,8,1,1,0,1,0,1,100,1,84.44996700400952,
empty-32-32_train_85101,empty-32-32,16,train,85101,False,probe_29_8,original_R8,43,1,False,2859875523/500000,5,1,1,0,1,0,0,96,1,65.18709547500475,
empty-32-32_train_85101,empty-32-32,16,train,85101,False,probe_2_2,original_R8,43,1,False,2859875523/500000,7,0,0,0,0,1,0,95,1,65.07942662001005,
empty-32-32_train_85101,empty-32-32,16,train,85101,False,probe_30_1,original_R8,43,1,False,2859875523/500000,6,2,2,1,1,0,1,98,1,84.74710008100374,
empty-32-32_train_85101,empty-32-32,16,train,85101,False,probe_30_8,original_R8,43,1,False,2859875523/500000,6,2,2,1,1,0,1,97,1,88.60051194901462,
empty-32-32_train_85101,empty-32-32,16,train,85101,False,probe_41_1,original_R8,43,1,False,2859875523/500000,7,3,3,3,0,1,1,96,1,84.92699584399816,
empty-32-32_train_85101,empty-32-32,16,train,85101,False,probe_42_1,original_R8,43,1,False,2859875523/500000,7,3,3,3,0,1,1,97,1,84.51512648898643,
empty-32-32_train_85101,empty-32-32,16,train,85101,False,probe_56_2,original_R8,43,1,False,571434483/100000,5,3,3,3,0,1,1,81,1,80.60515529400436,
empty-32-32_train_85101,empty-32-32,16,train,85101,False,probe_57_2,original_R8,43,1,False,5719102437/1000000,7,3,3,3,0,1,1,95,1,83.46393508900655,
empty-32-32_train_85101,empty-32-32,16,train,85101,False,probe_70_0,original_R8,43,1,False,1429791901/250000,6,4,4,3,1,0,1,99,1,83.35944532800931,
empty-32-32_train_85101,empty-32-32,16,train,85101,False,probe_70_1,original_R8,43,1,False,2859875523/500000,6,4,4,3,1,0,0,96,1,106.28765433002263,
empty-32-32_train_85101,empty-32-32,16,train,85101,False,probe_71_0,original_R8,43,1,False,5719714821/1000000,7,5,5,4,1,0,1,98,1,108.18505294399802,
empty-32-32_train_85101,empty-32-32,16,train,85101,False,probe_71_1,original_R8,43,1,False,2859875523/500000,9,5,5,4,1,0,1,99,1,113.50577344899648,
empty-32-32_train_85101,empty-32-32,16,train,85101,False,probe_77_9,original_R8,43,1,False,2859875523/500000,7,5,5,5,0,1,1,96,1,123.0239481900062,
empty-32-32_train_85101,empty-32-32,16,train,85101,False,probe_78_9,original_R8,43,1,False,2859875523/500000,7,5,5,5,0,1,1,97,1,109.39961072101141,
empty-32-32_train_85101,empty-32-32,16,train,85101,False,probe_84_1,original_R8,43,1,False,2859875523/500000,6,6,6,5,1,0,1,98,1,112.49146615399513,
empty-32-32_train_85101,empty-32-32,16,train,85101,False,probe_84_6,original_R8,43,1,False,2859875523/500000,6,6,6,5,1,0,0,94,1,107.54165401798673,
empty-32-32_train_85101,empty-32-32,16,train,85101,False,probe_85_1,original_R8,43,1,False,2859875523/500000,7,7,7,6,1,0,1,99,1,115.90328990499256,
empty-32-32_train_85101,empty-32-32,16,train,85101,False,probe_85_6,original_R8,43,1,False,2859875523/500000,7,7,7,6,1,0,0,95,1,103.50951037398772,
empty-32-32_train_85102,empty-32-32,16,train,85102,False,WAIT,original_R8,48,0,False,10917957853/2000000,3,0,0,0,0,0,0,56,0,52.67719611900975,
empty-32-32_train_85102,empty-32-32,16,train,85102,False,probe_14_2,original_R8,48,1,False,10917957853/2000000,3,2,2,2,0,1,0,54,1,83.85341184400022,
empty-32-32_train_85102,empty-32-32,16,train,85102,False,probe_15_2,original_R8,48,1,False,10917957853/2000000,3,2,2,2,0,1,1,55,1,102.55494256698876,
empty-32-32_train_85102,empty-32-32,16,train,85102,False,probe_1_11,original_R8,48,1,False,10917957853/2000000,2,1,1,0,1,0,1,59,1,78.3090392939921,
empty-32-32_train_85102,empty-32-32,16,train,85102,False,probe_1_5,original_R8,48,1,False,10917957853/2000000,2,1,1,0,1,0,1,57,1,77.03376524001942,
empty-32-32_train_85102,empty-32-32,16,train,85102,False,probe_27_0,original_R8,48,1,False,10917957853/2000000,3,2,2,2,0,1,1,56,1,90.31905068599735,
empty-32-32_train_85102,empty-32-32,16,train,85102,False,probe_28_0,original_R8,48,1,False,10917957853/2000000,3,2,2,2,0,1,0,55,1,86.86549665802158,
empty-32-32_train_85102,empty-32-32,16,train,85102,False,probe_2_11,original_R8,48,1,False,10917957853/2000000,3,2,2,1,1,0,1,57,1,73.45609377798974,
empty-32-32_train_85102,empty-32-32,16,train,85102,False,probe_2_5,original_R8,48,1,False,10917957853/2000000,3,2,2,1,1,0,1,57,1,75.0858336740057,
empty-32-32_train_85102,empty-32-32,16,train,85102,False,probe_34_10,original_R8,48,1,False,10917957853/2000000,3,2,2,2,0,1,1,55,1,94.66021433100104,
empty-32-32_train_85102,empty-32-32,16,train,85102,False,probe_35_10,original_R8,48,1,False,10917957853/2000000,3,2,2,2,0,1,1,56,1,90.52116814200417,
empty-32-32_train_85102,empty-32-32,16,train,85102,False,probe_36_1,original_R8,48,1,False,10916790969/2000000,3,3,3,2,1,0,1,59,1,86.10137069300981,
empty-32-32_train_85102,empty-32-32,16,train,85102,False,probe_36_10,original_R8,48,1,False,10916790969/2000000,3,3,3,2,1,0,1,59,1,100.05562861199724,
empty-32-32_train_85102,empty-32-32,16,train,85102,False,probe_3_1,original_R8,48,1,False,10917957853/2000000,3,2,2,2,0,1,1,57,1,77.34411018298124,
empty-32-32_train_85102,empty-32-32,16,train,85102,False,probe_4_1,original_R8,48,1,False,10917957853/2000000,3,2,2,2,0,1,1,57,1,80.91535462002503,
empty-32-32_train_85103,empty-32-32,16,train,85103,False,WAIT,original_R8,35,0,False,12363300167/2000000,9,0,0,0,0,0,0,104,0,69.526740419009,
empty-32-32_train_85103,empty-32-32,16,train,85103,False,probe_15_6,original_R8,35,1,False,12363300167/2000000,6,1,1,0,1,0,0,101,1,123.20869666800718,
empty-32-32_train_85103,empty-32-32,16,train,85103,False,probe_15_9,original_R8,35,1,False,12363300167/2000000,6,1,1,0,1,0,0,100,1,121.93176708600367,
empty-32-32_train_85103,empty-32-32,16,train,85103,False,probe_16_6,original_R8,35,1,False,12363300167/2000000,7,2,2,1,1,0,1,102,1,131.77425807100371,
empty-32-32_train_85103,empty-32-32,16,train,85103,False,probe_16_9,original_R8,35,1,False,12363300167/2000000,7,2,2,1,1,0,1,102,1,122.81373051498667,
empty-32-32_train_85103,empty-32-32,16,train,85103,False,probe_1_11,original_R8,35,1,False,12363300167/2000000,9,0,0,0,0,1,0,97,1,125.4989359860192,
empty-32-32_train_85103,empty-32-32,16,train,85103,False,probe_2_11,original_R8,35,1,False,12363300167/2000000,9,0,0,0,0,1,0,98,1,121.0393771789968,
empty-32-32_train_85103,empty-32-32,16,train,85103,False,probe_48_14,original_R8,35,1,False,12363300167/2000000,5,5,5,4,1,0,0,100,1,124.76917164798942,
empty-32-32_train_85103,empty-32-32,16,train,85103,False,probe_48_4,original_R8,35,1,False,12363300167/2000000,5,5,5,4,1,0,0,100,1,119.5904950289987,
empty-32-32_train_85103,empty-32-32,16,train,85103,False,probe_49_14,original_R8,35,1,False,12363300167/2000000,6,6,6,5,1,0,0,101,1,124.25380695401691,
empty-32-32_train_85103,empty-32-32,16,train,85103,False,probe_49_4,original_R8,35,1,False,12363300167/2000000,6,6,6,5,1,0,0,101,1,125.24351559998468,
empty-32-32_train_85103,empty-32-32,16,train,85103,False,probe_53_11,original_R8,35,1,False,12363300167/2000000,9,9,9,9,0,1,0,98,1,125.38418291098787,
empty-32-32_train_85103,empty-32-32,16,train,85103,False,probe_54_11,original_R8,35,1,False,12363300167/2000000,9,9,9,9,0,1,0,99,1,124.9130136029853,
empty-32-32_train_85103,empty-32-32,16,train,85103,False,probe_67_9,original_R8,35,1,False,12363300167/2000000,9,9,9,9,0,1,0,100,1,126.87349744900712,
empty-32-32_train_85103,empty-32-32,16,train,85103,False,probe_68_9,original_R8,35,1,False,12363300167/2000000,9,9,9,9,0,1,0,101,1,123.77506761302357,
empty-32-32_train_85103,empty-32-32,16,train,85103,False,probe_84_1,original_R8,35,1,False,12363300167/2000000,9,9,9,9,0,1,0,101,1,129.21653216099367,
empty-32-32_train_85103,empty-32-32,16,train,85103,False,probe_85_1,original_R8,35,1,False,12363300167/2000000,9,9,9,9,0,1,0,102,1,122.64504872899852,
random-32-32-10_cal_86201,random-32-32-10,16,calibration,86201,False,WAIT,original_R8,43,0,False,5905292843/1000000,3,0,0,0,0,0,0,71,0,53.1824726779887,
random-32-32-10_cal_86201,random-32-32-10,16,calibration,86201,False,probe_17_11,original_R8,43,1,False,5905292843/1000000,3,1,1,0,1,0,0,68,1,76.53394995999406,
random-32-32-10_cal_86201,random-32-32-10,16,calibration,86201,False,probe_17_3,original_R8,43,1,False,5905292843/1000000,3,1,1,0,1,0,1,71,1,76.7627848990087,
random-32-32-10_cal_86201,random-32-32-10,16,calibration,86201,False,probe_1_8,original_R8,43,1,False,5905292843/1000000,3,0,0,0,0,1,1,73,1,79.1172914649942,
random-32-32-10_cal_86201,random-32-32-10,16,calibration,86201,False,probe_2_13,original_R8,43,1,False,5905292843/1000000,3,0,0,0,0,1,0,65,1,74.16662375599844,
random-32-32-10_cal_86201,random-32-32-10,16,calibration,86201,False,probe_34_0,original_R8,43,1,False,5905292843/1000000,2,2,2,1,1,0,0,66,1,86.93555332100368,
random-32-32-10_cal_86201,random-32-32-10,16,calibration,86201,False,probe_34_14,original_R8,43,1,False,5905292843/1000000,2,2,2,1,1,0,1,72,1,89.30516879400238,
random-32-32-10_cal_86201,random-32-32-10,16,calibration,86201,False,probe_35_0,original_R8,43,1,False,5905292843/1000000,3,3,3,2,1,0,0,67,1,97.04945009000949,
random-32-32-10_cal_86201,random-32-32-10,16,calibration,86201,False,probe_35_14,original_R8,43,1,False,5905292843/1000000,3,3,3,2,1,0,1,73,1,92.98458959400887,
random-32-32-10_cal_86201,random-32-32-10,16,calibration,86201,False,probe_36_0,original_R8,43,1,False,5905292843/1000000,3,3,3,3,0,1,1,70,1,90.17209415597608,
random-32-32-10_cal_86201,random-32-32-10,16,calibration,86201,False,probe_37_0,original_R8,43,1,False,5905292843/1000000,3,3,3,3,0,1,1,71,1,89.84543204901274,
random-32-32-10_cal_86201,random-32-32-10,16,calibration,86201,False,probe_53_12,original_R8,43,1,False,5905292843/1000000,3,3,3,3,0,1,1,69,1,81.33091650798451,
random-32-32-10_cal_86201,random-32-32-10,16,calibration,86201,False,probe_54_6,original_R8,43,1,False,2952322117/500000,3,3,3,3,0,1,1,70,1,82.35634041801677,
random-32-32-10_scale_86401_IID,random-32-32-10,32,scale,86401,False,RR,original_R8,,,,,0,0,0,0,0,0,0,0,0,0.0759917150135152,AssertionError('native failed or missing summary')
random-32-32-10_scale_86401_IID,random-32-32-10,32,scale,86401,False,WAIT,original_R8,,,,,0,0,0,0,0,0,0,0,0,0.09225447502103634,AssertionError('native failed or missing summary')
random-32-32-10_scale_86401_IID,random-32-32-10,32,scale,86401,False,condition,original_R8,,,,,0,0,0,0,0,0,0,0,0,0.03787667499273084,AssertionError('native failed or missing summary')
random-32-32-10_scale_86401_IID,random-32-32-10,32,scale,86401,False,paced_condition,original_R8,,,,,0,0,0,0,0,0,0,0,0,0.03957423899555579,AssertionError('native failed or missing summary')
random-32-32-10_scale_86401_IID,random-32-32-10,32,scale,86401,False,paced_ridge_history,original_R8,,,,,0,0,0,0,0,0,0,0,0,0.0411195520136971,AssertionError('native failed or missing summary')
random-32-32-10_scale_86401_IID,random-32-32-10,32,scale,86401,False,paced_ridge_nohistory,original_R8,,,,,0,0,0,0,0,0,0,0,0,0.03345304500544444,AssertionError('native failed or missing summary')
random-32-32-10_test_86301_IID,random-32-32-10,16,test,86301,False,RR,original_R8,38,16,False,3039478203/500000,1,1,1,0,1,15,6,23,23,84.00877828599187,
random-32-32-10_test_86301_IID,random-32-32-10,16,test,86301,False,WAIT,original_R8,38,0,False,759942481/125000,6,0,0,0,0,0,0,57,0,82.48884904599981,
random-32-32-10_test_86301_IID,random-32-32-10,16,test,86301,False,condition,original_R8,38,16,False,3039478203/500000,1,1,1,0,1,15,6,23,23,81.09565545502119,
random-32-32-10_test_86301_IID,random-32-32-10,16,test,86301,False,paced_condition,original_R8,38,15,False,759942481/125000,5,5,0,0,0,15,5,26,26,77.80272016799427,
random-32-32-10_test_86301_IID,random-32-32-10,16,test,86301,False,paced_ridge_history,original_R8,38,15,False,1216592803/200000,5,5,0,0,0,15,7,36,31,84.82102493499406,
random-32-32-10_test_86301_IID,random-32-32-10,16,test,86301,False,paced_ridge_nohistory,original_R8,38,15,False,151666003/25000,5,5,0,0,0,15,8,34,24,76.83371505400282,
random-32-32-10_test_86301_SHIFT,random-32-32-10,16,test,86301,True,RR,original_R8,38,16,False,760031703/125000,1,1,1,0,1,15,6,23,23,81.45269709301647,
random-32-32-10_test_86301_SHIFT,random-32-32-10,16,test,86301,True,WAIT,original_R8,38,0,False,3040418533/500000,6,0,0,0,0,0,0,56,0,83.67120424701716,
random-32-32-10_test_86301_SHIFT,random-32-32-10,16,test,86301,True,condition,original_R8,38,16,False,760031703/125000,1,1,1,0,1,15,6,23,23,81.53839912300464,
random-32-32-10_test_86301_SHIFT,random-32-32-10,16,test,86301,True,paced_condition,original_R8,38,15,False,3040418533/500000,5,5,0,0,0,15,5,26,26,74.98599145101616,
random-32-32-10_test_86301_SHIFT,random-32-32-10,16,test,86301,True,paced_ridge_history,original_R8,38,15,False,608498229/100000,5,5,0,0,0,15,7,36,31,84.70901485701324,
random-32-32-10_test_86301_SHIFT,random-32-32-10,16,test,86301,True,paced_ridge_nohistory,original_R8,38,15,False,6068694619/1000000,5,5,0,0,0,15,8,34,24,81.04465339600574,
random-32-32-10_test_86302_IID,random-32-32-10,16,test,86302,False,RR,original_R8,44,16,False,11517241879/2000000,1,1,1,0,1,15,9,53,53,97.93007889,
random-32-32-10_test_86302_IID,random-32-32-10,16,test,86302,False,WAIT,original_R8,42,0,False,11677385803/2000000,18,0,0,0,0,0,0,146,0,118.87449040199863,
random-32-32-10_test_86302_IID,random-32-32-10,16,test,86302,False,condition,original_R8,44,16,False,11517241879/2000000,1,1,1,0,1,15,9,53,53,96.6565733999887,
random-32-32-10_test_86302_IID,random-32-32-10,16,test,86302,False,paced_condition,original_R8,41,16,False,2324448509/400000,4,4,2,0,2,14,8,94,94,114.43894980798359,
random-32-32-10_test_86302_IID,random-32-32-10,16,test,86302,False,paced_ridge_history,original_R8,42,16,False,11651048491/2000000,3,3,3,1,2,14,12,117,90,123.54349321400514,
random-32-32-10_test_86302_IID,random-32-32-10,16,test,86302,False,paced_ridge_nohistory,original_R8,42,16,False,11651048491/2000000,2,2,2,0,2,14,9,108,87,119.8589748480008,
random-32-32-10_test_86302_SHIFT,random-32-32-10,16,test,86302,True,RR,original_R8,44,16,False,11522720543/2000000,1,1,1,0,1,15,9,55,55,93.90832497397787,
random-32-32-10_test_86302_SHIFT,random-32-32-10,16,test,86302,True,WAIT,original_R8,41,0,False,11687763543/2000000,18,0,0,0,0,0,0,146,0,118.78726730201743,
random-32-32-10_test_86302_SHIFT,random-32-32-10,16,test,86302,True,condition,original_R8,44,16,False,11522720543/2000000,1,1,1,0,1,15,9,55,55,92.31363480500295,
random-32-32-10_test_86302_SHIFT,random-32-32-10,16,test,86302,True,paced_condition,original_R8,41,16,False,11628728633/2000000,4,4,2,0,2,14,8,91,91,114.3054448920011,
random-32-32-10_test_86302_SHIFT,random-32-32-10,16,test,86302,True,paced_ridge_history,original_R8,41,16,False,11661426231/2000000,3,3,3,1,2,14,12,123,94,108.51998338100384,
random-32-32-10_test_86302_SHIFT,random-32-32-10,16,test,86302,True,paced_ridge_nohistory,original_R8,41,16,False,11661426231/2000000,2,2,2,0,2,14,9,114,93,103.25122294801986,
random-32-32-10_train_86101,random-32-32-10,16,train,86101,False,WAIT,original_R8,39,0,False,2284916573/400000,5,0,0,0,0,0,0,51,0,43.16287085899967,
random-32-32-10_train_86101,random-32-32-10,16,train,86101,False,probe_10_5,original_R8,39,1,False,2284916573/400000,5,0,0,0,0,1,1,51,1,72.89635970399831,
random-32-32-10_train_86101,random-32-32-10,16,train,86101,False,probe_11_12,original_R8,39,1,False,2284916573/400000,5,0,0,0,0,1,0,49,1,73.28181136597414,
random-32-32-10_train_86101,random-32-32-10,16,train,86101,False,probe_18_2,original_R8,39,1,False,2284916573/400000,3,0,0,0,0,1,0,45,1,72.58815635999781,
random-32-32-10_train_86101,random-32-32-10,16,train,86101,False,probe_19_2,original_R8,39,1,False,2284916573/400000,3,0,0,0,0,1,0,46,1,72.19954544398934,
random-32-32-10_train_86101,random-32-32-10,16,train,86101,False,probe_1_12,original_R8,39,1,False,11418763007/2000000,5,0,0,0,0,1,1,51,1,60.38383802698809,
random-32-32-10_train_86101,random-32-32-10,16,train,86101,False,probe_23_12,original_R8,39,1,False,2284916573/400000,4,1,1,0,1,0,0,46,1,68.78888391298824,
random-32-32-10_train_86101,random-32-32-10,16,train,86101,False,probe_23_2,original_R8,40,1,False,1426032597/250000,1,1,1,0,1,0,1,57,1,74.56257597001968,
random-32-32-10_train_86101,random-32-32-10,16,train,86101,False,probe_24_12,original_R8,39,1,False,2284916573/400000,5,2,2,1,1,0,0,47,1,62.50561284000287,
random-32-32-10_train_86101,random-32-32-10,16,train,86101,False,probe_24_2,original_R8,40,1,False,228185501/40000,2,2,2,1,1,0,1,63,1,74.69686072602053,
random-32-32-10_train_86101,random-32-32-10,16,train,86101,False,probe_2_12,original_R8,39,1,False,2283822137/400000,5,0,0,0,0,1,1,52,1,77.77059987399844,
random-32-32-10_train_86101,random-32-32-10,16,train,86101,False,probe_38_2,original_R8,39,1,False,2284916573/400000,5,2,2,2,0,1,0,48,1,63.649983206007164,
random-32-32-10_train_86101,random-32-32-10,16,train,86101,False,probe_39_2,original_R8,40,1,False,5705522693/1000000,2,2,2,2,0,1,1,56,1,66.95445463099168,
random-32-32-10_train_86101,random-32-32-10,16,train,86101,False,probe_44_10,original_R8,39,1,False,2284916573/400000,3,3,3,2,1,0,0,49,1,58.883936278987676,
random-32-32-10_train_86101,random-32-32-10,16,train,86101,False,probe_44_14,original_R8,39,1,False,2284916573/400000,3,3,3,2,1,0,0,49,1,65.00582895902335,
random-32-32-10_train_86101,random-32-32-10,16,train,86101,False,probe_45_10,original_R8,39,1,False,2284916573/400000,4,4,4,3,1,0,0,50,1,60.645819564990234,
random-32-32-10_train_86101,random-32-32-10,16,train,86101,False,probe_45_14,original_R8,39,1,False,2284916573/400000,4,4,4,3,1,0,0,50,1,60.16996022098465,
random-32-32-10_train_86102,random-32-32-10,16,train,86102,False,WAIT,original_R8,41,0,False,11774822039/2000000,0,0,0,0,0,0,0,53,0,55.722677957004635,
random-32-32-10_train_86102,random-32-32-10,16,train,86102,False,probe_18_1,original_R8,42,1,False,2946718381/500000,1,0,0,0,0,1,1,60,1,86.92872774897842,
random-32-32-10_train_86102,random-32-32-10,16,train,86102,False,probe_19_1,original_R8,41,1,False,11774822039/2000000,0,0,0,0,0,1,1,52,1,87.07181977000437,
random-32-32-10_train_86102,random-32-32-10,16,train,86102,False,probe_1_10,original_R8,41,1,False,11774822039/2000000,0,0,0,0,0,1,0,49,1,82.27569597499678,
random-32-32-10_train_86102,random-32-32-10,16,train,86102,False,probe_25_9,original_R8,41,1,False,11774822039/2000000,0,0,0,0,0,1,0,49,1,88.97407462500269,
random-32-32-10_train_86102,random-32-32-10,16,train,86102,False,probe_26_9,original_R8,41,1,False,11774822039/2000000,0,0,0,0,0,1,0,50,1,84.15792514500208,
random-32-32-10_train_86102,random-32-32-10,16,train,86102,False,probe_2_10,original_R8,41,1,False,11774822039/2000000,0,0,0,0,0,1,0,50,1,84.88605821999954,
random-32-32-10_train_86102,random-32-32-10,16,train,86102,False,probe_46_13,original_R8,41,1,False,11774822039/2000000,0,0,0,0,0,1,1,54,1,85.69424105400685,
random-32-32-10_train_86102,random-32-32-10,16,train,86102,False,probe_47_8,original_R8,41,1,False,11774822039/2000000,0,0,0,0,0,1,1,53,1,85.20139336801367,
random-32-32-10_train_86103,random-32-32-10,16,train,86103,False,WAIT,original_R8,48,0,False,5285577257/1000000,3,0,0,0,0,0,0,84,0,79.02883836301044,
random-32-32-10_train_86103,random-32-32-10,16,train,86103,False,probe_13_2,original_R8,48,1,False,5285577257/1000000,3,0,0,0,0,1,1,85,1,115.09516946400981,
random-32-32-10_train_86103,random-32-32-10,16,train,86103,False,probe_14_2,original_R8,48,1,False,5285577257/1000000,3,0,0,0,0,1,1,86,1,114.34175066600437,
random-32-32-10_train_86103,random-32-32-10,16,train,86103,False,probe_1_9,original_R8,48,1,False,10521077589/2000000,2,0,0,0,0,1,1,59,1,105.57159778801724,
random-32-32-10_train_86103,random-32-32-10,16,train,86103,False,probe_29_4,original_R8,48,1,False,5285577257/1000000,3,0,0,0,0,1,1,80,1,118.49326453800313,
random-32-32-10_train_86103,random-32-32-10,16,train,86103,False,probe_2_3,original_R8,48,1,False,5285577257/1000000,3,0,0,0,0,1,0,81,1,114.69616129700444,
random-32-32-10_train_86103,random-32-32-10,16,train,86103,False,probe_30_4,original_R8,48,1,False,5285577257/1000000,3,0,0,0,0,1,1,77,1,108.59923512898968,
random-32-32-10_train_86103,random-32-32-10,16,train,86103,False,probe_53_8,original_R8,48,1,False,5285577257/1000000,1,1,1,0,1,0,1,86,1,115.26444456801983,
random-32-32-10_train_86103,random-32-32-10,16,train,86103,False,probe_53_9,original_R8,48,1,False,5285577257/1000000,1,1,1,0,1,0,1,86,1,112.82439831699594,
random-32-32-10_train_86103,random-32-32-10,16,train,86103,False,probe_54_8,original_R8,48,1,False,5285577257/1000000,2,2,2,1,1,0,1,86,1,114.95886575698387,
random-32-32-10_train_86103,random-32-32-10,16,train,86103,False,probe_54_9,original_R8,48,1,False,5285577257/1000000,2,2,2,1,1,0,1,86,1,118.88976993100368,
random-32-32-10_train_86103,random-32-32-10,16,train,86103,False,probe_63_13,original_R8,48,1,False,5285577257/1000000,3,3,3,3,0,1,0,79,1,116.88261282999883,
random-32-32-10_train_86103,random-32-32-10,16,train,86103,False,probe_64_13,original_R8,48,1,False,5285577257/1000000,3,3,3,3,0,1,0,80,1,117.4983792299754,
empty-32-32_scale_85401_IID,empty-32-32,32,scale,85401,False,RR,scale_guard_successor,85,16,False,1167540717/100000,56,2,2,0,2,14,9,380,380,294.0495694660058,
empty-32-32_scale_85401_IID,empty-32-32,32,scale,85401,False,WAIT,scale_guard_successor,86,0,False,4661646187/400000,53,0,0,0,0,0,0,372,0,250.14715952501865,
empty-32-32_scale_85401_IID,empty-32-32,32,scale,85401,False,condition,scale_guard_successor,85,16,False,1167540717/100000,56,2,2,0,2,14,9,380,380,295.7154757360113,
empty-32-32_scale_85401_IID,empty-32-32,32,scale,85401,False,paced_condition,scale_guard_successor,86,16,False,4680714433/400000,66,64,1,0,1,15,7,404,404,302.3666135109961,
empty-32-32_scale_85401_IID,empty-32-32,32,scale,85401,False,paced_ridge_history,scale_guard_successor,85,16,False,1461232211/125000,70,65,2,0,2,14,13,427,346,278.715364986012,
empty-32-32_scale_85401_IID,empty-32-32,32,scale,85401,False,paced_ridge_nohistory,scale_guard_successor,85,16,False,11689310471/1000000,71,63,1,0,1,15,12,431,351,282.075302518002,
random-32-32-10_scale_86401_IID,random-32-32-10,32,scale,86401,False,RR,scale_guard_successor,85,16,False,23588538611/2000000,85,1,1,0,1,15,12,374,374,241.67890742997406,
random-32-32-10_scale_86401_IID,random-32-32-10,32,scale,86401,False,WAIT,scale_guard_successor,85,0,False,23594901211/2000000,100,0,0,0,0,0,0,431,0,252.7426813459897,
random-32-32-10_scale_86401_IID,random-32-32-10,32,scale,86401,False,condition,scale_guard_successor,85,16,False,23588538611/2000000,85,1,1,0,1,15,12,374,374,221.5947259539971,
random-32-32-10_scale_86401_IID,random-32-32-10,32,scale,86401,False,paced_condition,scale_guard_successor,83,16,False,5902785513/500000,74,55,2,0,2,14,8,371,371,218.3057687499968,
random-32-32-10_scale_86401_IID,random-32-32-10,32,scale,86401,False,paced_ridge_history,scale_guard_successor,81,16,False,5958011393/500000,56,40,1,0,1,15,12,399,331,220.1232768209884,
random-32-32-10_scale_86401_IID,random-32-32-10,32,scale,86401,False,paced_ridge_nohistory,scale_guard_successor,83,16,False,472245021/40000,74,54,6,2,4,12,14,373,297,200.45259552900097,
