case,status,objective,vertices,type2,changed_groups,solver_seconds,author_wall_seconds,rows,cols,binary_vars,max_seconds,production_cost
mini_high_progress,OPTIMAL,12.339999999999998,14,1,0,0.018508324996219017,1.0542672399897128,30,29,1,60,
mini_low_progress,OPTIMAL,13.240000000083818,14,1,1,0.004816290005692281,0.009317758987890556,30,29,1,60,
mini_measured,OPTIMAL,13.240000000037252,14,1,1,0.0048024560092017055,0.00988731200050097,30,29,1,60,
mini_measured_history_rate,OPTIMAL,14.240000000037252,14,1,1,0.013787030999083072,1.5250571020005737,30,29,1,60,
mini_public_elapsed,OPTIMAL,12.739999999999998,14,1,0,0.004640810991986655,0.00943747600831557,30,29,1,60,
mini_public_history,OPTIMAL,13.04,14,1,0,0.003847015992505476,0.00820280700281728,30,29,1,60,
mini_public_history_rate,OPTIMAL,14.240000000037252,14,1,1,0.013301490995218046,2.2478815340000438,30,29,1,60,
mini_stub,OPTIMAL,13.239999999999998,14,1,0,0.004399360012030229,0.0093265259929467,30,29,1,60,
official_test_patched,OPTIMAL,30.399999999999995,24,7,0,0.017910797003423795,2.3339912819938036,58,49,1,60,
official_test_staged,OPTIMAL,30.399999999999995,24,7,0,0.020084363990463316,1.1804396599909524,58,49,1,60,
warehouse_measured_patched,OPTIMAL,10962.883333333328,10743,15789,0,0.5565444189996924,7.030592659997637,37277,21488,2,60,
warehouse_public_patched,OPTIMAL,10962.799999999994,10743,15789,0,0.5833735369960777,6.85361184598878,37277,21488,2,60,
